카탈로그공급사,카탈로그품목,구분,원산지,매칭상태,신뢰도,적재여부,매칭원료,기존공급사,기존단가
BTC,Supro 661 (단백질),고시형,미국산,신규(DB에 없음),,적재,,,
BTC,Supro XT 221D (단백질),고시형,미국산,신규(DB에 없음),,적재,,,
BTC,Supro Nugget 309 (단백질),고시형,미국산,신규(DB에 없음),,적재,,,
BTC,홍삼농축액 8 (홍삼),고시형,BTC(국내산),★공급사 미상 → 후보,높음,적재,홍삼농축액,공급사 미상(source21),170000
BTC,홍삼농축액 8 (홍삼),고시형,BTC(국내산),★공급사 미상 → 후보,높음,적재,홍삼농축액(6년근),공급사 미상(source21),210000
BTC,홍삼농축액 8 (홍삼),고시형,BTC(국내산),타공급사 보유,높음,적재,홍삼농축액(6년근),현대바이오랜드,210000
BTC,홍삼농축액 8 (홍삼),고시형,BTC(국내산),타공급사 보유,높음,적재,홍삼농축액,선일에프앤비,123000
BTC,홍삼농축액 8 (홍삼),고시형,BTC(국내산),타공급사 보유,높음,적재,홍삼농축액,선일에프앤비,145000
BTC,홍삼농축액 10 (홍삼),고시형,BTC(국내산),★공급사 미상 → 후보,높음,적재,홍삼농축액,공급사 미상(source21),170000
BTC,홍삼농축액 10 (홍삼),고시형,BTC(국내산),★공급사 미상 → 후보,높음,적재,홍삼농축액(6년근),공급사 미상(source21),210000
BTC,홍삼농축액 10 (홍삼),고시형,BTC(국내산),타공급사 보유,높음,적재,홍삼농축액(6년근),현대바이오랜드,210000
BTC,홍삼농축액 10 (홍삼),고시형,BTC(국내산),타공급사 보유,높음,적재,홍삼농축액,선일에프앤비,123000
BTC,홍삼농축액 10 (홍삼),고시형,BTC(국내산),타공급사 보유,높음,적재,홍삼농축액,선일에프앤비,145000
BTC,홍삼농축액 12 (홍삼),고시형,BTC(국내산),★공급사 미상 → 후보,높음,적재,홍삼농축액,공급사 미상(source21),170000
BTC,홍삼농축액 12 (홍삼),고시형,BTC(국내산),★공급사 미상 → 후보,높음,적재,홍삼농축액(6년근),공급사 미상(source21),210000
BTC,홍삼농축액 12 (홍삼),고시형,BTC(국내산),타공급사 보유,높음,적재,홍삼농축액(6년근),현대바이오랜드,210000
BTC,홍삼농축액 12 (홍삼),고시형,BTC(국내산),타공급사 보유,높음,적재,홍삼농축액,선일에프앤비,123000
BTC,홍삼농축액 12 (홍삼),고시형,BTC(국내산),타공급사 보유,높음,적재,홍삼농축액,선일에프앤비,145000
BTC,홍삼농축액 C (홍삼),고시형,BTC(국내산),★공급사 미상 → 후보,높음,적재,홍삼농축액,공급사 미상(source21),170000
BTC,홍삼농축액 C (홍삼),고시형,BTC(국내산),★공급사 미상 → 후보,높음,적재,홍삼농축액(6년근),공급사 미상(source21),210000
BTC,홍삼농축액 C (홍삼),고시형,BTC(국내산),타공급사 보유,높음,적재,홍삼농축액(6년근),현대바이오랜드,210000
BTC,홍삼농축액 C (홍삼),고시형,BTC(국내산),타공급사 보유,높음,적재,홍삼농축액,선일에프앤비,123000
BTC,홍삼농축액 C (홍삼),고시형,BTC(국내산),타공급사 보유,높음,적재,홍삼농축액,선일에프앤비,145000
BTC,홍삼농축액분말 13 (홍삼),고시형,BTC(국내산),★공급사 미상 → 후보,높음,적재,홍삼농축액분말(4년근),공급사 미상(source21),310000
BTC,홍삼농축액분말 13 (홍삼),고시형,BTC(국내산),★공급사 미상 → 후보,높음,적재,홍삼농축액분말(6년근),공급사 미상(source21),330000
BTC,홍삼농축액분말 13 (홍삼),고시형,BTC(국내산),타공급사 보유,높음,적재,홍삼농축액분말(4년근),현대바이오랜드,310000
BTC,홍삼농축액분말 13 (홍삼),고시형,BTC(국내산),타공급사 보유,높음,적재,홍삼농축액분말(6년근),현대바이오랜드,330000
BTC,홍삼농축액분말 13 (홍삼),고시형,BTC(국내산),★공급사 미상 → 후보,보통,적재,홍삼농축액,공급사 미상(source21),170000
BTC,홍삼농축액분말 13 (홍삼),고시형,BTC(국내산),★공급사 미상 → 후보,보통,적재,홍삼농축액(6년근),공급사 미상(source21),210000
BTC,홍삼농축액분말 13 (홍삼),고시형,BTC(국내산),타공급사 보유,보통,적재,홍삼농축액(6년근),현대바이오랜드,210000
BTC,홍삼농축액분말 13 (홍삼),고시형,BTC(국내산),타공급사 보유,보통,적재,홍삼농축액,선일에프앤비,123000
BTC,홍삼농축액분말 13 (홍삼),고시형,BTC(국내산),타공급사 보유,보통,적재,홍삼농축액,선일에프앤비,145000
BTC,홍삼농축액분말 16 (홍삼),고시형,BTC(국내산),★공급사 미상 → 후보,높음,적재,홍삼농축액분말(4년근),공급사 미상(source21),310000
BTC,홍삼농축액분말 16 (홍삼),고시형,BTC(국내산),★공급사 미상 → 후보,높음,적재,홍삼농축액분말(6년근),공급사 미상(source21),330000
BTC,홍삼농축액분말 16 (홍삼),고시형,BTC(국내산),타공급사 보유,높음,적재,홍삼농축액분말(4년근),현대바이오랜드,310000
BTC,홍삼농축액분말 16 (홍삼),고시형,BTC(국내산),타공급사 보유,높음,적재,홍삼농축액분말(6년근),현대바이오랜드,330000
BTC,홍삼농축액분말 16 (홍삼),고시형,BTC(국내산),★공급사 미상 → 후보,보통,적재,홍삼농축액,공급사 미상(source21),170000
BTC,홍삼농축액분말 16 (홍삼),고시형,BTC(국내산),★공급사 미상 → 후보,보통,적재,홍삼농축액(6년근),공급사 미상(source21),210000
BTC,홍삼농축액분말 16 (홍삼),고시형,BTC(국내산),타공급사 보유,보통,적재,홍삼농축액(6년근),현대바이오랜드,210000
BTC,홍삼농축액분말 16 (홍삼),고시형,BTC(국내산),타공급사 보유,보통,적재,홍삼농축액,선일에프앤비,123000
BTC,홍삼농축액분말 16 (홍삼),고시형,BTC(국내산),타공급사 보유,보통,적재,홍삼농축액,선일에프앤비,145000
BTC,홍삼농축액분말 20 (홍삼),고시형,BTC(국내산),★공급사 미상 → 후보,높음,적재,홍삼농축액분말(4년근),공급사 미상(source21),310000
BTC,홍삼농축액분말 20 (홍삼),고시형,BTC(국내산),★공급사 미상 → 후보,높음,적재,홍삼농축액분말(6년근),공급사 미상(source21),330000
BTC,홍삼농축액분말 20 (홍삼),고시형,BTC(국내산),타공급사 보유,높음,적재,홍삼농축액분말(4년근),현대바이오랜드,310000
BTC,홍삼농축액분말 20 (홍삼),고시형,BTC(국내산),타공급사 보유,높음,적재,홍삼농축액분말(6년근),현대바이오랜드,330000
BTC,홍삼농축액분말 20 (홍삼),고시형,BTC(국내산),★공급사 미상 → 후보,보통,적재,홍삼농축액,공급사 미상(source21),170000
BTC,홍삼농축액분말 20 (홍삼),고시형,BTC(국내산),★공급사 미상 → 후보,보통,적재,홍삼농축액(6년근),공급사 미상(source21),210000
BTC,홍삼농축액분말 20 (홍삼),고시형,BTC(국내산),타공급사 보유,보통,적재,홍삼농축액(6년근),현대바이오랜드,210000
BTC,홍삼농축액분말 20 (홍삼),고시형,BTC(국내산),타공급사 보유,보통,적재,홍삼농축액,선일에프앤비,123000
BTC,홍삼농축액분말 20 (홍삼),고시형,BTC(국내산),타공급사 보유,보통,적재,홍삼농축액,선일에프앤비,145000
BTC,발효홍삼농축액B (발효 홍삼),고시형,BTC(국내산),★공급사 미상 → 후보,높음,적재,발효홍삼농축액(6년근),공급사 미상(source21),250000
BTC,발효홍삼농축액B (발효 홍삼),고시형,BTC(국내산),타공급사 보유,높음,적재,발효홍삼농축액(6년근),현대바이오랜드,250000
BTC,발효홍삼농축액B (발효 홍삼),고시형,BTC(국내산),★공급사 미상 → 후보,보통,적재,홍삼농축액,공급사 미상(source21),170000
BTC,발효홍삼농축액B (발효 홍삼),고시형,BTC(국내산),★공급사 미상 → 후보,보통,적재,홍삼농축액(6년근),공급사 미상(source21),210000
BTC,발효홍삼농축액B (발효 홍삼),고시형,BTC(국내산),타공급사 보유,보통,적재,홍삼농축액(6년근),현대바이오랜드,210000
BTC,발효홍삼농축액B (발효 홍삼),고시형,BTC(국내산),타공급사 보유,보통,적재,홍삼농축액,선일에프앤비,123000
BTC,발효홍삼농축액B (발효 홍삼),고시형,BTC(국내산),타공급사 보유,보통,적재,홍삼농축액,선일에프앤비,145000
BTC,발효홍삼농축액분말 (발효 홍삼),고시형,BTC(국내산),★공급사 미상 → 후보,확실,적재,발효홍삼농축액분말(6년근),공급사 미상(source21),260000
BTC,발효홍삼농축액분말 (발효 홍삼),고시형,BTC(국내산),타공급사 보유,확실,적재,발효홍삼농축액분말(6년근),현대바이오랜드,260000
BTC,발효홍삼농축액분말 (발효 홍삼),고시형,BTC(국내산),★공급사 미상 → 후보,높음,적재,발효홍삼농축액(6년근),공급사 미상(source21),250000
BTC,발효홍삼농축액분말 (발효 홍삼),고시형,BTC(국내산),★공급사 미상 → 후보,높음,적재,홍삼농축액분말(4년근),공급사 미상(source21),310000
BTC,발효홍삼농축액분말 (발효 홍삼),고시형,BTC(국내산),★공급사 미상 → 후보,높음,적재,홍삼농축액분말(6년근),공급사 미상(source21),330000
BTC,발효홍삼농축액분말 (발효 홍삼),고시형,BTC(국내산),타공급사 보유,높음,적재,홍삼농축액분말(4년근),현대바이오랜드,310000
BTC,발효홍삼농축액분말 (발효 홍삼),고시형,BTC(국내산),타공급사 보유,높음,적재,홍삼농축액분말(6년근),현대바이오랜드,330000
BTC,발효홍삼농축액분말 (발효 홍삼),고시형,BTC(국내산),타공급사 보유,높음,적재,발효홍삼농축액(6년근),현대바이오랜드,250000
BTC,발효홍삼농축액분말 (발효 홍삼),고시형,BTC(국내산),★공급사 미상 → 후보,보통,적재,홍삼농축액,공급사 미상(source21),170000
BTC,발효홍삼농축액분말 (발효 홍삼),고시형,BTC(국내산),★공급사 미상 → 후보,보통,적재,홍삼농축액(6년근),공급사 미상(source21),210000
BTC,발효홍삼농축액분말 (발효 홍삼),고시형,BTC(국내산),타공급사 보유,보통,적재,홍삼농축액(6년근),현대바이오랜드,210000
BTC,발효홍삼농축액분말 (발효 홍삼),고시형,BTC(국내산),타공급사 보유,보통,적재,홍삼농축액,선일에프앤비,123000
BTC,발효홍삼농축액분말 (발효 홍삼),고시형,BTC(국내산),타공급사 보유,보통,적재,홍삼농축액,선일에프앤비,145000
BTC,흑삼농축액 7 (흑삼),고시형,BTC(국내산),신규(DB에 없음),,적재,,,
BTC,흑삼농축액 15 (흑삼),고시형,BTC(국내산),신규(DB에 없음),,적재,,,
BTC,Soy SBT (대두이소플라본),고시형,국내산,신규(DB에 없음),,적재,,,
BTC,바나바추출분말 1% (바나바잎추출물),고시형,인도산,신규(DB에 없음),,적재,,,
BTC,은행잎추출분말 (은행잎추출물),고시형,중국산,★공급사 미상 → 후보,확실,적재,은행잎추출분말 24%,공급사 미상(source21),185000
BTC,밀크씨슬 (밀크씨슬 추출물),고시형,폴란드산,★공급사 미상 → 후보,확실,적재,밀크씨슬,공급사 미상(source21),98000
BTC,밀크씨슬 (밀크씨슬 추출물),고시형,폴란드산,★공급사 미상 → 후보,확실,적재,밀크씨슬,공급사 미상(source21),72000
BTC,밀크씨슬 (밀크씨슬 추출물),고시형,폴란드산,★공급사 미상 → 후보,확실,적재,밀크씨슬(유기농),공급사 미상(source21),390000
BTC,밀크씨슬 (밀크씨슬 추출물),고시형,폴란드산,★공급사 미상 → 후보,확실,적재,밀크씨슬(유기농),공급사 미상(source21),450000
BTC,밀크씨슬 (밀크씨슬 추출물),고시형,폴란드산,타공급사 보유,확실,적재,밀크씨슬(유기농밀크씨슬분말),태성,22000
BTC,밀크씨슬 (밀크씨슬 추출물),고시형,폴란드산,타공급사 보유,보통,적재,밀크씨슬추출물,제일,100000
BTC,밀크씨슬 (밀크씨슬 추출물),고시형,폴란드산,타공급사 보유,보통,적재,밀크씨슬추출물,제일,95000
BTC,달맞이꽃종자유 (달맞이꽃종자추출물),고시형,네덜란드산,타공급사 보유,확실,적재,달맞이꽃 종자유,하이베이스,50000
BTC,달맞이꽃종자유 (달맞이꽃종자추출물),고시형,네덜란드산,타공급사 보유,확실,적재,(유기농) 달맞이꽃종자유,제일,105000
BTC,EE400300 (오메가3),고시형,Golden Omega(칠레산),신규(DB에 없음),,적재,,,
BTC,TG360240 (오메가3),고시형,Golden Omega(칠레산),신규(DB에 없음),,적재,,,
BTC,TG400300 (오메가3),고시형,Golden Omega(칠레산),신규(DB에 없음),,적재,,,
BTC,정제어유분말 (오메가3),고시형,대만산,신규(DB에 없음),,적재,,,
BTC,식물스테롤에스테르 (식물스테롤),고시형,스페인산,★공급사 미상 → 후보,보통,적재,식물스테롤,공급사 미상(source21),65000
BTC,식물스테롤에스테르 (식물스테롤),고시형,스페인산,★공급사 미상 → 후보,보통,적재,식물스테롤,공급사 미상(source21),75000
BTC,식물스테롤에스테르 (식물스테롤),고시형,스페인산,타공급사 보유,보통,적재,식물스테롤,하이베이스,65000
BTC,식물스테롤에스테르 (식물스테롤),고시형,스페인산,타공급사 보유,보통,적재,식물스테롤,하이베이스,75000
BTC,식물스테롤 분말 (식물스테롤),고시형,인도산,★공급사 미상 → 후보,높음,적재,식물스테롤,공급사 미상(source21),65000
BTC,식물스테롤 분말 (식물스테롤),고시형,인도산,★공급사 미상 → 후보,높음,적재,식물스테롤,공급사 미상(source21),75000
BTC,식물스테롤 분말 (식물스테롤),고시형,인도산,타공급사 보유,높음,적재,식물스테롤,하이베이스,65000
BTC,식물스테롤 분말 (식물스테롤),고시형,인도산,타공급사 보유,높음,적재,식물스테롤,하이베이스,75000
BTC,옥타코사놀 알 (옥타코사놀 함유 유지),고시형,미국산,★공급사 미상 → 후보,높음,적재,옥타코사놀,공급사 미상(source21),720000
BTC,옥타코사놀 알 (옥타코사놀 함유 유지),고시형,미국산,타공급사 보유,높음,적재,옥타코사놀 60%,제일,650000
BTC,가르시니아(수용성) (가르시니아캄보지아),고시형,인도산,★공급사 미상 → 후보,보통,적재,가르시니아캄보지아,공급사 미상(source21),42000
BTC,가르시니아(수용성) (가르시니아캄보지아),고시형,인도산,★공급사 미상 → 후보,보통,적재,가르시니아캄보지아,공급사 미상(source21),32000
BTC,가르시나아(불용성) (가르시니아캄보지아),고시형,인도산,신규(DB에 없음),,적재,,,
BTC,루테인 (마리골드꽃 추출물),고시형,인도산,★공급사 미상 → 후보,확실,적재,루테인,공급사 미상(source21),180000
BTC,루테인 (마리골드꽃 추출물),고시형,인도산,★공급사 미상 → 후보,확실,적재,루테인,공급사 미상(source21),150000
BTC,AstaZine (헤마토코쿠스 추출물),고시형,미국산,신규(DB에 없음),,적재,,,
BTC,BioPS (포스파티딜세린),고시형,중국산,신규(DB에 없음),,적재,,,
BTC,그린엔에이지-에스 (NAG),고시형,국내산,신규(DB에 없음),,적재,,,
BTC,유기농알로에베라겔분말 200:1 (알로에 겔),고시형,멕시코,신규(DB에 없음),,적재,,,
BTC,키토산,고시형,베트남산,★공급사 미상 → 후보,확실,적재,키토산,공급사 미상(source21),45000
BTC,키토산,고시형,베트남산,타공급사 보유,확실,적재,키토산,제일,36000
BTC,키토산,고시형,베트남산,★공급사 미상 → 후보,보통,적재,키토산분말,공급사 미상(source21),58000
BTC,테아닌 T (테아닌),고시형,중국산,★공급사 미상 → 후보,높음,적재,테아닌,공급사 미상(source21),100000
BTC,테아닌 T (테아닌),고시형,중국산,타공급사 보유,높음,적재,테아닌(L)98%,ambe,67165
BTC,테아닌 T (테아닌),고시형,중국산,타공급사 보유,높음,적재,테아닌,성원에프엔비,65000
BTC,회화나무열매추출물,고시형,인도산,신규(DB에 없음),,적재,,,
BTC,콜레우스 (콜레우스포스콜리추추물),고시형,인도산,신규(DB에 없음),,적재,,,
BTC,진생베리농축액 (진생베리),고시형,BTC(국내산),신규(DB에 없음),,적재,,,
BTC,진생베리농축액분말 (진생베리),고시형,BTC(국내산),신규(DB에 없음),,적재,,,
BTC,Testofen (호로파종자추출물),개별인정형,인도산,신규(DB에 없음),,적재,,,
BTC,애플페논(Applephenon) (풋사과추출물),개별인정형,중국산,신규(DB에 없음),,적재,,,
BTC,ProLastin (엘라스틴),일반식품,프랑스산,신규(DB에 없음),,적재,,,
BTC,Peptan (피쉬콜라겐),일반식품,프랑스산,신규(DB에 없음),,적재,,,
BTC,Actazin (그린키위동결건조분말),일반식품,뉴질랜드산,신규(DB에 없음),,적재,,,
BTC,Livaux (골드키위동결건조분말),일반식품,뉴질랜드산,신규(DB에 없음),,적재,,,
BTC,berriqi (보이젠베리 추출분말),일반식품,뉴질랜드산,신규(DB에 없음),,적재,,,
BTC,Mucosave (올리브잎선인장혼합분말),일반식품,이탈리아산,신규(DB에 없음),,적재,,,
BTC,Cognigrape (적포도추출물),일반식품,이탈리아산,신규(DB에 없음),,적재,,,
BTC,Altilix (아티초크추출물),일반식품,이탈리아산,신규(DB에 없음),,적재,,,
BTC,Epicor (효모추출분말),일반식품,미국산,신규(DB에 없음),,적재,,,
BTC,prOATein (귀리단백),일반식품,스웨덴산,신규(DB에 없음),,적재,,,
BTC,유기농새싹보리분말,일반식품,국내산,타공급사 보유,보통,적재,새싹보리분말,하이베이스,17000
BTC,Corebeans (덩굴팥추출분말),일반식품,,신규(DB에 없음),,적재,,,
BTC,글루타치온 50%,일반식품,중국산,★공급사 미상 → 후보,확실,적재,글루타치온(캐나다),공급사 미상(source21),450000
BTC,글루타치온 50%,일반식품,중국산,★공급사 미상 → 후보,확실,적재,글루타치온(14%)(스위스),공급사 미상(source21),180000
BTC,글루타치온 50%,일반식품,중국산,★공급사 미상 → 후보,확실,적재,글루타치온,공급사 미상(source21),350000
BTC,글루타치온 50%,일반식품,중국산,타공급사 보유,확실,적재,글루타치온 85%,뉴다바이오,800000
BTC,글루타치온 50%,일반식품,중국산,타공급사 보유,확실,적재,글루타치온(50%),태성,320000
BTC,글루타치온 50%,일반식품,중국산,타공급사 보유,확실,적재,글루타치온,하람,380000
BTC,글루타치온 50%,일반식품,중국산,★공급사 미상 → 후보,확실,적재,글루타치온50%,공급사 미상(source21),380000
BTC,글루타치온 50%,일반식품,중국산,★공급사 미상 → 후보,확실,적재,글루타치온50%,공급사 미상(source21),250000
BTC,글루타치온 50%,일반식품,중국산,타공급사 보유,확실,적재,글루타치온 50%(영국산),원아,265000
BTC,글루타치온 50%,일반식품,중국산,타공급사 보유,확실,적재,글루타치온 50%(미국),원아,230000
BTC,글루타치온 50%,일반식품,중국산,타공급사 보유,확실,적재,글루타치온98%,ambe,250000
BTC,글루타치온 50%,일반식품,중국산,타공급사 보유,확실,적재,글루타치온98%,SvAgro,250000
BTC,글루타치온 50%,일반식품,중국산,★공급사 미상 → 후보,보통,적재,글루타치온건조효모,공급사 미상(source21),31000
BTC,글루타치온 50%,일반식품,중국산,★공급사 미상 → 후보,보통,적재,글루타치온건조효모,공급사 미상(source21),160000
BTC,글루타치온 50%,일반식품,중국산,★공급사 미상 → 후보,보통,적재,글루타치온건조효모,공급사 미상(source21),220000
BTC,글루타치온 50%,일반식품,중국산,★공급사 미상 → 후보,보통,적재,글루타치온건조효모,공급사 미상(source21),680000
BTC,글루타치온 50%,일반식품,중국산,★공급사 미상 → 후보,보통,적재,글루타치온건조효모(리포조말)(미국),공급사 미상(source21),500000
BTC,글루타치온 50%,일반식품,중국산,★공급사 미상 → 후보,보통,적재,글루타치온건조효모(캐나다),공급사 미상(source21),400000
BTC,글루타치온 50%,일반식품,중국산,★공급사 미상 → 후보,보통,적재,글루타치온건조효모(50%)(네덜란드),공급사 미상(source21),370000
BTC,글루타치온 50%,일반식품,중국산,★공급사 미상 → 후보,보통,적재,글루타치온건조효모(85%)(인도산),공급사 미상(source21),380000
BTC,글루타치온 50%,일반식품,중국산,★공급사 미상 → 후보,보통,적재,글루타치온건조효모(50%인도산),공급사 미상(source21),280000
BTC,글루타치온 50%,일반식품,중국산,★공급사 미상 → 후보,보통,적재,글루타치온건조효모(리포조말)(미국),공급사 미상(source21),600000
BTC,글루타치온 50%,일반식품,중국산,★공급사 미상 → 후보,보통,적재,글루타치온건조효모(엥겔비타GSH),공급사 미상(source21),18000
BTC,글루타치온 50%,일반식품,중국산,★공급사 미상 → 후보,보통,적재,글루타치온(L)효모추출물,공급사 미상(source21),160000
BTC,글루타치온 75%,일반식품,인도산,★공급사 미상 → 후보,확실,적재,글루타치온(캐나다),공급사 미상(source21),450000
BTC,글루타치온 75%,일반식품,인도산,★공급사 미상 → 후보,확실,적재,글루타치온(14%)(스위스),공급사 미상(source21),180000
BTC,글루타치온 75%,일반식품,인도산,★공급사 미상 → 후보,확실,적재,글루타치온,공급사 미상(source21),350000
BTC,글루타치온 75%,일반식품,인도산,타공급사 보유,확실,적재,글루타치온 85%,뉴다바이오,800000
BTC,글루타치온 75%,일반식품,인도산,타공급사 보유,확실,적재,글루타치온(50%),태성,320000
BTC,글루타치온 75%,일반식품,인도산,타공급사 보유,확실,적재,글루타치온,하람,380000
BTC,글루타치온 75%,일반식품,인도산,★공급사 미상 → 후보,확실,적재,글루타치온50%,공급사 미상(source21),380000
BTC,글루타치온 75%,일반식품,인도산,★공급사 미상 → 후보,확실,적재,글루타치온50%,공급사 미상(source21),250000
BTC,글루타치온 75%,일반식품,인도산,타공급사 보유,확실,적재,글루타치온 50%(영국산),원아,265000
BTC,글루타치온 75%,일반식품,인도산,타공급사 보유,확실,적재,글루타치온 50%(미국),원아,230000
BTC,글루타치온 75%,일반식품,인도산,타공급사 보유,확실,적재,글루타치온98%,ambe,250000
BTC,글루타치온 75%,일반식품,인도산,타공급사 보유,확실,적재,글루타치온98%,SvAgro,250000
BTC,글루타치온 75%,일반식품,인도산,★공급사 미상 → 후보,보통,적재,글루타치온건조효모,공급사 미상(source21),31000
BTC,글루타치온 75%,일반식품,인도산,★공급사 미상 → 후보,보통,적재,글루타치온건조효모,공급사 미상(source21),160000
BTC,글루타치온 75%,일반식품,인도산,★공급사 미상 → 후보,보통,적재,글루타치온건조효모,공급사 미상(source21),220000
BTC,글루타치온 75%,일반식품,인도산,★공급사 미상 → 후보,보통,적재,글루타치온건조효모,공급사 미상(source21),680000
BTC,글루타치온 75%,일반식품,인도산,★공급사 미상 → 후보,보통,적재,글루타치온건조효모(리포조말)(미국),공급사 미상(source21),500000
BTC,글루타치온 75%,일반식품,인도산,★공급사 미상 → 후보,보통,적재,글루타치온건조효모(캐나다),공급사 미상(source21),400000
BTC,글루타치온 75%,일반식품,인도산,★공급사 미상 → 후보,보통,적재,글루타치온건조효모(50%)(네덜란드),공급사 미상(source21),370000
BTC,글루타치온 75%,일반식품,인도산,★공급사 미상 → 후보,보통,적재,글루타치온건조효모(85%)(인도산),공급사 미상(source21),380000
BTC,글루타치온 75%,일반식품,인도산,★공급사 미상 → 후보,보통,적재,글루타치온건조효모(50%인도산),공급사 미상(source21),280000
BTC,글루타치온 75%,일반식품,인도산,★공급사 미상 → 후보,보통,적재,글루타치온건조효모(리포조말)(미국),공급사 미상(source21),600000
BTC,글루타치온 75%,일반식품,인도산,★공급사 미상 → 후보,보통,적재,글루타치온건조효모(엥겔비타GSH),공급사 미상(source21),18000
BTC,글루타치온 75%,일반식품,인도산,★공급사 미상 → 후보,보통,적재,글루타치온(L)효모추출물,공급사 미상(source21),160000
BTC,Aquacelle EOC,일반식품,호주산,신규(DB에 없음),,적재,,,
바이오케어,발효녹용추출분말(100%),녹용제품,뉴질랜드,★공급사 미상 → 후보,높음,적재,녹용추출분말,공급사 미상(source21),140000
바이오케어,발효녹용추출분말(100%),녹용제품,뉴질랜드,★공급사 미상 → 후보,높음,적재,녹용추출분말,공급사 미상(source21),65000
바이오케어,발효녹용추출분말(100%),녹용제품,뉴질랜드,타공급사 보유,높음,적재,녹용추출분말,해찬솔,65000
바이오케어,발효녹용농축액,녹용제품,뉴질랜드,★공급사 미상 → 후보,높음,적재,녹용농축액,공급사 미상(source21),145000
바이오케어,발효녹용농축액,녹용제품,뉴질랜드,★공급사 미상 → 후보,높음,적재,녹용농축액,공급사 미상(source21),155000
바이오케어,녹용추출분말(100%),녹용제품,뉴질랜드,★공급사 미상 → 후보,확실,적재,녹용추출분말,공급사 미상(source21),140000
바이오케어,녹용추출분말(100%),녹용제품,뉴질랜드,★공급사 미상 → 후보,확실,적재,녹용추출분말,공급사 미상(source21),65000
바이오케어,녹용추출분말(100%),녹용제품,뉴질랜드,타공급사 보유,확실,적재,녹용추출분말,해찬솔,65000
바이오케어,녹용추출액,녹용제품,뉴질랜드,★공급사 미상 → 후보,확실,적재,녹용추출액,공급사 미상(source21),27000
바이오케어,녹용추출액,녹용제품,뉴질랜드,타공급사 보유,확실,적재,녹용추출액,해찬솔,27000
바이오케어,녹용농축액,녹용제품,뉴질랜드,★공급사 미상 → 후보,확실,적재,녹용농축액,공급사 미상(source21),145000
바이오케어,녹용농축액,녹용제품,뉴질랜드,★공급사 미상 → 후보,확실,적재,녹용농축액,공급사 미상(source21),155000
바이오케어,녹용분말(100%),녹용제품,뉴질랜드,신규(DB에 없음),,적재,,,
바이오케어,녹용(분골/상대/중대/하대),녹용제품,뉴질랜드,신규(DB에 없음),,적재,,,
바이오케어,발효녹용추출분말(100%),녹용제품,러시아,★공급사 미상 → 후보,높음,적재,녹용추출분말,공급사 미상(source21),140000
바이오케어,발효녹용추출분말(100%),녹용제품,러시아,★공급사 미상 → 후보,높음,적재,녹용추출분말,공급사 미상(source21),65000
바이오케어,발효녹용추출분말(100%),녹용제품,러시아,타공급사 보유,높음,적재,녹용추출분말,해찬솔,65000
바이오케어,발효녹용농축액,녹용제품,러시아,★공급사 미상 → 후보,높음,적재,녹용농축액,공급사 미상(source21),145000
바이오케어,발효녹용농축액,녹용제품,러시아,★공급사 미상 → 후보,높음,적재,녹용농축액,공급사 미상(source21),155000
바이오케어,녹용추출분말(100%),녹용제품,러시아,★공급사 미상 → 후보,확실,적재,녹용추출분말,공급사 미상(source21),140000
바이오케어,녹용추출분말(100%),녹용제품,러시아,★공급사 미상 → 후보,확실,적재,녹용추출분말,공급사 미상(source21),65000
바이오케어,녹용추출분말(100%),녹용제품,러시아,타공급사 보유,확실,적재,녹용추출분말,해찬솔,65000
바이오케어,녹용추출액,녹용제품,러시아,★공급사 미상 → 후보,확실,적재,녹용추출액,공급사 미상(source21),27000
바이오케어,녹용추출액,녹용제품,러시아,타공급사 보유,확실,적재,녹용추출액,해찬솔,27000
바이오케어,녹용농축액,녹용제품,러시아,★공급사 미상 → 후보,확실,적재,녹용농축액,공급사 미상(source21),145000
바이오케어,녹용농축액,녹용제품,러시아,★공급사 미상 → 후보,확실,적재,녹용농축액,공급사 미상(source21),155000
바이오케어,녹용분말(100%),녹용제품,러시아,신규(DB에 없음),,적재,,,
바이오케어,녹용(분골/상대/중대/하대),녹용제품,러시아,신규(DB에 없음),,적재,,,
바이오케어,갈근,생약원료,국산/수입,★공급사 미상 → 후보,보통,적재,갈근분말,공급사 미상(source21),14000
바이오케어,갈근,생약원료,국산/수입,★공급사 미상 → 후보,보통,적재,갈근분말,공급사 미상(source21),12000
바이오케어,갈근,생약원료,국산/수입,동일공급사 기등록,보통,적재,갈근분말,바이오케어,14000
바이오케어,갈근,생약원료,국산/수입,타공급사 보유,보통,적재,갈근분말,하이베이스,18000
바이오케어,갈근,생약원료,국산/수입,타공급사 보유,보통,적재,갈근분말,엘본에이치앤비,12000
바이오케어,갈근,생약원료,국산/수입,동일공급사 기등록,보통,적재,갈근분말,바이오케어,13500
바이오케어,감초,생약원료,국산/우즈벡,★공급사 미상 → 후보,확실,적재,감초(원물),공급사 미상(source21),50000
바이오케어,감초,생약원료,국산/우즈벡,★공급사 미상 → 후보,확실,적재,감초(원물)(우즈베키스탄),공급사 미상(source21),14000
바이오케어,감초,생약원료,국산/우즈벡,★공급사 미상 → 후보,보통,적재,감초분말,공급사 미상(source21),14000
바이오케어,감초,생약원료,국산/우즈벡,★공급사 미상 → 후보,보통,적재,감초분말,공급사 미상(source21),15000
바이오케어,강황,생약원료,인도,★공급사 미상 → 후보,확실,적재,강황(하이드로커큐민)(수용성),공급사 미상(source21),260000
바이오케어,건강,생약원료,국산/페루,동일공급사 기등록,보통,적재,건강분말,바이오케어,39000
바이오케어,건강,생약원료,국산/페루,동일공급사 기등록,보통,적재,건강분말,바이오케어,15000
바이오케어,계피,생약원료,베트남,신규(DB에 없음),,적재,,,
바이오케어,구기자,생약원료,국산/수입,★공급사 미상 → 후보,보통,적재,구기자분말,공급사 미상(source21),65000
바이오케어,구기자,생약원료,국산/수입,동일공급사 기등록,보통,적재,구기자분말,바이오케어,46000
바이오케어,구기자,생약원료,국산/수입,동일공급사 기등록,보통,적재,구기자분말,바이오케어,17000
바이오케어,구기자,생약원료,국산/수입,★공급사 미상 → 후보,보통,적재,구기자농축액,공급사 미상(source21),28000
바이오케어,구기자,생약원료,국산/수입,타공급사 보유,보통,적재,구기자농축액,해찬솔,28000
바이오케어,국화,생약원료,국산/수입,신규(DB에 없음),,적재,,,
바이오케어,길경(도라지),생약원료,국산,신규(DB에 없음),,적재,,,
바이오케어,꾸지뽕분말,생약원료,국산/수입,신규(DB에 없음),,적재,,,
바이오케어,녹용,생약원료,러시아/뉴질랜드,신규(DB에 없음),,적재,,,
바이오케어,녹차,생약원료,국산,★공급사 미상 → 후보,보통,적재,녹차분말,공급사 미상(source21),26000
바이오케어,녹차,생약원료,국산,★공급사 미상 → 후보,보통,적재,녹차분말,공급사 미상(source21),22000
바이오케어,녹차,생약원료,국산,타공급사 보유,보통,적재,녹차분말,하이베이스,19000
바이오케어,녹차,생약원료,국산,타공급사 보유,보통,적재,녹차분말,엘본에이치앤비,26000
바이오케어,녹차,생약원료,국산,동일공급사 기등록,보통,적재,녹차분말,바이오케어,22000
바이오케어,녹차,생약원료,국산,동일공급사 기등록,보통,적재,녹차분말,바이오케어,21000
바이오케어,눈꽃동충하초,생약원료,국산,★공급사 미상 → 후보,보통,적재,동충하초(밀라타리스),공급사 미상(source21),55000
바이오케어,당귀,생약원료,국산/수입,동일공급사 기등록,보통,적재,당귀분말,바이오케어,19500
바이오케어,당귀,생약원료,국산/수입,동일공급사 기등록,보통,적재,당귀분말,바이오케어,13600
바이오케어,대추,생약원료,국산/수입,신규(DB에 없음),,적재,,,
바이오케어,도라지,생약원료,국산/수입,★공급사 미상 → 후보,보통,적재,도라지원물,공급사 미상(source21),9000
바이오케어,도라지,생약원료,국산/수입,★공급사 미상 → 후보,보통,적재,도라지원물,공급사 미상(source21),23000
바이오케어,도라지,생약원료,국산/수입,★공급사 미상 → 후보,보통,적재,도라지추출물,공급사 미상(source21),21000
바이오케어,두충,생약원료,국산/수입,★공급사 미상 → 후보,보통,적재,두충분말,공급사 미상(source21),15000
바이오케어,맥문동,생약원료,국산/수입,★공급사 미상 → 후보,보통,적재,맥문동분말,공급사 미상(source21),33000
바이오케어,맥문동,생약원료,국산/수입,동일공급사 기등록,보통,적재,맥문동분말,바이오케어,33000
바이오케어,맥아,생약원료,국산,신규(DB에 없음),,적재,,,
바이오케어,배초향(곽향),생약원료,국산,신규(DB에 없음),,적재,,,
바이오케어,복령,생약원료,국산/수입,★공급사 미상 → 후보,보통,적재,복령분말,공급사 미상(source21),22000
바이오케어,복령,생약원료,국산/수입,타공급사 보유,보통,적재,복령분말,엘본에이치앤비,22000
바이오케어,복령,생약원료,국산/수입,동일공급사 기등록,보통,적재,복령분말,바이오케어,22000
바이오케어,산수국,생약원료,국산,신규(DB에 없음),,적재,,,
바이오케어,산수유,생약원료,국산/수입,동일공급사 기등록,보통,적재,산수유분말,바이오케어,33000
바이오케어,산수유,생약원료,국산/수입,타공급사 보유,보통,적재,산수유분말,새롬비앤에프,35000
바이오케어,산약,생약원료,국산/수입,★공급사 미상 → 후보,보통,적재,산약분말,공급사 미상(source21),24000
바이오케어,산약,생약원료,국산/수입,★공급사 미상 → 후보,보통,적재,산약분말,공급사 미상(source21),26000
바이오케어,산약,생약원료,국산/수입,★공급사 미상 → 후보,보통,적재,산약분말,공급사 미상(source21),27500
바이오케어,산약,생약원료,국산/수입,동일공급사 기등록,보통,적재,산약분말,바이오케어,25000
바이오케어,산약,생약원료,국산/수입,타공급사 보유,보통,적재,산약분말,하이베이스,24000
바이오케어,산약,생약원료,국산/수입,타공급사 보유,보통,적재,산약분말,엘본에이치앤비,26000
바이오케어,산약,생약원료,국산/수입,동일공급사 기등록,보통,적재,산약분말,바이오케어,27500
바이오케어,산약,생약원료,국산/수입,동일공급사 기등록,보통,적재,산약분말,바이오케어,35500
바이오케어,산약,생약원료,국산/수입,동일공급사 기등록,보통,적재,산약분말,바이오케어,21000
바이오케어,산초,생약원료,국산/수입,신규(DB에 없음),,적재,,,
바이오케어,사삼,생약원료,국산,동일공급사 기등록,보통,적재,사삼 분말,바이오케어,32800
바이오케어,사삼,생약원료,국산,동일공급사 기등록,보통,적재,사삼 분말,바이오케어,28500
바이오케어,산사,생약원료,국산/수입,신규(DB에 없음),,적재,,,
바이오케어,상백피,생약원료,국산/수입,신규(DB에 없음),,적재,,,
바이오케어,솔잎,생약원료,국산,★공급사 미상 → 후보,보통,적재,솔잎분말,공급사 미상(source21),20000
바이오케어,솔잎,생약원료,국산,동일공급사 기등록,보통,적재,솔잎분말,바이오케어,20000
바이오케어,새싹보리,생약원료,국산,타공급사 보유,보통,적재,새싹보리분말,하이베이스,17000
바이오케어,새싹보리,생약원료,국산,★공급사 미상 → 후보,보통,적재,새싹보리추출분말,공급사 미상(source21),29000
바이오케어,숙지황,생약원료,국산/수입,★공급사 미상 → 후보,보통,적재,숙지황분말,공급사 미상(source21),75000
바이오케어,숙지황,생약원료,국산/수입,★공급사 미상 → 후보,보통,적재,숙지황분말,공급사 미상(source21),29000
바이오케어,숙지황,생약원료,국산/수입,동일공급사 기등록,보통,적재,숙지황분말,바이오케어,32000
바이오케어,숙지황,생약원료,국산/수입,타공급사 보유,보통,적재,숙지황분말,하이베이스,75000
바이오케어,숙지황,생약원료,국산/수입,타공급사 보유,보통,적재,숙지황분말,엘본에이치앤비,29000
바이오케어,숙지황,생약원료,국산/수입,★공급사 미상 → 후보,보통,적재,숙지황농축액,공급사 미상(source21),20000
바이오케어,숙지황,생약원료,국산/수입,★공급사 미상 → 후보,보통,적재,숙지황엑기스,공급사 미상(source21),75000
바이오케어,야관문,생약원료,국산,신규(DB에 없음),,적재,,,
바이오케어,어성초,생약원료,국산/수입,동일공급사 기등록,보통,적재,어성초분말,바이오케어,17000
바이오케어,어성초,생약원료,국산/수입,동일공급사 기등록,보통,적재,어성초분말,바이오케어,8200
바이오케어,어성초,생약원료,국산/수입,타공급사 보유,보통,적재,어성초추출물,하이베이스,16000
바이오케어,여주,생약원료,국산유기농,★공급사 미상 → 후보,보통,적재,여주분말,공급사 미상(source21),48000
바이오케어,여주,생약원료,국산유기농,★공급사 미상 → 후보,보통,적재,여주분말(유기농),공급사 미상(source21),40000
바이오케어,여주,생약원료,국산유기농,동일공급사 기등록,보통,적재,여주분말,바이오케어,34000
바이오케어,여주,생약원료,국산,★공급사 미상 → 후보,보통,적재,여주분말,공급사 미상(source21),48000
바이오케어,여주,생약원료,국산,★공급사 미상 → 후보,보통,적재,여주분말(유기농),공급사 미상(source21),40000
바이오케어,여주,생약원료,국산,동일공급사 기등록,보통,적재,여주분말,바이오케어,34000
바이오케어,오가피,생약원료,국산/수입,신규(DB에 없음),,적재,,,
바이오케어,오가목,생약원료,국산,신규(DB에 없음),,적재,,,
바이오케어,오미자,생약원료,국산/수입,타공급사 보유,보통,적재,오미자분말,새롬비앤에프,25000
바이오케어,오미자,생약원료,국산/수입,동일공급사 기등록,보통,적재,오미자분말,바이오케어,38000
바이오케어,우슬,생약원료,국산/수입,★공급사 미상 → 후보,보통,적재,우슬분말(쇠무릎),공급사 미상(source21),27500
바이오케어,유근피,생약원료,국산/수입,★공급사 미상 → 후보,확실,적재,유근피,공급사 미상(source21),50000
바이오케어,인삼,생약원료,국산,신규(DB에 없음),,적재,,,
바이오케어,인진쑥,생약원료,국산,신규(DB에 없음),,적재,,,
바이오케어,작약,생약원료,국산/수입,신규(DB에 없음),,적재,,,
바이오케어,적하수오,생약원료,중국,★공급사 미상 → 후보,보통,적재,적하수오추출분말,공급사 미상(source21),60000
바이오케어,적하수오,생약원료,중국,타공급사 보유,보통,적재,적하수오추출분말,하이베이스,60000
바이오케어,진피(감귤껍질),생약원료,국산,신규(DB에 없음),,적재,,,
바이오케어,차가버섯,생약원료,러시아,★공급사 미상 → 후보,보통,적재,차가버섯분말,공급사 미상(source21),30000
바이오케어,차가버섯,생약원료,러시아,동일공급사 기등록,보통,적재,차가버섯분말,바이오케어,30000
바이오케어,차전자피,생약원료,인도,타공급사 보유,확실,적재,차전자피(직수입),ambe,13000
바이오케어,차전자피,생약원료,인도,★공급사 미상 → 후보,보통,적재,차전자피분말,공급사 미상(source21),17000
바이오케어,차전자피,생약원료,인도,★공급사 미상 → 후보,보통,적재,차전자피분말,공급사 미상(source21),22000
바이오케어,차전자피,생약원료,인도,★공급사 미상 → 후보,보통,적재,차전자피분말,공급사 미상(source21),9000
바이오케어,차전자피,생약원료,인도,★공급사 미상 → 후보,보통,적재,차전자피분말,공급사 미상(source21),16000
바이오케어,차전자피,생약원료,인도,타공급사 보유,보통,적재,차전자피 분말,하이베이스,9000
바이오케어,차전자피,생약원료,인도,타공급사 보유,보통,적재,차전자피 분말,엘본에이치앤비,16000
바이오케어,차전자피,생약원료,인도,동일공급사 기등록,보통,적재,차전자피 분말,바이오케어,22000
바이오케어,차즈기,생약원료,국산,타공급사 보유,보통,적재,차즈기추출물,해찬솔,16000
바이오케어,차즈기,생약원료,국산,타공급사 보유,보통,적재,차즈기추출물,엘본에이치앤비,18000
바이오케어,창출,생약원료,국산/수입,신규(DB에 없음),,적재,,,
바이오케어,천궁,생약원료,국산/수입,동일공급사 기등록,보통,적재,천궁분말,바이오케어,23800
바이오케어,천궁,생약원료,국산/수입,동일공급사 기등록,보통,적재,천궁분말,바이오케어,17000
바이오케어,침향,생약원료,인도네시아,타공급사 보유,확실,적재,침향,개성상인,85000
바이오케어,침향,생약원료,인도네시아,★공급사 미상 → 후보,확실,적재,침향,공급사 미상(source21),140000
바이오케어,침향,생약원료,인도네시아,★공급사 미상 → 후보,확실,적재,침향(개성상인),공급사 미상(source21),85000
바이오케어,침향,생약원료,인도네시아,★공급사 미상 → 후보,확실,적재,침향,공급사 미상(source21),42000
바이오케어,침향,생약원료,인도네시아,동일공급사 기등록,확실,적재,침향(원물),바이오케어,58000
바이오케어,침향,생약원료,인도네시아,동일공급사 기등록,확실,적재,침향(분말),바이오케어,68000
바이오케어,침향,생약원료,인도네시아,타공급사 보유,보통,적재,침향분말,서호상사,85000
바이오케어,핑거루트,생약원료,인도네시아,★공급사 미상 → 후보,보통,적재,핑거루트 추출분말(개별인정형),공급사 미상(source21),330000
바이오케어,핑거루트,생약원료,인도네시아,★공급사 미상 → 후보,보통,적재,핑거루트추출분말,공급사 미상(source21),300000
바이오케어,핑거루트,생약원료,인도네시아,타공급사 보유,보통,적재,핑거루트추출분말(판두라틴),뉴트리,320000
바이오케어,핑거루트,생약원료,인도네시아,타공급사 보유,보통,적재,핑거루트추출분말(판두라틴),하이베이스,30000
바이오케어,핑거루트,생약원료,인도네시아,타공급사 보유,보통,적재,핑거루트추출분말(판두라틴),하이베이스,13000
바이오케어,헛개열매,생약원료,국산/수입,신규(DB에 없음),,적재,,,
바이오케어,호로파,생약원료,인도,신규(DB에 없음),,적재,,,
바이오케어,황기,생약원료,국산/수입,동일공급사 기등록,보통,적재,황기분말,바이오케어,28000
바이오케어,황기,생약원료,국산/수입,동일공급사 기등록,보통,적재,황기분말,바이오케어,16800
바이오케어,회향,생약원료,중국,신규(DB에 없음),,적재,,,
바이텍,AlaskaOmega 7-Mega 500 (알래스카 7-메가 500),7-Mega 500,,신규(DB에 없음),,적재,,,
바이텍,EnZy-RTM (효소처리 로얄젤리분말),Royal Jelly,,신규(DB에 없음),,적재,,,
바이텍,Freeze drying Royaljelly powder (동결건조로얄젤리분말),Royal Jelly,,신규(DB에 없음),,적재,,,
바이텍,골드키위유산균배양물(액상),포스트바이오틱스,,신규(DB에 없음),,적재,,,
바이텍,발효 골드 키위 분말-D,포스트바이오틱스,,신규(DB에 없음),,적재,,,
바이텍,17종혼합유산균,프로바이오틱스,,신규(DB에 없음),,적재,,,
바이텍,19종혼합유산균,프로바이오틱스,,신규(DB에 없음),,적재,,,
바이텍,L.lactis,프로바이오틱스,,신규(DB에 없음),,적재,,,
바이텍,L.paracasei,프로바이오틱스,,신규(DB에 없음),,적재,,,
바이텍,L.plantarum,프로바이오틱스,,신규(DB에 없음),,적재,,,
바이텍,L.rhamnosus,프로바이오틱스,,신규(DB에 없음),,적재,,,
바이텍,L.casei,프로바이오틱스,,신규(DB에 없음),,적재,,,
바이텍,L.fermentum,프로바이오틱스,,신규(DB에 없음),,적재,,,
바이텍,L.helveticus,프로바이오틱스,,신규(DB에 없음),,적재,,,
바이텍,B.coagulans,프로바이오틱스(고시형),,신규(DB에 없음),,적재,,,
바이텍,B.subtilis,프로바이오틱스(고시형),,신규(DB에 없음),,적재,,,
바이텍,L.curvatus,프로바이오틱스(고시형),,신규(DB에 없음),,적재,,,
바이텍,L.sakei,프로바이오틱스(고시형),,신규(DB에 없음),,적재,,,
바이텍,Pedio. acidilactici,프로바이오틱스(고시형),,신규(DB에 없음),,적재,,,
바이텍,틴달화 17종 파라바이오틱스(500B),파라바이오틱스,,신규(DB에 없음),,적재,,,
바이텍,틴달화 L.plantarum(30B),파라바이오틱스,,신규(DB에 없음),,적재,,,
바이텍,틴달화 L.plantarum(10B),파라바이오틱스,,신규(DB에 없음),,적재,,,
바이텍,열처리유산균사균체(30B),파라바이오틱스,,★공급사 미상 → 후보,보통,적재,유산균사균체(구강용),공급사 미상(source21),150000
바이텍,틴달화 L.plantarum(500B),파라바이오틱스,,신규(DB에 없음),,적재,,,
바이텍,틴달화 유산균 상황 농축 분말(10B),파라바이오틱스,,신규(DB에 없음),,적재,,,
바이텍,틴달화 유산균 상황 농축 분말(100B),파라바이오틱스,,신규(DB에 없음),,적재,,,
바이텍,Freeze drying kiwi powder,기타 원료,,신규(DB에 없음),,적재,,,
바이텍,Freeze drying pineapple powder,기타 원료,,신규(DB에 없음),,적재,,,
바이텍,Freeze drying pineapple kiwi powder,기타 원료,,신규(DB에 없음),,적재,,,
하이베이스,가르시니아캄보지아추출물(분말),건강기능식품,인도,동일공급사 기등록,확실,적재,가르시니아캄보지아추출물(수용성),하이베이스,32000
하이베이스,가르시니아캄보지아추출물(분말),건강기능식품,인도,★공급사 미상 → 후보,높음,적재,가르시니아캄보지아,공급사 미상(source21),42000
하이베이스,가르시니아캄보지아추출물(분말),건강기능식품,인도,★공급사 미상 → 후보,높음,적재,가르시니아캄보지아,공급사 미상(source21),32000
하이베이스,가르시니아캄보지아추출물(분말),건강기능식품,인도,동일공급사 기등록,확실,적재,가르시니아캄보지아추출물(수용성),하이베이스,32000
하이베이스,가르시니아캄보지아추출물(분말),건강기능식품,인도,★공급사 미상 → 후보,높음,적재,가르시니아캄보지아,공급사 미상(source21),42000
하이베이스,가르시니아캄보지아추출물(분말),건강기능식품,인도,★공급사 미상 → 후보,높음,적재,가르시니아캄보지아,공급사 미상(source21),32000
하이베이스,감마리놀렌산함유유지(달맞이꽃종자유),건강기능식품,중국,신규(DB에 없음),,적재,,,
하이베이스,결정셀룰로스(101),식품첨가물,인도,신규(DB에 없음),,적재,,,
하이베이스,결정셀룰로스(102),식품첨가물,인도,신규(DB에 없음),,적재,,,
하이베이스,과라나추출분말(Guarana),가공식품,미국(브라질),★공급사 미상 → 후보,확실,적재,과라나추출분말,공급사 미상(source21),46000
하이베이스,과라나추출분말(Guarana),가공식품,미국(브라질),★공급사 미상 → 후보,확실,적재,과라나추출분말22%,공급사 미상(source21),71000
하이베이스,과라나추출분말(Guarana),가공식품,미국(브라질),★공급사 미상 → 후보,확실,적재,과라나추출분말22%,공급사 미상(source21),48000
하이베이스,과라나추출분말(Guarana),가공식품,미국(브라질),타공급사 보유,확실,적재,과라나추출분말(25%),SvAgro,37240
하이베이스,과일야채혼합분말(17종)/유기농,가공식품,미국,동일공급사 기등록,보통,적재,과일야채혼합분말,하이베이스,84000
하이베이스,과일야채혼합분말(17종)/유기농,가공식품,미국,★공급사 미상 → 후보,보통,적재,야채혼합분말(과일),공급사 미상(source21),84000
하이베이스,구아검(Guar gum),식품첨가물,인도,★공급사 미상 → 후보,확실,적재,구아검,공급사 미상(source21),5500
하이베이스,구아검(Guar gum),식품첨가물,인도,동일공급사 기등록,확실,적재,구아검,하이베이스,5500
하이베이스,구아바잎추출물(분말),건강기능식품,인도,★공급사 미상 → 후보,확실,적재,구아바잎추출물,공급사 미상(source21),60000
하이베이스,구아바잎추출물(분말),가공식품,인도,★공급사 미상 → 후보,확실,적재,구아바잎추출물,공급사 미상(source21),60000
하이베이스,그린커피추출분말,가공식품,인도,신규(DB에 없음),,적재,,,
하이베이스,글루코만난(Glucomannan),건강기능식품,중국,★공급사 미상 → 후보,확실,적재,글루코만난,공급사 미상(source21),24000
하이베이스,글루코만난(Glucomannan),건강기능식품,중국,동일공급사 기등록,확실,적재,글루코만난,하이베이스,24000
하이베이스,글루코만난(Glucomannan),건강기능식품,중국,타공급사 보유,확실,적재,글루코만난,태성,23000
하이베이스,글루코만난(Glucomannan),식품첨가물,중국,★공급사 미상 → 후보,확실,적재,글루코만난,공급사 미상(source21),24000
하이베이스,글루코만난(Glucomannan),식품첨가물,중국,동일공급사 기등록,확실,적재,글루코만난,하이베이스,24000
하이베이스,글루코만난(Glucomannan),식품첨가물,중국,타공급사 보유,확실,적재,글루코만난,태성,23000
하이베이스,글루코사민-염산염,건강기능식품,중국,★공급사 미상 → 후보,보통,적재,글루코사민(N-아세틸),공급사 미상(source21),110000
하이베이스,글루코사민-황산염,건강기능식품,중국,★공급사 미상 → 후보,보통,적재,글루코사민(N-아세틸),공급사 미상(source21),110000
하이베이스,글루콘산동(구리),식품첨가물,미국,타공급사 보유,확실,적재,글루콘산동,제일,120000
하이베이스,글루콘산아연,식품첨가물,미국,타공급사 보유,확실,적재,글루콘산아연,태성,27000
하이베이스,글루콘산아연,식품첨가물,미국,타공급사 보유,확실,적재,글루콘산아연,태성,11000
하이베이스,글루콘산아연,식품첨가물,미국,★공급사 미상 → 후보,확실,적재,글루콘산 아연,공급사 미상(source21),29000
하이베이스,글루콘산아연,식품첨가물,미국,타공급사 보유,확실,적재,글루콘산아연,제일,20000
하이베이스,글루콘산철,식품첨가물,미국,타공급사 보유,확실,적재,글루콘산철,제일,70000
하이베이스,글루콘산칼슘,식품첨가물,미국,타공급사 보유,확실,적재,글루콘산칼슘,제일,20000
하이베이스,글루타민(L-Glutamine),식품첨가물,중국,★공급사 미상 → 후보,확실,적재,글루타민,공급사 미상(source21),16000
하이베이스,글루탐산(L-Glutamic Acid),식품첨가물,중국,★공급사 미상 → 후보,보통,적재,폴리감마글루탐산,공급사 미상(source21),400000
하이베이스,글리신(Glycine),식품첨가물,중국,★공급사 미상 → 후보,확실,적재,글리신,공급사 미상(source21),8000
하이베이스,글리신(Glycine),식품첨가물,중국,타공급사 보유,확실,적재,글리신,씨에스에프,4000
하이베이스,글리신(Glycine),식품첨가물,중국,동일공급사 기등록,보통,적재,L-글리신,하이베이스,8000
하이베이스,금은화추출분말,고형차,중국,신규(DB에 없음),,적재,,,
하이베이스,꽃송이버섯추출분말,가공식품,중국,신규(DB에 없음),,적재,,,
하이베이스,노니추출분말(Noni),고형차,중국,동일공급사 기등록,확실,적재,노니추출분말,하이베이스,15000
하이베이스,노회(알로에)추출분말,가공식품,남아공,신규(DB에 없음),,적재,,,
하이베이스,녹차추출분말,건강기능식품,중국,동일공급사 기등록,확실,적재,녹차추출분말(카테킨함량70%),하이베이스,80000
하이베이스,녹차추출분말,건강기능식품,중국,동일공급사 기등록,확실,적재,녹차추출분말(카테킨함량70%),하이베이스,77000
하이베이스,녹차추출분말,건강기능식품,중국,동일공급사 기등록,확실,적재,녹차추출분말(카테킨함량75%),하이베이스,88000
하이베이스,녹차추출분말,건강기능식품,중국,타공급사 보유,확실,적재,녹차추출분말(카테킨함량70%),엘본에이치앤비,79000
하이베이스,녹차추출분말,건강기능식품,중국,타공급사 보유,확실,적재,녹차추출분말,올담식품,16000
하이베이스,녹차추출분말,건강기능식품,중국,동일공급사 기등록,확실,적재,녹차추출분말(카테킨함량70%),하이베이스,80000
하이베이스,녹차추출분말,건강기능식품,중국,동일공급사 기등록,확실,적재,녹차추출분말(카테킨함량70%),하이베이스,77000
하이베이스,녹차추출분말,건강기능식품,중국,동일공급사 기등록,확실,적재,녹차추출분말(카테킨함량75%),하이베이스,88000
하이베이스,녹차추출분말,건강기능식품,중국,타공급사 보유,확실,적재,녹차추출분말(카테킨함량70%),엘본에이치앤비,79000
하이베이스,녹차추출분말,건강기능식품,중국,타공급사 보유,확실,적재,녹차추출분말,올담식품,16000
하이베이스,녹차추출분말,건강기능식품,인도,동일공급사 기등록,확실,적재,녹차추출분말(카테킨함량70%),하이베이스,80000
하이베이스,녹차추출분말,건강기능식품,인도,동일공급사 기등록,확실,적재,녹차추출분말(카테킨함량70%),하이베이스,77000
하이베이스,녹차추출분말,건강기능식품,인도,동일공급사 기등록,확실,적재,녹차추출분말(카테킨함량75%),하이베이스,88000
하이베이스,녹차추출분말,건강기능식품,인도,타공급사 보유,확실,적재,녹차추출분말(카테킨함량70%),엘본에이치앤비,79000
하이베이스,녹차추출분말,건강기능식품,인도,타공급사 보유,확실,적재,녹차추출분말,올담식품,16000
하이베이스,니코틴산아미드(Nicotinamide:B3),식품첨가물,중국,타공급사 보유,확실,적재,니코틴산아미드,제일,13500
하이베이스,댕댕이나무열매추출분말,과.채가공품,중국,신규(DB에 없음),,적재,,,
하이베이스,돌외잎추출분말,기타농산가공품,중국,신규(DB에 없음),,적재,,,
하이베이스,라이신-염산염(L-Lysine HCl),식품첨가물,중국,신규(DB에 없음),,적재,,,
하이베이스,레드클로버추출분말(붉은토끼풀),가공식품,미국,신규(DB에 없음),,적재,,,
하이베이스,레몬밤추출분말,고형차,중국,★공급사 미상 → 후보,확실,적재,레몬밤추출분말,공급사 미상(source21),15000
하이베이스,레몬밤추출분말,고형차,프랑스,★공급사 미상 → 후보,확실,적재,레몬밤추출분말,공급사 미상(source21),15000
하이베이스,로열젤리분말(Royal Jelly:동결건조),로열젤리,중국,신규(DB에 없음),,적재,,,
하이베이스,로열젤리분말(Royal Jelly:동결건조),로열젤리,호주,신규(DB에 없음),,적재,,,
하이베이스,로이신(L-Leucine),식품첨가물,중국,★공급사 미상 → 후보,확실,적재,로이신(루신),공급사 미상(source21),28000
하이베이스,로이신(L-Leucine),식품첨가물,중국,★공급사 미상 → 후보,보통,적재,L-로이신,공급사 미상(source21),30000
하이베이스,로이신(L-Leucine),식품첨가물,중국,타공급사 보유,보통,적재,L-로이신,선일에프앤씨,17000
하이베이스,로이신(L-Leucine),식품첨가물,중국,★공급사 미상 → 후보,보통,적재,이소로이신,공급사 미상(source21),38000
하이베이스,로이신(L-Leucine),식품첨가물,중국,타공급사 보유,보통,적재,L-로이신,씨에스에프,21000
하이베이스,로이신(L-Leucine),식품첨가물,중국,타공급사 보유,보통,적재,L-로이신,arisun,16048
하이베이스,로이신(L-Leucine),식품첨가물,중국,타공급사 보유,보통,적재,L-로이신,씨에스에프,31000
하이베이스,루틴(Rutin),식품첨가물,중국,신규(DB에 없음),,적재,,,
하이베이스,마리골드꽃추출분말(루테인 비들렛),건강기능식품,인도,★공급사 미상 → 후보,확실,적재,마리골드꽃추출분말,공급사 미상(source21),132000
하이베이스,마리골드꽃추출분말(루테인 비들렛),건강기능식품,인도,타공급사 보유,확실,적재,마리골드꽃추출분말 (루테인분말) 10%,미래바이오텍,132000
하이베이스,마리골드추출분말,가공식품,인도,★공급사 미상 → 후보,확실,적재,마리골드추출분말,공급사 미상(source21),80000
하이베이스,마리골드추출분말,가공식품,인도,★공급사 미상 → 후보,보통,적재,마리골드,공급사 미상(source21),95000
하이베이스,"마카분말(Maca), 블랙마카분말(젤라틴화)",서류가공품,페루,타공급사 보유,보통,적재,블랙마카분말(젤라틴화),태성,17000
하이베이스,마퀴베리분말(동결건조),과.채가공품,칠레,신규(DB에 없음),,적재,,,
하이베이스,맥주효모 플레이크,효모식품,리투아니아,★공급사 미상 → 후보,보통,적재,맥주효모,공급사 미상(source21),9500
하이베이스,맥주효모 플레이크,효모식품,리투아니아,★공급사 미상 → 후보,보통,적재,맥주효모,공급사 미상(source21),9200
하이베이스,맥주효모(분말),효모식품,리투아니아,★공급사 미상 → 후보,확실,적재,맥주효모,공급사 미상(source21),9500
하이베이스,맥주효모(분말),효모식품,리투아니아,★공급사 미상 → 후보,확실,적재,맥주효모,공급사 미상(source21),9200
하이베이스,메리로트추출분말,가공식품,프랑스,신규(DB에 없음),,적재,,,
하이베이스,메티오닌(L-Methinone),식품첨가물,중국,★공급사 미상 → 후보,보통,적재,L-메티오닌,공급사 미상(source21),69000
하이베이스,무쿠나프루리언스추출분말(벨벳콩),가공식품,인도,신규(DB에 없음),,적재,,,
하이베이스,밀크씨슬추출물(분말),건강기능식품,중국,타공급사 보유,확실,적재,밀크씨슬추출물,제일,100000
하이베이스,밀크씨슬추출물(분말),건강기능식품,중국,타공급사 보유,확실,적재,밀크씨슬추출물,제일,95000
하이베이스,밀크씨슬추출물(분말),건강기능식품,중국,★공급사 미상 → 후보,보통,적재,밀크씨슬,공급사 미상(source21),98000
하이베이스,밀크씨슬추출물(분말),건강기능식품,중국,★공급사 미상 → 후보,보통,적재,밀크씨슬,공급사 미상(source21),72000
하이베이스,밀크씨슬추출물(분말),건강기능식품,중국,★공급사 미상 → 후보,보통,적재,밀크씨슬(유기농),공급사 미상(source21),390000
하이베이스,밀크씨슬추출물(분말),건강기능식품,중국,★공급사 미상 → 후보,보통,적재,밀크씨슬(유기농),공급사 미상(source21),450000
하이베이스,밀크씨슬추출물(분말),건강기능식품,중국,타공급사 보유,보통,적재,밀크씨슬(유기농밀크씨슬분말),태성,22000
하이베이스,밀크씨슬추출물(분말),건강기능식품,미국,타공급사 보유,확실,적재,밀크씨슬추출물,제일,100000
하이베이스,밀크씨슬추출물(분말),건강기능식품,미국,타공급사 보유,확실,적재,밀크씨슬추출물,제일,95000
하이베이스,밀크씨슬추출물(분말),건강기능식품,미국,★공급사 미상 → 후보,보통,적재,밀크씨슬,공급사 미상(source21),98000
하이베이스,밀크씨슬추출물(분말),건강기능식품,미국,★공급사 미상 → 후보,보통,적재,밀크씨슬,공급사 미상(source21),72000
하이베이스,밀크씨슬추출물(분말),건강기능식품,미국,★공급사 미상 → 후보,보통,적재,밀크씨슬(유기농),공급사 미상(source21),390000
하이베이스,밀크씨슬추출물(분말),건강기능식품,미국,★공급사 미상 → 후보,보통,적재,밀크씨슬(유기농),공급사 미상(source21),450000
하이베이스,밀크씨슬추출물(분말),건강기능식품,미국,타공급사 보유,보통,적재,밀크씨슬(유기농밀크씨슬분말),태성,22000
하이베이스,밀크씨슬추출물(분말),건강기능식품,미국,타공급사 보유,확실,적재,밀크씨슬추출물,제일,100000
하이베이스,밀크씨슬추출물(분말),건강기능식품,미국,타공급사 보유,확실,적재,밀크씨슬추출물,제일,95000
하이베이스,밀크씨슬추출물(분말),건강기능식품,미국,★공급사 미상 → 후보,보통,적재,밀크씨슬,공급사 미상(source21),98000
하이베이스,밀크씨슬추출물(분말),건강기능식품,미국,★공급사 미상 → 후보,보통,적재,밀크씨슬,공급사 미상(source21),72000
하이베이스,밀크씨슬추출물(분말),건강기능식품,미국,★공급사 미상 → 후보,보통,적재,밀크씨슬(유기농),공급사 미상(source21),390000
하이베이스,밀크씨슬추출물(분말),건강기능식품,미국,★공급사 미상 → 후보,보통,적재,밀크씨슬(유기농),공급사 미상(source21),450000
하이베이스,밀크씨슬추출물(분말),건강기능식품,미국,타공급사 보유,보통,적재,밀크씨슬(유기농밀크씨슬분말),태성,22000
하이베이스,밀크씨슬추출물(분말),건강기능식품,스페인,타공급사 보유,확실,적재,밀크씨슬추출물,제일,100000
하이베이스,밀크씨슬추출물(분말),건강기능식품,스페인,타공급사 보유,확실,적재,밀크씨슬추출물,제일,95000
하이베이스,밀크씨슬추출물(분말),건강기능식품,스페인,★공급사 미상 → 후보,보통,적재,밀크씨슬,공급사 미상(source21),98000
하이베이스,밀크씨슬추출물(분말),건강기능식품,스페인,★공급사 미상 → 후보,보통,적재,밀크씨슬,공급사 미상(source21),72000
하이베이스,밀크씨슬추출물(분말),건강기능식품,스페인,★공급사 미상 → 후보,보통,적재,밀크씨슬(유기농),공급사 미상(source21),390000
하이베이스,밀크씨슬추출물(분말),건강기능식품,스페인,★공급사 미상 → 후보,보통,적재,밀크씨슬(유기농),공급사 미상(source21),450000
하이베이스,밀크씨슬추출물(분말),건강기능식품,스페인,타공급사 보유,보통,적재,밀크씨슬(유기농밀크씨슬분말),태성,22000
하이베이스,밀크씨슬추출물(분말),가공식품,중국,타공급사 보유,확실,적재,밀크씨슬추출물,제일,100000
하이베이스,밀크씨슬추출물(분말),가공식품,중국,타공급사 보유,확실,적재,밀크씨슬추출물,제일,95000
하이베이스,밀크씨슬추출물(분말),가공식품,중국,★공급사 미상 → 후보,보통,적재,밀크씨슬,공급사 미상(source21),98000
하이베이스,밀크씨슬추출물(분말),가공식품,중국,★공급사 미상 → 후보,보통,적재,밀크씨슬,공급사 미상(source21),72000
하이베이스,밀크씨슬추출물(분말),가공식품,중국,★공급사 미상 → 후보,보통,적재,밀크씨슬(유기농),공급사 미상(source21),390000
하이베이스,밀크씨슬추출물(분말),가공식품,중국,★공급사 미상 → 후보,보통,적재,밀크씨슬(유기농),공급사 미상(source21),450000
하이베이스,밀크씨슬추출물(분말),가공식품,중국,타공급사 보유,보통,적재,밀크씨슬(유기농밀크씨슬분말),태성,22000
하이베이스,바나바잎추출물(분말),건강기능식품,인도,★공급사 미상 → 후보,확실,적재,바나바잎추출물,공급사 미상(source21),60000
하이베이스,바나바잎추출물(분말),건강기능식품,인도,★공급사 미상 → 후보,확실,적재,바나바잎추출물1%,공급사 미상(source21),85000
하이베이스,바나바잎추출물(분말),건강기능식품,인도,타공급사 보유,확실,적재,바나바잎추출물 1%,제일,45000
하이베이스,바나바잎추출물(분말),건강기능식품,인도,타공급사 보유,확실,적재,바나바잎추출물 20%,제일,45000
하이베이스,바나바잎추출물(분말),가공식품,인도,★공급사 미상 → 후보,확실,적재,바나바잎추출물,공급사 미상(source21),60000
하이베이스,바나바잎추출물(분말),가공식품,인도,★공급사 미상 → 후보,확실,적재,바나바잎추출물1%,공급사 미상(source21),85000
하이베이스,바나바잎추출물(분말),가공식품,인도,타공급사 보유,확실,적재,바나바잎추출물 1%,제일,45000
하이베이스,바나바잎추출물(분말),가공식품,인도,타공급사 보유,확실,적재,바나바잎추출물 20%,제일,45000
하이베이스,바실러스 코아귤런스(B. coagulans),가공식품,인도,신규(DB에 없음),,적재,,,
하이베이스,바오밥열매분말(Baobab),가공식품,세네갈,신규(DB에 없음),,적재,,,
하이베이스,발레리안추출분말(쥐오줌풀),가공식품,이태리,동일공급사 기등록,확실,적재,발레리안추출분말,하이베이스,140000
하이베이스,발레리안추출분말(쥐오줌풀),가공식품,이태리,★공급사 미상 → 후보,보통,적재,발레리안,공급사 미상(source21),140000
하이베이스,발린(L-Valine),식품첨가물,중국,★공급사 미상 → 후보,확실,적재,발린,공급사 미상(source21),27000
하이베이스,병풀추출분말(적설초),고형차,중국,신규(DB에 없음),,적재,,,
하이베이스,보스웰리아추출분말,고형차,인도,★공급사 미상 → 후보,확실,적재,보스웰리아추출분말,공급사 미상(source21),12000
하이베이스,보스웰리아추출분말,고형차,인도,★공급사 미상 → 후보,보통,적재,보스웰리아,공급사 미상(source21),43000
하이베이스,보스웰리아추출분말,고형차,인도,★공급사 미상 → 후보,확실,적재,보스웰리아추출분말,공급사 미상(source21),12000
하이베이스,보스웰리아추출분말,고형차,인도,★공급사 미상 → 후보,보통,적재,보스웰리아,공급사 미상(source21),43000
하이베이스,보이차추출분말,고형차,중국,★공급사 미상 → 후보,확실,적재,보이차추출분말,공급사 미상(source21),17000
하이베이스,보이차추출분말,고형차,중국,타공급사 보유,확실,적재,보이차추출분말,태성,17000
하이베이스,블랙마카분말(젤라틴화 블랙마카분말),서류가공품,페루,타공급사 보유,확실,적재,블랙마카분말(젤라틴화),태성,17000
하이베이스,블랙마카분말(젤라틴화 블랙마카분말),서류가공품,페루,★공급사 미상 → 후보,보통,적재,마카분말(블랙),공급사 미상(source21),25000
하이베이스,블랙마카분말(젤라틴화 블랙마카분말),서류가공품,페루,★공급사 미상 → 후보,보통,적재,마카분말(레드),공급사 미상(source21),75000
하이베이스,블랙커런트분말(동결건조),과.채가공품,폴란드,신규(DB에 없음),,적재,,,
하이베이스,비오틴(Biotin),식품첨가물,중국,타공급사 보유,확실,적재,비오틴,서호상사,13000
하이베이스,비오틴(Biotin),식품첨가물,중국,타공급사 보유,확실,적재,비오틴,제일,580000
하이베이스,비오틴(Biotin),식품첨가물,중국,★공급사 미상 → 후보,보통,적재,비오틴/g,공급사 미상(source21),2000
하이베이스,비오틴(Biotin),식품첨가물,중국,★공급사 미상 → 후보,보통,적재,비오틴/g,공급사 미상(source21),13000
하이베이스,비오틴(Biotin),식품첨가물,중국,타공급사 보유,보통,적재,식물성비오틴(아가티잎추출물),제일,400000
하이베이스,비타민나무열매(씨벅턴)추출분말,과.채가공품,중국,신규(DB에 없음),,적재,,,
하이베이스,"빌베리분말(동결건조,유기농)",과.채가공품,폴란드,신규(DB에 없음),,적재,,,
하이베이스,산화마그네슘(중질),식품첨가물,일본,신규(DB에 없음),,적재,,,
하이베이스,산화마그네슘(중질),식품첨가물,미국,신규(DB에 없음),,적재,,,
하이베이스,산화아연,식품첨가물,독일,신규(DB에 없음),,적재,,,
하이베이스,산화아연,식품첨가물,미국,신규(DB에 없음),,적재,,,
하이베이스,상어연골분말,가공식품,호주,★공급사 미상 → 후보,확실,적재,상어연골분말,공급사 미상(source21),48000
하이베이스,상어연골분말,가공식품,호주,★공급사 미상 → 후보,확실,적재,상어연골분말,공급사 미상(source21),95000
하이베이스,상어연골분말,가공식품,호주,타공급사 보유,확실,적재,상어연골분말,엘본에이치앤비,47000
하이베이스,상어연골분말,가공식품,호주,동일공급사 기등록,확실,적재,상어연골분말,하이베이스,95000
하이베이스,상어연골분말,가공식품,호주,동일공급사 기등록,확실,적재,상어연골분말,하이베이스,50000
하이베이스,상어연골분말,가공식품,호주,타공급사 보유,확실,적재,상어연골분말,씨에스에프,33000
하이베이스,상어연골분말,가공식품,호주,★공급사 미상 → 후보,보통,적재,상어연골,공급사 미상(source21),48000
하이베이스,상어연골분말,가공식품,호주,★공급사 미상 → 후보,보통,적재,상어연골,공급사 미상(source21),35000
하이베이스,상어연골분말,가공식품,호주,동일공급사 기등록,보통,적재,상어연골,하이베이스,48000
하이베이스,상어연골분말,가공식품,호주,동일공급사 기등록,보통,적재,상어연골,하이베이스,35000
하이베이스,상어연골추출분말,건강기능식품,중국,★공급사 미상 → 후보,확실,적재,상어연골추출분말,공급사 미상(source21),75000
하이베이스,상어연골추출분말,건강기능식품,중국,동일공급사 기등록,확실,적재,상어연골추출분말(뮤코다당),하이베이스,75000
하이베이스,상어연골추출분말,건강기능식품,중국,★공급사 미상 → 후보,보통,적재,상어연골,공급사 미상(source21),48000
하이베이스,상어연골추출분말,건강기능식품,중국,★공급사 미상 → 후보,보통,적재,상어연골,공급사 미상(source21),35000
하이베이스,상어연골추출분말,건강기능식품,중국,동일공급사 기등록,보통,적재,상어연골,하이베이스,48000
하이베이스,상어연골추출분말,건강기능식품,중국,동일공급사 기등록,보통,적재,상어연골,하이베이스,35000
하이베이스,세린(L-Serine),식품첨가물,중국,타공급사 보유,보통,적재,(유기농) 글리세린,제일,24000
하이베이스,소나무껍질추출분말,가공식품,중국,타공급사 보유,확실,적재,소나무껍질추출분말,엘본에이치앤비,1600000
하이베이스,소브산칼륨,식품첨가물,중국,신규(DB에 없음),,적재,,,
하이베이스,소비톨(D-Sorbitol),식품첨가물,중국,신규(DB에 없음),,적재,,,
하이베이스,수국잎추출분말,가공식품,중국,신규(DB에 없음),,적재,,,
하이베이스,스피루리나(Spirulina:분말),건강기능식품,미국,타공급사 보유,확실,적재,스피루리나,주영,42000
하이베이스,스피루리나(Spirulina:분말),건강기능식품,미국,★공급사 미상 → 후보,높음,적재,블루스피루리나(일반분말),공급사 미상(source21),180000
하이베이스,스피루리나(Spirulina:분말),건강기능식품,미국,타공급사 보유,높음,적재,스피루리나분말,화인컴퍼니,42000
하이베이스,시스틴(L-Cystine),식품첨가물,중국,★공급사 미상 → 후보,보통,적재,L-시스틴,공급사 미상(source21),43000
하이베이스,쏘팔메토추출물(Oil),건강기능식품,인도,타공급사 보유,확실,적재,쏘팔메토추출물,제일,95000
하이베이스,쏘팔메토추출물(Oil),건강기능식품,인도,타공급사 보유,확실,적재,(유기농) 쏘팔메토추출물,제일,650000
하이베이스,쏘팔메토추출물(Oil),건강기능식품,인도,타공급사 보유,확실,적재,(일반) 쏘팔메토추출물,제일,450000
하이베이스,아로니아분말(동결건조),과.채가공품,폴란드,신규(DB에 없음),,적재,,,
하이베이스,아르간오일(10L),가공식품,모로코,신규(DB에 없음),,적재,,,
하이베이스,아르지닌(L-Arginine),식품첨가물,중국,★공급사 미상 → 후보,확실,적재,아르지닌(아르기닌),공급사 미상(source21),28000
하이베이스,아르지닌(L-Arginine),식품첨가물,중국,★공급사 미상 → 후보,확실,적재,아르지닌(아르기닌),공급사 미상(source21),24000
하이베이스,아르지닌(L-Arginine),식품첨가물,중국,★공급사 미상 → 후보,확실,적재,아르지닌(아르기닌),공급사 미상(source21),22000
하이베이스,아르지닌(L-Arginine),식품첨가물,중국,★공급사 미상 → 후보,확실,적재,아르지닌,공급사 미상(source21),17000
하이베이스,아르지닌(L-Arginine),식품첨가물,중국,타공급사 보유,보통,적재,L-아르지닌,씨에스에프,19500
하이베이스,"아사이베리분말(동결건조,유기농)",가공식품,미국,신규(DB에 없음),,적재,,,
하이베이스,아세로라추출분말,가공식품,프랑스,신규(DB에 없음),,적재,,,
하이베이스,아세로라농축주스분말,가공식품,프랑스,신규(DB에 없음),,적재,,,
하이베이스,아세로라추출분말,가공식품,미국,신규(DB에 없음),,적재,,,
하이베이스,아셀렌산나트륨 혼합제제,식품첨가물,미국,신규(DB에 없음),,적재,,,
하이베이스,아스파트산(L-Aspartic Acid),식품첨가물,중국,신규(DB에 없음),,적재,,,
하이베이스,아티초크추출분말,과.채가공품,스페인,★공급사 미상 → 후보,확실,적재,아티초크추출분말,공급사 미상(source21),40000
하이베이스,아티초크추출분말,과.채가공품,스페인,★공급사 미상 → 후보,확실,적재,아티초크추출분말,공급사 미상(source21),50000
하이베이스,아티초크추출분말,과.채가공품,스페인,★공급사 미상 → 후보,확실,적재,아티초크추출분말,공급사 미상(source21),58000
하이베이스,아티초크추출분말,과.채가공품,스페인,동일공급사 기등록,확실,적재,아티초크 추출분말,하이베이스,40000
하이베이스,아티초크추출분말,과.채가공품,프랑스,★공급사 미상 → 후보,확실,적재,아티초크추출분말,공급사 미상(source21),40000
하이베이스,아티초크추출분말,과.채가공품,프랑스,★공급사 미상 → 후보,확실,적재,아티초크추출분말,공급사 미상(source21),50000
하이베이스,아티초크추출분말,과.채가공품,프랑스,★공급사 미상 → 후보,확실,적재,아티초크추출분말,공급사 미상(source21),58000
하이베이스,아티초크추출분말,과.채가공품,프랑스,동일공급사 기등록,확실,적재,아티초크 추출분말,하이베이스,40000
하이베이스,아프리카망고 종자추출분말,기타가공품,미국,신규(DB에 없음),,적재,,,
하이베이스,아프리칸망고 종자추출분말,기타가공품,중국,신규(DB에 없음),,적재,,,
하이베이스,알둘로스(시럽),당류가공품,중국,신규(DB에 없음),,적재,,,
하이베이스,알로에베라추출분말(알로에전잎),건강기능식품,중국,★공급사 미상 → 후보,확실,적재,알로에베라추출분말,공급사 미상(source21),195000
하이베이스,알로에베라추출분말(알로에전잎),건강기능식품,중국,★공급사 미상 → 후보,확실,적재,알로에베라추출분말,공급사 미상(source21),58000
하이베이스,알로에베라추출분말(알로에전잎),건강기능식품,중국,★공급사 미상 → 후보,보통,적재,알로에베라추출분말일반식품,공급사 미상(source21),57000
하이베이스,알로에베라추출분말(알로에전잎),건강기능식품,중국,타공급사 보유,보통,적재,알로에베라추출분말 일반식품,태성,57000
하이베이스,알로에아보레센스분말(알로에전잎),건강기능식품,남아공,신규(DB에 없음),,적재,,,
하이베이스,양태반분말(Ovine Placenta),기타동물성가공품,호주,★공급사 미상 → 후보,보통,적재,양태반,공급사 미상(source21),180000
하이베이스,어골칼슘,기타수산물가공품,프랑스,★공급사 미상 → 후보,확실,적재,어골칼슘,공급사 미상(source21),38000
하이베이스,어골칼슘,기타수산물가공품,프랑스,동일공급사 기등록,확실,적재,어골칼슘,하이베이스,36000
하이베이스,어골칼슘,기타수산물가공품,프랑스,타공급사 보유,확실,적재,어골칼슘,제일,22000
하이베이스,어골칼슘,기타수산물가공품,프랑스,★공급사 미상 → 후보,보통,적재,칼슘(구연산),공급사 미상(source21),17000
하이베이스,어골칼슘,기타수산물가공품,프랑스,★공급사 미상 → 후보,보통,적재,칼슘(밀크칼슘),공급사 미상(source21),20000
하이베이스,어골칼슘,기타수산물가공품,프랑스,★공급사 미상 → 후보,보통,적재,칼슘(밀크칼슘),공급사 미상(source21),17000
하이베이스,어골칼슘,기타수산물가공품,프랑스,★공급사 미상 → 후보,보통,적재,칼슘(산호),공급사 미상(source21),20000
하이베이스,어골칼슘,기타수산물가공품,프랑스,★공급사 미상 → 후보,보통,적재,칼슘(산호),공급사 미상(source21),24000
하이베이스,어골칼슘,기타수산물가공품,프랑스,★공급사 미상 → 후보,보통,적재,칼슘(어골),공급사 미상(source21),38000
하이베이스,어골칼슘,기타수산물가공품,프랑스,★공급사 미상 → 후보,보통,적재,칼슘(탄산),공급사 미상(source21),2500
하이베이스,어골칼슘,기타수산물가공품,프랑스,★공급사 미상 → 후보,보통,적재,칼슘(해조),공급사 미상(source21),9500
하이베이스,엉겅퀴추출분말,과.채가공품,중국,신규(DB에 없음),,적재,,,
하이베이스,엠에스엠(MSM),건강기능식품,중국,신규(DB에 없음),,적재,,,
하이베이스,연어이리추출물(분말),가공식품,일본,신규(DB에 없음),,적재,,,
하이베이스,엽록소함유식물(맥류약엽분말:보리),건강기능식품,호주,신규(DB에 없음),,적재,,,
하이베이스,옥타코사놀(Octacosanol:분말),건강기능식품,중국,★공급사 미상 → 후보,확실,적재,옥타코사놀,공급사 미상(source21),720000
하이베이스,옥타코사놀(Octacosanol:분말),건강기능식품,중국,타공급사 보유,확실,적재,옥타코사놀 60%,제일,650000
하이베이스,옥타코사놀(Octacosanol:분말),건강기능식품,중국,★공급사 미상 → 후보,보통,적재,옥타코사놀추출분말(60%),공급사 미상(source21),600000
하이베이스,옥타코사놀(Octacosanol:분말),건강기능식품,중국,★공급사 미상 → 후보,보통,적재,옥타코사놀추출분말,공급사 미상(source21),110000
하이베이스,요오드칼륨(Potassium Iodide),식품첨가물,인도,신규(DB에 없음),,적재,,,
하이베이스,윈터그린추출분말,가공식품,미국,신규(DB에 없음),,적재,,,
하이베이스,은행잎추출물(분말),건강기능식품,미국,★공급사 미상 → 후보,확실,적재,은행잎추출물,공급사 미상(source21),180000
하이베이스,은행잎추출물(분말),건강기능식품,미국,타공급사 보유,확실,적재,은행잎추출물,제일,160000
하이베이스,이소로이신(L-Isoleucine),식품첨가물,중국,★공급사 미상 → 후보,확실,적재,이소로이신,공급사 미상(source21),38000
하이베이스,이소로이신(L-Isoleucine),식품첨가물,중국,★공급사 미상 → 후보,높음,적재,L-이소로이신,공급사 미상(source21),21000
하이베이스,이소로이신(L-Isoleucine),식품첨가물,중국,타공급사 보유,높음,적재,L-이소로이신,태성,31000
하이베이스,이소로이신(L-Isoleucine),식품첨가물,중국,타공급사 보유,높음,적재,L-이소로이신,씨에스에프,39000
하이베이스,이소로이신(L-Isoleucine),식품첨가물,중국,★공급사 미상 → 후보,보통,적재,로이신(루신),공급사 미상(source21),28000
하이베이스,인디안구스베리추출분말,가공식품,인도,동일공급사 기등록,확실,적재,인디안 구스베리추출분말,하이베이스,90000
하이베이스,인디안구스베리추출분말,가공식품,인도,★공급사 미상 → 후보,확실,적재,인디안구스베리추출분말,공급사 미상(source21),80000
하이베이스,자일리톨(Xylitol:분말),식품첨가물,중국,★공급사 미상 → 후보,확실,적재,자일리톨,공급사 미상(source21),7500
하이베이스,자일리톨(Xylitol:분말),식품첨가물,중국,타공급사 보유,확실,적재,자일리톨,태성,7500
하이베이스,자일리톨(Xylitol:결정),식품첨가물,중국,★공급사 미상 → 후보,확실,적재,자일리톨,공급사 미상(source21),7500
하이베이스,자일리톨(Xylitol:결정),식품첨가물,중국,타공급사 보유,확실,적재,자일리톨,태성,7500
하이베이스,젖산철,식품첨가물,미국,신규(DB에 없음),,적재,,,
하이베이스,주석산수소콜린,식품첨가물,이태리,★공급사 미상 → 후보,확실,적재,주석산수소콜린,공급사 미상(source21),55000
하이베이스,차전자피(분말),건강기능식품,인도,타공급사 보유,확실,적재,차전자피(직수입),ambe,13000
하이베이스,차전자피(분말),건강기능식품,인도,★공급사 미상 → 후보,보통,적재,차전자피분말,공급사 미상(source21),17000
하이베이스,차전자피(분말),건강기능식품,인도,★공급사 미상 → 후보,보통,적재,차전자피분말,공급사 미상(source21),22000
하이베이스,차전자피(분말),건강기능식품,인도,★공급사 미상 → 후보,보통,적재,차전자피분말,공급사 미상(source21),9000
하이베이스,차전자피(분말),건강기능식품,인도,★공급사 미상 → 후보,보통,적재,차전자피분말,공급사 미상(source21),16000
하이베이스,차전자피(분말),건강기능식품,인도,동일공급사 기등록,보통,적재,차전자피 분말,하이베이스,9000
하이베이스,차전자피(분말),건강기능식품,인도,타공급사 보유,보통,적재,차전자피 분말,엘본에이치앤비,16000
하이베이스,차전자피(분말),건강기능식품,인도,타공급사 보유,보통,적재,차전자피 분말,바이오케어,22000
하이베이스,차전자피(분말),기타농산가공품,인도,타공급사 보유,확실,적재,차전자피(직수입),ambe,13000
하이베이스,차전자피(분말),기타농산가공품,인도,★공급사 미상 → 후보,보통,적재,차전자피분말,공급사 미상(source21),17000
하이베이스,차전자피(분말),기타농산가공품,인도,★공급사 미상 → 후보,보통,적재,차전자피분말,공급사 미상(source21),22000
하이베이스,차전자피(분말),기타농산가공품,인도,★공급사 미상 → 후보,보통,적재,차전자피분말,공급사 미상(source21),9000
하이베이스,차전자피(분말),기타농산가공품,인도,★공급사 미상 → 후보,보통,적재,차전자피분말,공급사 미상(source21),16000
하이베이스,차전자피(분말),기타농산가공품,인도,동일공급사 기등록,보통,적재,차전자피 분말,하이베이스,9000
하이베이스,차전자피(분말),기타농산가공품,인도,타공급사 보유,보통,적재,차전자피 분말,엘본에이치앤비,16000
하이베이스,차전자피(분말),기타농산가공품,인도,타공급사 보유,보통,적재,차전자피 분말,바이오케어,22000
하이베이스,차전자피(분말),기타농산가공품,인도,타공급사 보유,확실,적재,차전자피(직수입),ambe,13000
하이베이스,차전자피(분말),기타농산가공품,인도,★공급사 미상 → 후보,보통,적재,차전자피분말,공급사 미상(source21),17000
하이베이스,차전자피(분말),기타농산가공품,인도,★공급사 미상 → 후보,보통,적재,차전자피분말,공급사 미상(source21),22000
하이베이스,차전자피(분말),기타농산가공품,인도,★공급사 미상 → 후보,보통,적재,차전자피분말,공급사 미상(source21),9000
하이베이스,차전자피(분말),기타농산가공품,인도,★공급사 미상 → 후보,보통,적재,차전자피분말,공급사 미상(source21),16000
하이베이스,차전자피(분말),기타농산가공품,인도,동일공급사 기등록,보통,적재,차전자피 분말,하이베이스,9000
하이베이스,차전자피(분말),기타농산가공품,인도,타공급사 보유,보통,적재,차전자피 분말,엘본에이치앤비,16000
하이베이스,차전자피(분말),기타농산가공품,인도,타공급사 보유,보통,적재,차전자피 분말,바이오케어,22000
하이베이스,차전자피(분말)/S:환제조용,기타농산가공품,인도,신규(DB에 없음),,적재,,,
하이베이스,차풀추출분말,가공식품,중국,신규(DB에 없음),,적재,,,
하이베이스,카르니틴(L-Carnitine),식품첨가물,중국,★공급사 미상 → 후보,확실,적재,카르니틴,공급사 미상(source21),50000
하이베이스,카르니틴(L-Carnitine),식품첨가물,중국,★공급사 미상 → 후보,확실,적재,카르니틴(L),공급사 미상(source21),50000
하이베이스,카르니틴(L-Carnitine),식품첨가물,중국,타공급사 보유,확실,적재,카르니틴(L),원아,37000
하이베이스,카르니틴(L-Carnitine),식품첨가물,중국,타공급사 보유,보통,적재,L-카르니틴,씨에스에프,36000
하이베이스,카르니틴(L-Carnitine),식품첨가물,중국,타공급사 보유,보통,적재,L-카르니틴,씨에스에프,35000
하이베이스,까무까무분말,과.채가공품,페루,신규(DB에 없음),,적재,,,
하이베이스,카제인단백 가수분해물(HCP-102),축산물,뉴질랜드,신규(DB에 없음),,적재,,,
하이베이스,카카두플럼추출분말,고형차,중국,신규(DB에 없음),,적재,,,
하이베이스,카카오닙스,코코아매스,페루,신규(DB에 없음),,적재,,,
하이베이스,칸탈루프추출분말,가공식품,중국,신규(DB에 없음),,적재,,,
하이베이스,코엔자임Q10(Coenzyme Q10),건강기능식품,중국,★공급사 미상 → 후보,확실,적재,코엔자임Q10,공급사 미상(source21),850000
하이베이스,코엔자임Q10(Coenzyme Q10),건강기능식품,중국,★공급사 미상 → 후보,확실,적재,코엔자임Q10,공급사 미상(source21),830000
하이베이스,코엔자임Q10(Coenzyme Q10),건강기능식품,중국,★공급사 미상 → 후보,확실,적재,코엔자임Q10,공급사 미상(source21),770000
하이베이스,코엔자임Q10(Coenzyme Q10),건강기능식품,중국,타공급사 보유,확실,적재,코엔자임Q10,태성,680000
하이베이스,콜라겐(저분자 피쉬 콜라겐분말),가공식품,대만,★공급사 미상 → 후보,확실,적재,콜라겐(당근),공급사 미상(source21),70000
하이베이스,콜라겐(저분자 피쉬 콜라겐분말),가공식품,대만,★공급사 미상 → 후보,확실,적재,콜라겐(비변성2형),공급사 미상(source21),7700000
하이베이스,콜라겐(저분자 피쉬 콜라겐분말),가공식품,대만,★공급사 미상 → 후보,확실,적재,콜라겐(어린피쉬),공급사 미상(source21),36000
하이베이스,콜라겐(저분자 피쉬 콜라겐분말),가공식품,대만,★공급사 미상 → 후보,확실,적재,콜라겐(어린피쉬),공급사 미상(source21),46000
하이베이스,콜라겐(저분자 피쉬 콜라겐분말),가공식품,대만,★공급사 미상 → 후보,확실,적재,콜라겐(피쉬),공급사 미상(source21),24000
하이베이스,콜라겐(저분자 피쉬 콜라겐분말),가공식품,대만,★공급사 미상 → 후보,확실,적재,콜라겐(피쉬),공급사 미상(source21),38000
하이베이스,콜라겐(저분자 피쉬 콜라겐분말),가공식품,대만,★공급사 미상 → 후보,확실,적재,콜라겐(피쉬),공급사 미상(source21),29000
하이베이스,콜라겐(저분자 피쉬 콜라겐분말),가공식품,대만,★공급사 미상 → 후보,확실,적재,콜라겐(피쉬),공급사 미상(source21),28000
하이베이스,콜라겐(저분자 피쉬 콜라겐분말),가공식품,대만,★공급사 미상 → 후보,보통,적재,콜라겐분말,공급사 미상(source21),40000
하이베이스,콜라겐(저분자 피쉬 콜라겐분말),가공식품,대만,★공급사 미상 → 후보,보통,적재,콜라겐분말,공급사 미상(source21),32000
하이베이스,콜라겐(저분자 피쉬 콜라겐분말),가공식품,대만,타공급사 보유,보통,적재,피쉬콜라겐,세일인터내셔널,42000
하이베이스,콜라겐(저분자 피쉬 콜라겐분말),가공식품,중국,★공급사 미상 → 후보,확실,적재,콜라겐(당근),공급사 미상(source21),70000
하이베이스,콜라겐(저분자 피쉬 콜라겐분말),가공식품,중국,★공급사 미상 → 후보,확실,적재,콜라겐(비변성2형),공급사 미상(source21),7700000
하이베이스,콜라겐(저분자 피쉬 콜라겐분말),가공식품,중국,★공급사 미상 → 후보,확실,적재,콜라겐(어린피쉬),공급사 미상(source21),36000
하이베이스,콜라겐(저분자 피쉬 콜라겐분말),가공식품,중국,★공급사 미상 → 후보,확실,적재,콜라겐(어린피쉬),공급사 미상(source21),46000
하이베이스,콜라겐(저분자 피쉬 콜라겐분말),가공식품,중국,★공급사 미상 → 후보,확실,적재,콜라겐(피쉬),공급사 미상(source21),24000
하이베이스,콜라겐(저분자 피쉬 콜라겐분말),가공식품,중국,★공급사 미상 → 후보,확실,적재,콜라겐(피쉬),공급사 미상(source21),38000
하이베이스,콜라겐(저분자 피쉬 콜라겐분말),가공식품,중국,★공급사 미상 → 후보,확실,적재,콜라겐(피쉬),공급사 미상(source21),29000
하이베이스,콜라겐(저분자 피쉬 콜라겐분말),가공식품,중국,★공급사 미상 → 후보,확실,적재,콜라겐(피쉬),공급사 미상(source21),28000
하이베이스,콜라겐(저분자 피쉬 콜라겐분말),가공식품,중국,★공급사 미상 → 후보,보통,적재,콜라겐분말,공급사 미상(source21),40000
하이베이스,콜라겐(저분자 피쉬 콜라겐분말),가공식품,중국,★공급사 미상 → 후보,보통,적재,콜라겐분말,공급사 미상(source21),32000
하이베이스,콜라겐(저분자 피쉬 콜라겐분말),가공식품,중국,타공급사 보유,보통,적재,피쉬콜라겐,세일인터내셔널,42000
하이베이스,콜레우스포스콜리추출분말,고형차,중국,신규(DB에 없음),,적재,,,
하이베이스,콩제비꽃추출분말,과.채가공품,중국,신규(DB에 없음),,적재,,,
하이베이스,키토산(Chitosan:분말),건강기능식품,태국,★공급사 미상 → 후보,확실,적재,키토산,공급사 미상(source21),45000
하이베이스,키토산(Chitosan:분말),건강기능식품,태국,타공급사 보유,확실,적재,키토산,제일,36000
하이베이스,키토산(Chitosan:분말),건강기능식품,태국,★공급사 미상 → 후보,보통,적재,키토산분말,공급사 미상(source21),58000
하이베이스,타우린(Taurine),식품첨가물,중국,★공급사 미상 → 후보,확실,적재,타우린,공급사 미상(source21),6500
하이베이스,타트체리추출분말,과.채가공품,중국,신규(DB에 없음),,적재,,,
하이베이스,테아닌(L-Theanine),건강기능식품,중국,★공급사 미상 → 후보,확실,적재,테아닌,공급사 미상(source21),100000
하이베이스,테아닌(L-Theanine),건강기능식품,중국,타공급사 보유,확실,적재,테아닌(L)98%,ambe,67165
하이베이스,테아닌(L-Theanine),건강기능식품,중국,타공급사 보유,확실,적재,테아닌,성원에프엔비,65000
하이베이스,테아닌(L-Theanine),식품첨가물,중국,★공급사 미상 → 후보,확실,적재,테아닌,공급사 미상(source21),100000
하이베이스,테아닌(L-Theanine),식품첨가물,중국,타공급사 보유,확실,적재,테아닌(L)98%,ambe,67165
하이베이스,테아닌(L-Theanine),식품첨가물,중국,타공급사 보유,확실,적재,테아닌,성원에프엔비,65000
하이베이스,튀긴마늘플레이크,과.채가공품,중국,신규(DB에 없음),,적재,,,
하이베이스,트레오닌(L-Threonine),식품첨가물,중국,★공급사 미상 → 후보,보통,적재,L-트레오닌,공급사 미상(source21),12000
하이베이스,트레오닌(L-Threonine),식품첨가물,중국,동일공급사 기등록,보통,적재,L-트레오닌(아미노산)분말,하이베이스,8500
하이베이스,트립토판(L-Tryptophan),식품첨가물,중국,★공급사 미상 → 후보,확실,적재,트립토판,공급사 미상(source21),28000
하이베이스,트립토판(L-Tryptophan),식품첨가물,중국,★공급사 미상 → 후보,확실,적재,트립토판,공급사 미상(source21),260000
하이베이스,트립토판(L-Tryptophan),식품첨가물,중국,★공급사 미상 → 후보,확실,적재,트립토판,공급사 미상(source21),190000
하이베이스,트립토판(L-Tryptophan),식품첨가물,중국,동일공급사 기등록,확실,적재,트립토판,하이베이스,28000
하이베이스,트립토판(L-Tryptophan),식품첨가물,중국,★공급사 미상 → 후보,보통,적재,L-트립토판,공급사 미상(source21),30000
하이베이스,트립토판(L-Tryptophan),식품첨가물,중국,타공급사 보유,보통,적재,L-트립토판,arisun,20400
하이베이스,티로신(L-Tyrosine),식품첨가물,중국,★공급사 미상 → 후보,보통,적재,L-티로신,공급사 미상(source21),37000
하이베이스,티로신(L-Tyrosine),식품첨가물,중국,타공급사 보유,보통,적재,L-티로신,서호상사,37000
하이베이스,패각칼슘(식용패각칼슘:이온화),가공식품,일본,★공급사 미상 → 후보,보통,적재,칼슘(구연산),공급사 미상(source21),17000
하이베이스,패각칼슘(식용패각칼슘:이온화),가공식품,일본,★공급사 미상 → 후보,보통,적재,칼슘(밀크칼슘),공급사 미상(source21),20000
하이베이스,패각칼슘(식용패각칼슘:이온화),가공식품,일본,★공급사 미상 → 후보,보통,적재,칼슘(밀크칼슘),공급사 미상(source21),17000
하이베이스,패각칼슘(식용패각칼슘:이온화),가공식품,일본,★공급사 미상 → 후보,보통,적재,칼슘(산호),공급사 미상(source21),20000
하이베이스,패각칼슘(식용패각칼슘:이온화),가공식품,일본,★공급사 미상 → 후보,보통,적재,칼슘(산호),공급사 미상(source21),24000
하이베이스,패각칼슘(식용패각칼슘:이온화),가공식품,일본,★공급사 미상 → 후보,보통,적재,칼슘(어골),공급사 미상(source21),38000
하이베이스,패각칼슘(식용패각칼슘:이온화),가공식품,일본,★공급사 미상 → 후보,보통,적재,칼슘(탄산),공급사 미상(source21),2500
하이베이스,패각칼슘(식용패각칼슘:이온화),가공식품,일본,★공급사 미상 → 후보,보통,적재,칼슘(해조),공급사 미상(source21),9500
하이베이스,페닐알라닌(L-Phenylalanine),식품첨가물,중국,★공급사 미상 → 후보,높음,적재,L-페닐알라닌,공급사 미상(source21),25000
하이베이스,페닐알라닌(L-Phenylalanine),식품첨가물,중국,타공급사 보유,높음,적재,L-페닐알라닌,씨에스에프,24000
하이베이스,포스파티딜세린분말,건강기능식품,미국,★공급사 미상 → 후보,확실,적재,포스파티딜세린분말,공급사 미상(source21),660000
하이베이스,포스파티딜세린분말,건강기능식품,미국,★공급사 미상 → 후보,확실,적재,포스파티딜세린분말,공급사 미상(source21),500000
하이베이스,포스파티딜세린분말,건강기능식품,미국,동일공급사 기등록,높음,적재,포스파티딜세린,하이베이스,660000
하이베이스,포스파티딜세린분말,건강기능식품,미국,★공급사 미상 → 후보,높음,적재,포스파티딜세린70%,공급사 미상(source21),590000
하이베이스,포스파티딜세린분말,건강기능식품,미국,타공급사 보유,높음,적재,포스파티딜세린 70%,오앤컴퍼니,630000
하이베이스,포스파티딜세린분말,건강기능식품,미국,타공급사 보유,높음,적재,포스파티딜세린(70%),ambe,379050
하이베이스,푸마르산제일철,식품첨가물,미국,동일공급사 기등록,보통,적재,푸마르산(Fumaric acid),하이베이스,5000
하이베이스,푸마르산제일철,식품첨가물,미국,타공급사 보유,보통,적재,푸마르산(Fumaric acid),선일에프앤씨,3700
하이베이스,풋사과추출분말,가공식품,중국,신규(DB에 없음),,적재,,,
하이베이스,프락토올리고분말(FOS-95),건강기능식품,중국,신규(DB에 없음),,적재,,,
하이베이스,프로폴리스(Propolis:분말),건강기능식품,중국,★공급사 미상 → 후보,확실,적재,프로폴리스,공급사 미상(source21),90000
하이베이스,프로폴리스(Propolis:분말),건강기능식품,중국,★공급사 미상 → 후보,확실,적재,프로폴리스,공급사 미상(source21),420000
하이베이스,프로폴리스(Propolis:분말),건강기능식품,중국,타공급사 보유,확실,적재,(유기농) 프로폴리스,제일,650000
하이베이스,프로폴리스(Propolis:분말),건강기능식품,중국,★공급사 미상 → 후보,높음,적재,그린프로폴리스,공급사 미상(source21),300000
하이베이스,프로폴리스(Propolis:분말),건강기능식품,중국,타공급사 보유,높음,적재,그린프로폴리스,제일,330000
하이베이스,프로폴리스(Propolis:분말),건강기능식품,호주,★공급사 미상 → 후보,확실,적재,프로폴리스,공급사 미상(source21),90000
하이베이스,프로폴리스(Propolis:분말),건강기능식품,호주,★공급사 미상 → 후보,확실,적재,프로폴리스,공급사 미상(source21),420000
하이베이스,프로폴리스(Propolis:분말),건강기능식품,호주,타공급사 보유,확실,적재,(유기농) 프로폴리스,제일,650000
하이베이스,프로폴리스(Propolis:분말),건강기능식품,호주,★공급사 미상 → 후보,높음,적재,그린프로폴리스,공급사 미상(source21),300000
하이베이스,프로폴리스(Propolis:분말),건강기능식품,호주,타공급사 보유,높음,적재,그린프로폴리스,제일,330000
하이베이스,프롤린(L-Proline),식품첨가물,중국,★공급사 미상 → 후보,확실,적재,프롤린,공급사 미상(source21),33000
하이베이스,핑거루트추출분말,고형차,중국,★공급사 미상 → 후보,확실,적재,핑거루트 추출분말(개별인정형),공급사 미상(source21),330000
하이베이스,핑거루트추출분말,고형차,중국,★공급사 미상 → 후보,확실,적재,핑거루트추출분말,공급사 미상(source21),300000
하이베이스,핑거루트추출분말,고형차,중국,타공급사 보유,확실,적재,핑거루트추출분말(판두라틴),뉴트리,320000
하이베이스,핑거루트추출분말,고형차,중국,동일공급사 기등록,확실,적재,핑거루트추출분말(판두라틴),하이베이스,30000
하이베이스,핑거루트추출분말,고형차,중국,동일공급사 기등록,확실,적재,핑거루트추출분말(판두라틴),하이베이스,13000
하이베이스,헤마토코쿠스추출분말,가공식품,인도,신규(DB에 없음),,적재,,,
하이베이스,헤마토코쿠스추출분말,가공식품,중국,신규(DB에 없음),,적재,,,
하이베이스,헤스페리딘(Hesperidin),식품첨가물,중국,신규(DB에 없음),,적재,,,
하이베이스,황산동(구리),식품첨가물,미국,신규(DB에 없음),,적재,,,
하이베이스,황산망간,식품첨가물,미국,신규(DB에 없음),,적재,,,
하이베이스,황산아연,식품첨가물,일본,신규(DB에 없음),,적재,,,
하이베이스,회화나무열매추출물(분말),건강기능식품,인도,신규(DB에 없음),,적재,,,
하이베이스,회화나무열매추출물(분말),고형차,중국,신규(DB에 없음),,적재,,,
하이베이스,홍국분말,건강기능식품,미국,동일공급사 기등록,확실,적재,홍국(모나콜린)분말,하이베이스,150000
하이베이스,홍국분말,건강기능식품,미국,★공급사 미상 → 후보,보통,적재,홍국,공급사 미상(source21),170000
하이베이스,홍국분말,건강기능식품,미국,★공급사 미상 → 후보,보통,적재,홍국,공급사 미상(source21),270000
하이베이스,효모추출분말((Prosol),가공식품,이태리,신규(DB에 없음),,적재,,,
하이베이스,흰강낭콩추출분말,가공식품,인도,★공급사 미상 → 후보,확실,적재,흰강낭콩추출분말,공급사 미상(source21),15000
하이베이스,흰강낭콩추출분말,가공식품,인도,★공급사 미상 → 후보,확실,적재,흰강낭콩추출분말,공급사 미상(source21),45000
하이베이스,흰강낭콩추출분말,가공식품,인도,타공급사 보유,확실,적재,흰강낭콩추출분말,해찬솔,15000
하이베이스,흰강낭콩추출분말,가공식품,인도,동일공급사 기등록,확실,적재,흰강낭콩추출분말,하이베이스,45000
하이베이스,히드록시프로필메틸셀룰로스(HPMC),식품첨가물,중국,신규(DB에 없음),,적재,,,
하이베이스,히스티딘(L-Histidine),식품첨가물,중국,★공급사 미상 → 후보,확실,적재,히스티딘,공급사 미상(source21),110000
하이베이스,히스티딘(L-Histidine),식품첨가물,중국,동일공급사 기등록,확실,적재,히스티딘,하이베이스,110000
하이베이스,히알루론산(Hyalronic Acid:저분자),건강기능식품,중국,★공급사 미상 → 후보,확실,적재,히알루론산,공급사 미상(source21),440000
하이베이스,히알루론산(Hyalronic Acid:저분자),건강기능식품,중국,★공급사 미상 → 후보,확실,적재,히알루론산,공급사 미상(source21),370000
하이베이스,히알루론산(Hyalronic Acid:저분자),건강기능식품,중국,★공급사 미상 → 후보,확실,적재,히알루론산,공급사 미상(source21),275000
하이베이스,히알루론산(Hyalronic Acid:저분자),건강기능식품,중국,★공급사 미상 → 후보,보통,적재,히알루론산혼합제제,공급사 미상(source21),140000
하이베이스,히알루론산(Hyalronic Acid:저분자),식품첨가물,중국,★공급사 미상 → 후보,확실,적재,히알루론산,공급사 미상(source21),440000
하이베이스,히알루론산(Hyalronic Acid:저분자),식품첨가물,중국,★공급사 미상 → 후보,확실,적재,히알루론산,공급사 미상(source21),370000
하이베이스,히알루론산(Hyalronic Acid:저분자),식품첨가물,중국,★공급사 미상 → 후보,확실,적재,히알루론산,공급사 미상(source21),275000
하이베이스,히알루론산(Hyalronic Acid:저분자),식품첨가물,중국,★공급사 미상 → 후보,보통,적재,히알루론산혼합제제,공급사 미상(source21),140000
하이베이스,그라비올라추출분말(가시여지),가공식품,인도네시아,신규(DB에 없음),,적재,,,
하이베이스,마카추출분말(Maca),가공식품,페루,타공급사 보유,높음,적재,레드마카추출분말,태성,80000
하이베이스,마테추출분말(Mate),가공식품,브라질,★공급사 미상 → 후보,확실,적재,마테추출분말,공급사 미상(source21),16000
하이베이스,마테추출분말(Mate),가공식품,브라질,★공급사 미상 → 후보,확실,적재,마테추출분말,공급사 미상(source21),50000
하이베이스,마테추출분말(Mate),가공식품,브라질,타공급사 보유,확실,적재,마테추출분말,해찬솔,16000
하이베이스,마테추출분말(Mate),가공식품,브라질,동일공급사 기등록,확실,적재,마테추출분말,하이베이스,50000
하이베이스,모유유래유산균 큐티(3종),가공식품,한국,동일공급사 기등록,높음,적재,모유유래 유산균,하이베이스,30000
하이베이스,스테비아혼합분말,가공식품,한국,신규(DB에 없음),,적재,,,
하이베이스,옥타코사놀(액상:수용성),건강기능식품,한국,★공급사 미상 → 후보,확실,적재,옥타코사놀,공급사 미상(source21),720000
하이베이스,옥타코사놀(액상:수용성),건강기능식품,한국,타공급사 보유,확실,적재,옥타코사놀 60%,제일,650000
하이베이스,옥타코사놀(액상:수용성),건강기능식품,한국,★공급사 미상 → 후보,보통,적재,옥타코사놀추출분말(60%),공급사 미상(source21),600000
하이베이스,옥타코사놀(액상:수용성),건강기능식품,한국,★공급사 미상 → 후보,보통,적재,옥타코사놀추출분말,공급사 미상(source21),110000
하이베이스,유산균혼합분말,가공식품,한국,신규(DB에 없음),,적재,,,
하이베이스,정향추출물(액상),가공식품,중국,신규(DB에 없음),,적재,,,
하이베이스,지지유산균(락토바실러스람노서스GG유산균),가공식품,한국,타공급사 보유,보통,적재,유산균,메디오젠,540000
하이베이스,지지유산균(락토바실러스람노서스GG유산균),가공식품,한국,타공급사 보유,보통,적재,유산균(가세리유산균엘2),메디오젠,170000
하이베이스,지지유산균(락토바실러스람노서스GG유산균),가공식품,한국,★공급사 미상 → 후보,보통,적재,"유산균(고초균,당화균)(subtillus)",공급사 미상(source21),55000
하이베이스,지지유산균(락토바실러스람노서스GG유산균),가공식품,한국,★공급사 미상 → 후보,보통,적재,유산균(국내산구강유산균),공급사 미상(source21),1200000
하이베이스,지지유산균(락토바실러스람노서스GG유산균),가공식품,한국,★공급사 미상 → 후보,보통,적재,유산균(낙산균)(글스트리움부틸리콤미야이리2),공급사 미상(source21),600000
하이베이스,지지유산균(락토바실러스람노서스GG유산균),가공식품,한국,★공급사 미상 → 후보,보통,적재,유산균(다니스코),공급사 미상(source21),650000
하이베이스,지지유산균(락토바실러스람노서스GG유산균),가공식품,한국,★공급사 미상 → 후보,보통,적재,유산균(당화균),공급사 미상(source21),45000
하이베이스,지지유산균(락토바실러스람노서스GG유산균),가공식품,한국,★공급사 미상 → 후보,보통,적재,유산균(대만산구강유산균),공급사 미상(source21),1500000
하이베이스,지지유산균(락토바실러스람노서스GG유산균),가공식품,한국,★공급사 미상 → 후보,보통,적재,유산균(디글루GLU70),공급사 미상(source21),120000
하이베이스,지지유산균(락토바실러스람노서스GG유산균),가공식품,한국,★공급사 미상 → 후보,보통,적재,유산균(디글루MB0601),공급사 미상(source21),120000
하이베이스,지지유산균(락토바실러스람노서스GG유산균),가공식품,한국,타공급사 보유,보통,적재,유산균(디아이(DI)(8종혼합유산균),메디오젠,570000
하이베이스,지지유산균(락토바실러스람노서스GG유산균),가공식품,한국,★공급사 미상 → 후보,보통,적재,유산균(락토바실러스 애시도 필루스),공급사 미상(source21),290000
하이베이스,지지유산균(락토바실러스람노서스GG유산균),가공식품,한국,★공급사 미상 → 후보,보통,적재,유산균(락토바실러스 카제이),공급사 미상(source21),500000
하이베이스,지지유산균(락토바실러스람노서스GG유산균),가공식품,한국,★공급사 미상 → 후보,보통,적재,유산균(락토바실러스코오귤런스),공급사 미상(source21),470000
하이베이스,지지유산균(락토바실러스람노서스GG유산균),가공식품,한국,★공급사 미상 → 후보,보통,적재,유산균(락토바실러스파라카제이),공급사 미상(source21),1500000
하이베이스,지지유산균(락토바실러스람노서스GG유산균),가공식품,한국,★공급사 미상 → 후보,보통,적재,유산균(락토바실러스플란타룸),공급사 미상(source21),490000
하이베이스,지지유산균(락토바실러스람노서스GG유산균),가공식품,한국,★공급사 미상 → 후보,보통,적재,유산균(루테리),공급사 미상(source21),400000
하이베이스,지지유산균(락토바실러스람노서스GG유산균),가공식품,한국,★공급사 미상 → 후보,보통,적재,유산균(루테리)(엘2),공급사 미상(source21),140000
하이베이스,지지유산균(락토바실러스람노서스GG유산균),가공식품,한국,★공급사 미상 → 후보,보통,적재,유산균(미야리균)(낙산균),공급사 미상(source21),500000
하이베이스,지지유산균(락토바실러스람노서스GG유산균),가공식품,한국,★공급사 미상 → 후보,보통,적재,유산균(보울라디유산균),공급사 미상(source21),280000
하이베이스,지지유산균(락토바실러스람노서스GG유산균),가공식품,한국,★공급사 미상 → 후보,보통,적재,유산균(비피도박테리움 브레브),공급사 미상(source21),390000
하이베이스,지지유산균(락토바실러스람노서스GG유산균),가공식품,한국,★공급사 미상 → 후보,보통,적재,유산균(비피도박테리움 애니멀리스 락티스),공급사 미상(source21),340000
하이베이스,지지유산균(락토바실러스람노서스GG유산균),가공식품,한국,타공급사 보유,보통,적재,유산균(비피도박테리움락티스분말),에스제이디,470000
하이베이스,지지유산균(락토바실러스람노서스GG유산균),가공식품,한국,타공급사 보유,보통,적재,유산균(비피도박테리움락티스분말),듀퐁산,2200000
하이베이스,지지유산균(락토바실러스람노서스GG유산균),가공식품,한국,★공급사 미상 → 후보,보통,적재,유산균(비피도박테리움비피덤),공급사 미상(source21),170000
하이베이스,지지유산균(락토바실러스람노서스GG유산균),가공식품,한국,★공급사 미상 → 후보,보통,적재,유산균(알러지),공급사 미상(source21),1300000
하이베이스,지지유산균(락토바실러스람노서스GG유산균),가공식품,한국,★공급사 미상 → 후보,보통,적재,"유산균(비염,면역)",공급사 미상(source21),1500000
하이베이스,지지유산균(락토바실러스람노서스GG유산균),가공식품,한국,★공급사 미상 → 후보,보통,적재,유산균(엔테코커스페슘분말),공급사 미상(source21),510000
하이베이스,지지유산균(락토바실러스람노서스GG유산균),가공식품,한국,★공급사 미상 → 후보,보통,적재,유산균(질유산균8종VL8),공급사 미상(source21),890000
하이베이스,지지유산균(락토바실러스람노서스GG유산균),가공식품,한국,타공급사 보유,보통,적재,유산균(퍼맨텀)(엘2),메디오젠,150000
하이베이스,지지유산균(락토바실러스람노서스GG유산균),가공식품,한국,★공급사 미상 → 후보,보통,적재,유산균(항비만유산균 10종혼합유산균F2200),공급사 미상(source21),1800000
하이베이스,지지유산균(락토바실러스람노서스GG유산균),가공식품,한국,★공급사 미상 → 후보,보통,적재,유산균(혼합분말)(17종),공급사 미상(source21),340000
하이베이스,포스트바이오틱스&프롤린유산균,가공식품,한국,신규(DB에 없음),,적재,,,
하이베이스,하이매스틱분말,가공식품,한국,신규(DB에 없음),,적재,,,
하이베이스,회향추출물(액상),가공식품,중국,타공급사 보유,높음,적재,회향추출물 60kg작업,해찬솔,600000
바른에프피,Coenzyme Q10,항산화/항염/혈압,중국,신규(DB에 없음),,적재,,,
바른에프피,Coenzyme Q10,항산화/항염/혈압,인도,신규(DB에 없음),,적재,,,
바른에프피,수분산 Coenzyme Q10,항산화/항염/혈압,이탈리아,신규(DB에 없음),,적재,,,
바른에프피,"프로폴리스 액상, 분말",항산화/항염/혈압,호주,★공급사 미상 → 후보,보통,적재,프로폴리스,공급사 미상(source21),90000
바른에프피,"프로폴리스 액상, 분말",항산화/항염/혈압,호주,★공급사 미상 → 후보,보통,적재,프로폴리스,공급사 미상(source21),420000
바른에프피,"프로폴리스 액상, 분말",항산화/항염/혈압,호주,타공급사 보유,보통,적재,(유기농) 프로폴리스,제일,650000
바른에프피,그린프로폴리스,항산화/항염/혈압,브라질,★공급사 미상 → 후보,확실,적재,그린프로폴리스,공급사 미상(source21),300000
바른에프피,그린프로폴리스,항산화/항염/혈압,브라질,타공급사 보유,확실,적재,그린프로폴리스,제일,330000
바른에프피,그린프로폴리스,항산화/항염/혈압,브라질,★공급사 미상 → 후보,높음,적재,프로폴리스,공급사 미상(source21),90000
바른에프피,그린프로폴리스,항산화/항염/혈압,브라질,★공급사 미상 → 후보,높음,적재,프로폴리스,공급사 미상(source21),420000
바른에프피,그린프로폴리스,항산화/항염/혈압,브라질,타공급사 보유,높음,적재,(유기농) 프로폴리스,제일,650000
바른에프피,수분산 강황추출물(커큐민),항산화/항염/혈압,인도,신규(DB에 없음),,적재,,,
바른에프피,아사이베리파우더,항산화/항염/혈압,"브라질,미국",신규(DB에 없음),,적재,,,
바른에프피,녹차추출분말(카테킨),항산화/항염/혈압,인도,타공급사 보유,확실,적재,녹차추출분말(카테킨함량70%),하이베이스,80000
바른에프피,녹차추출분말(카테킨),항산화/항염/혈압,인도,타공급사 보유,확실,적재,녹차추출분말(카테킨함량70%),하이베이스,77000
바른에프피,녹차추출분말(카테킨),항산화/항염/혈압,인도,타공급사 보유,확실,적재,녹차추출분말(카테킨함량75%),하이베이스,88000
바른에프피,녹차추출분말(카테킨),항산화/항염/혈압,인도,타공급사 보유,확실,적재,녹차추출분말(카테킨함량70%),엘본에이치앤비,79000
바른에프피,녹차추출분말(카테킨),항산화/항염/혈압,인도,타공급사 보유,확실,적재,녹차추출분말,올담식품,16000
바른에프피,마퀴베리분말,항산화/항염/혈압,칠레,신규(DB에 없음),,적재,,,
바른에프피,아세로라추출분말,항산화/항염/혈압,인도,신규(DB에 없음),,적재,,,
바른에프피,홍삼농축액(4년근),항산화/항염/혈압,국산,★공급사 미상 → 후보,확실,적재,홍삼농축액,공급사 미상(source21),170000
바른에프피,홍삼농축액(4년근),항산화/항염/혈압,국산,★공급사 미상 → 후보,확실,적재,홍삼농축액(6년근),공급사 미상(source21),210000
바른에프피,홍삼농축액(4년근),항산화/항염/혈압,국산,타공급사 보유,확실,적재,홍삼농축액(6년근),현대바이오랜드,210000
바른에프피,홍삼농축액(4년근),항산화/항염/혈압,국산,타공급사 보유,확실,적재,홍삼농축액,선일에프앤비,123000
바른에프피,홍삼농축액(4년근),항산화/항염/혈압,국산,타공급사 보유,확실,적재,홍삼농축액,선일에프앤비,145000
바른에프피,홍삼농축액(4년근),항산화/항염/혈압,국산,★공급사 미상 → 후보,높음,적재,발효홍삼농축액(6년근),공급사 미상(source21),250000
바른에프피,홍삼농축액(4년근),항산화/항염/혈압,국산,★공급사 미상 → 후보,높음,적재,홍삼농축액분말(4년근),공급사 미상(source21),310000
바른에프피,홍삼농축액(4년근),항산화/항염/혈압,국산,★공급사 미상 → 후보,높음,적재,홍삼농축액분말(6년근),공급사 미상(source21),330000
바른에프피,홍삼농축액(4년근),항산화/항염/혈압,국산,타공급사 보유,높음,적재,홍삼농축액분말(4년근),현대바이오랜드,310000
바른에프피,홍삼농축액(4년근),항산화/항염/혈압,국산,타공급사 보유,높음,적재,홍삼농축액분말(6년근),현대바이오랜드,330000
바른에프피,홍삼농축액(4년근),항산화/항염/혈압,국산,타공급사 보유,높음,적재,발효홍삼농축액(6년근),현대바이오랜드,250000
바른에프피,홍삼농축액(4년근),항산화/항염/혈압,국산,★공급사 미상 → 후보,보통,적재,발효홍삼농축액분말(6년근),공급사 미상(source21),260000
바른에프피,홍삼농축액(4년근),항산화/항염/혈압,국산,타공급사 보유,보통,적재,발효홍삼농축액분말(6년근),현대바이오랜드,260000
바른에프피,홍삼농축분말(4년근),항산화/항염/혈압,국산,타공급사 보유,확실,적재,홍삼농축분말,하이베이스,180000
바른에프피,홍삼농축액(6년근),항산화/항염/혈압,국산,★공급사 미상 → 후보,확실,적재,홍삼농축액,공급사 미상(source21),170000
바른에프피,홍삼농축액(6년근),항산화/항염/혈압,국산,★공급사 미상 → 후보,확실,적재,홍삼농축액(6년근),공급사 미상(source21),210000
바른에프피,홍삼농축액(6년근),항산화/항염/혈압,국산,타공급사 보유,확실,적재,홍삼농축액(6년근),현대바이오랜드,210000
바른에프피,홍삼농축액(6년근),항산화/항염/혈압,국산,타공급사 보유,확실,적재,홍삼농축액,선일에프앤비,123000
바른에프피,홍삼농축액(6년근),항산화/항염/혈압,국산,타공급사 보유,확실,적재,홍삼농축액,선일에프앤비,145000
바른에프피,홍삼농축액(6년근),항산화/항염/혈압,국산,★공급사 미상 → 후보,높음,적재,발효홍삼농축액(6년근),공급사 미상(source21),250000
바른에프피,홍삼농축액(6년근),항산화/항염/혈압,국산,★공급사 미상 → 후보,높음,적재,홍삼농축액분말(4년근),공급사 미상(source21),310000
바른에프피,홍삼농축액(6년근),항산화/항염/혈압,국산,★공급사 미상 → 후보,높음,적재,홍삼농축액분말(6년근),공급사 미상(source21),330000
바른에프피,홍삼농축액(6년근),항산화/항염/혈압,국산,타공급사 보유,높음,적재,홍삼농축액분말(4년근),현대바이오랜드,310000
바른에프피,홍삼농축액(6년근),항산화/항염/혈압,국산,타공급사 보유,높음,적재,홍삼농축액분말(6년근),현대바이오랜드,330000
바른에프피,홍삼농축액(6년근),항산화/항염/혈압,국산,타공급사 보유,높음,적재,발효홍삼농축액(6년근),현대바이오랜드,250000
바른에프피,홍삼농축액(6년근),항산화/항염/혈압,국산,★공급사 미상 → 후보,보통,적재,발효홍삼농축액분말(6년근),공급사 미상(source21),260000
바른에프피,홍삼농축액(6년근),항산화/항염/혈압,국산,타공급사 보유,보통,적재,발효홍삼농축액분말(6년근),현대바이오랜드,260000
바른에프피,홍삼농축분말(6년근),항산화/항염/혈압,국산,타공급사 보유,확실,적재,홍삼농축분말,하이베이스,180000
바른에프피,홍삼농축액 15mg/g,항산화/항염/혈압,국산,★공급사 미상 → 후보,확실,적재,홍삼농축액,공급사 미상(source21),170000
바른에프피,홍삼농축액 15mg/g,항산화/항염/혈압,국산,★공급사 미상 → 후보,확실,적재,홍삼농축액(6년근),공급사 미상(source21),210000
바른에프피,홍삼농축액 15mg/g,항산화/항염/혈압,국산,타공급사 보유,확실,적재,홍삼농축액(6년근),현대바이오랜드,210000
바른에프피,홍삼농축액 15mg/g,항산화/항염/혈압,국산,타공급사 보유,확실,적재,홍삼농축액,선일에프앤비,123000
바른에프피,홍삼농축액 15mg/g,항산화/항염/혈압,국산,타공급사 보유,확실,적재,홍삼농축액,선일에프앤비,145000
바른에프피,홍삼농축액 15mg/g,항산화/항염/혈압,국산,★공급사 미상 → 후보,높음,적재,발효홍삼농축액(6년근),공급사 미상(source21),250000
바른에프피,홍삼농축액 15mg/g,항산화/항염/혈압,국산,★공급사 미상 → 후보,높음,적재,홍삼농축액분말(4년근),공급사 미상(source21),310000
바른에프피,홍삼농축액 15mg/g,항산화/항염/혈압,국산,★공급사 미상 → 후보,높음,적재,홍삼농축액분말(6년근),공급사 미상(source21),330000
바른에프피,홍삼농축액 15mg/g,항산화/항염/혈압,국산,타공급사 보유,높음,적재,홍삼농축액분말(4년근),현대바이오랜드,310000
바른에프피,홍삼농축액 15mg/g,항산화/항염/혈압,국산,타공급사 보유,높음,적재,홍삼농축액분말(6년근),현대바이오랜드,330000
바른에프피,홍삼농축액 15mg/g,항산화/항염/혈압,국산,타공급사 보유,높음,적재,발효홍삼농축액(6년근),현대바이오랜드,250000
바른에프피,홍삼농축액 15mg/g,항산화/항염/혈압,국산,★공급사 미상 → 후보,보통,적재,발효홍삼농축액분말(6년근),공급사 미상(source21),260000
바른에프피,홍삼농축액 15mg/g,항산화/항염/혈압,국산,타공급사 보유,보통,적재,발효홍삼농축액분말(6년근),현대바이오랜드,260000
바른에프피,rTG 오메가3 (초임계),혈행,스페인,★공급사 미상 → 후보,보통,적재,오메가3(식물성)(알티지),공급사 미상(source21),79000
바른에프피,rTG 오메가3 (초임계),혈행,스페인,타공급사 보유,보통,적재,오메가3(식물성)(알티지),솔루텍스,270000
바른에프피,rTG 오메가3 (초임계),혈행,스페인,타공급사 보유,보통,적재,오메가3(식물성)(알티지),솔루텍스,250000
바른에프피,rTG 오메가3 (초임계),혈행,스페인,★공급사 미상 → 후보,보통,적재,오메가3(알티지)(동물성),공급사 미상(source21),21500
바른에프피,rTG 오메가3 (초임계),혈행,스페인,★공급사 미상 → 후보,보통,적재,오메가3(알티지)(동물성),공급사 미상(source21),82000
바른에프피,rTG 오메가3 (초임계),혈행,스페인,★공급사 미상 → 후보,보통,적재,오메가3(알티지)(동물성),공급사 미상(source21),160000
바른에프피,rTG 오메가3 (초임계),혈행,스페인,타공급사 보유,보통,적재,오메가3(알티지)(동물성),솔루텍스,160000
바른에프피,rTG 오메가3 (초임계),혈행,스페인,★공급사 미상 → 후보,보통,적재,오메가3(알티지)(동물성),공급사 미상(source21),90000
바른에프피,rTG 오메가3 (초임계),혈행,스페인,★공급사 미상 → 후보,보통,적재,오메가3(정제어유분말),공급사 미상(source21),65000
바른에프피,rTG 오메가3 (초임계),혈행,스페인,★공급사 미상 → 후보,보통,적재,오메가3(정제유분말),공급사 미상(source21),46000
바른에프피,rTG 오메가3 (초임계),혈행,스페인,타공급사 보유,보통,적재,오메가3(저가형),솔루텍스,80000
바른에프피,오메가3 (압착저온추출),혈행,노르웨이,★공급사 미상 → 후보,확실,적재,오메가3(식물성)(알티지),공급사 미상(source21),79000
바른에프피,오메가3 (압착저온추출),혈행,노르웨이,타공급사 보유,확실,적재,오메가3(식물성)(알티지),솔루텍스,270000
바른에프피,오메가3 (압착저온추출),혈행,노르웨이,타공급사 보유,확실,적재,오메가3(식물성)(알티지),솔루텍스,250000
바른에프피,오메가3 (압착저온추출),혈행,노르웨이,★공급사 미상 → 후보,확실,적재,오메가3(알티지)(동물성),공급사 미상(source21),21500
바른에프피,오메가3 (압착저온추출),혈행,노르웨이,★공급사 미상 → 후보,확실,적재,오메가3(알티지)(동물성),공급사 미상(source21),82000
바른에프피,오메가3 (압착저온추출),혈행,노르웨이,★공급사 미상 → 후보,확실,적재,오메가3(알티지)(동물성),공급사 미상(source21),160000
바른에프피,오메가3 (압착저온추출),혈행,노르웨이,타공급사 보유,확실,적재,오메가3(알티지)(동물성),솔루텍스,160000
바른에프피,오메가3 (압착저온추출),혈행,노르웨이,★공급사 미상 → 후보,확실,적재,오메가3(알티지)(동물성),공급사 미상(source21),90000
바른에프피,오메가3 (압착저온추출),혈행,노르웨이,★공급사 미상 → 후보,확실,적재,오메가3(정제어유분말),공급사 미상(source21),65000
바른에프피,오메가3 (압착저온추출),혈행,노르웨이,★공급사 미상 → 후보,확실,적재,오메가3(정제유분말),공급사 미상(source21),46000
바른에프피,오메가3 (압착저온추출),혈행,노르웨이,타공급사 보유,확실,적재,오메가3(저가형),솔루텍스,80000
바른에프피,오메가3 (압착저온추출),혈행,노르웨이,★공급사 미상 → 후보,보통,적재,오메가3(동물성)알티지,공급사 미상(source21),50000
바른에프피,오메가3 (압착저온추출),혈행,노르웨이,동일공급사 기등록,보통,적재,동물성 오메가3,바른에프피,100000
바른에프피,오메가3 (압착저온추출),혈행,노르웨이,타공급사 보유,보통,적재,오메가3 동물성,하이베이스,65000
바른에프피,은행잎추출분말,혈행,미국,★공급사 미상 → 후보,확실,적재,은행잎추출분말 24%,공급사 미상(source21),185000
바른에프피,은전나무추출물,혈당,오스트리아,신규(DB에 없음),,적재,,,
바른에프피,리포좀 비타민,리포좀,미국,★공급사 미상 → 후보,높음,적재,리포좀비타민C,공급사 미상(source21),140000
바른에프피,리포좀 비타민,리포좀,미국,★공급사 미상 → 후보,높음,적재,리포좀비타민C70%,공급사 미상(source21),147000
바른에프피,리포좀 원료,리포좀,미국,신규(DB에 없음),,적재,,,
바른에프피,수용성 가르시니아,다이어트,인도,신규(DB에 없음),,적재,,,
바른에프피,불용성 가르시니아,다이어트,인도,신규(DB에 없음),,적재,,,
바른에프피,치커리추출물,다이어트,칠레,신규(DB에 없음),,적재,,,
바른에프피,콜레우스 포스콜리,다이어트,인도,★공급사 미상 → 후보,높음,적재,콜레우스포스콜리추출물,공급사 미상(source21),290000
바른에프피,콜레우스 포스콜리,다이어트,인도,타공급사 보유,높음,적재,콜레우스포스콜리추출물(식품),하이베이스,20000
바른에프피,콜레우스 포스콜리,다이어트,인도,★공급사 미상 → 후보,높음,적재,콜레우스포스콜리추출물(포슬린),공급사 미상(source21),300000
바른에프피,차전자피,다이어트,인도,타공급사 보유,확실,적재,차전자피(직수입),ambe,13000
바른에프피,차전자피,다이어트,인도,★공급사 미상 → 후보,보통,적재,차전자피분말,공급사 미상(source21),17000
바른에프피,차전자피,다이어트,인도,★공급사 미상 → 후보,보통,적재,차전자피분말,공급사 미상(source21),22000
바른에프피,차전자피,다이어트,인도,★공급사 미상 → 후보,보통,적재,차전자피분말,공급사 미상(source21),9000
바른에프피,차전자피,다이어트,인도,★공급사 미상 → 후보,보통,적재,차전자피분말,공급사 미상(source21),16000
바른에프피,차전자피,다이어트,인도,타공급사 보유,보통,적재,차전자피 분말,하이베이스,9000
바른에프피,차전자피,다이어트,인도,타공급사 보유,보통,적재,차전자피 분말,엘본에이치앤비,16000
바른에프피,차전자피,다이어트,인도,타공급사 보유,보통,적재,차전자피 분말,바이오케어,22000
바른에프피,차전자피,다이어트,인도,타공급사 보유,확실,적재,차전자피(직수입),ambe,13000
바른에프피,차전자피,다이어트,인도,★공급사 미상 → 후보,보통,적재,차전자피분말,공급사 미상(source21),17000
바른에프피,차전자피,다이어트,인도,★공급사 미상 → 후보,보통,적재,차전자피분말,공급사 미상(source21),22000
바른에프피,차전자피,다이어트,인도,★공급사 미상 → 후보,보통,적재,차전자피분말,공급사 미상(source21),9000
바른에프피,차전자피,다이어트,인도,★공급사 미상 → 후보,보통,적재,차전자피분말,공급사 미상(source21),16000
바른에프피,차전자피,다이어트,인도,타공급사 보유,보통,적재,차전자피 분말,하이베이스,9000
바른에프피,차전자피,다이어트,인도,타공급사 보유,보통,적재,차전자피 분말,엘본에이치앤비,16000
바른에프피,차전자피,다이어트,인도,타공급사 보유,보통,적재,차전자피 분말,바이오케어,22000
바른에프피,MSM,관절,미국,★공급사 미상 → 후보,확실,적재,MSM,공급사 미상(source21),20000
바른에프피,MSM,관절,미국,★공급사 미상 → 후보,확실,적재,MSM(옵티),공급사 미상(source21),60000
바른에프피,보스웰리아추출분말,관절,인도,★공급사 미상 → 후보,확실,적재,보스웰리아추출분말,공급사 미상(source21),12000
바른에프피,보스웰리아추출분말,관절,인도,★공급사 미상 → 후보,보통,적재,보스웰리아,공급사 미상(source21),43000
바른에프피,연어코연골추출물(프로테오글리칸),관절,태국,신규(DB에 없음),,적재,,,
바른에프피,난각막추출물(Flex),관절,미국,신규(DB에 없음),,적재,,,
바른에프피,뮤코다당단백,관절,중국,타공급사 보유,확실,적재,뮤코다당단백,제일,120000
바른에프피,뮤코다당단백,관절,중국,타공급사 보유,확실,적재,뮤코다당단백,제일,52000
바른에프피,뮤코다당단백,관절,중국,★공급사 미상 → 후보,보통,적재,뮤코다당(철갑상어),공급사 미상(source21),190000
바른에프피,녹색입홍합분말,관절,뉴질랜드,★공급사 미상 → 후보,확실,적재,녹색입홍합분말(동결건조),공급사 미상(source21),65000
바른에프피,녹색입홍합분말,관절,뉴질랜드,타공급사 보유,보통,적재,동결건조 녹색입홍합 분말,태성,65000
바른에프피,헤마토코쿠스(초임계),눈건강,중국,★공급사 미상 → 후보,보통,적재,헤마토코쿠스추출물,공급사 미상(source21),1450000
바른에프피,헤마토코쿠스(초임계),눈건강,독일,★공급사 미상 → 후보,보통,적재,헤마토코쿠스추출물,공급사 미상(source21),1450000
바른에프피,마리골드꽃추출물 (루테인),눈건강,미국,★공급사 미상 → 후보,확실,적재,마리골드꽃추출물,공급사 미상(source21),140000
바른에프피,마리골드꽃추출물 (루테인),눈건강,미국,★공급사 미상 → 후보,확실,적재,마리골드꽃추출물,공급사 미상(source21),130000
바른에프피,마리골드꽃추출물 (루테인),눈건강,미국,타공급사 보유,확실,적재,마리골드꽃추출물 (루테인오일) 20%,미래바이오텍,140000
바른에프피,마리골드꽃추출물 (루테인),눈건강,미국,타공급사 보유,확실,적재,마리골드꽃추출물 (루테인오일) 20%,엘본에이치앤비,130000
바른에프피,마리골드꽃추출물 (루테인),눈건강,미국,★공급사 미상 → 후보,보통,적재,마리골드,공급사 미상(source21),95000
바른에프피,마리골드꽃추출물 (루테인),눈건강,중국,★공급사 미상 → 후보,확실,적재,마리골드꽃추출물,공급사 미상(source21),140000
바른에프피,마리골드꽃추출물 (루테인),눈건강,중국,★공급사 미상 → 후보,확실,적재,마리골드꽃추출물,공급사 미상(source21),130000
바른에프피,마리골드꽃추출물 (루테인),눈건강,중국,타공급사 보유,확실,적재,마리골드꽃추출물 (루테인오일) 20%,미래바이오텍,140000
바른에프피,마리골드꽃추출물 (루테인),눈건강,중국,타공급사 보유,확실,적재,마리골드꽃추출물 (루테인오일) 20%,엘본에이치앤비,130000
바른에프피,마리골드꽃추출물 (루테인),눈건강,중국,★공급사 미상 → 후보,보통,적재,마리골드,공급사 미상(source21),95000
바른에프피,마리골드꽃추출물 분말 (루테인),눈건강,중국,★공급사 미상 → 후보,높음,적재,마리골드꽃추출물,공급사 미상(source21),140000
바른에프피,마리골드꽃추출물 분말 (루테인),눈건강,중국,★공급사 미상 → 후보,높음,적재,마리골드꽃추출물,공급사 미상(source21),130000
바른에프피,마리골드꽃추출물 분말 (루테인),눈건강,중국,타공급사 보유,높음,적재,마리골드꽃추출물 (루테인오일) 20%,미래바이오텍,140000
바른에프피,마리골드꽃추출물 분말 (루테인),눈건강,중국,타공급사 보유,높음,적재,마리골드꽃추출물 (루테인오일) 20%,엘본에이치앤비,130000
바른에프피,마리골드꽃추출물 분말 (루테인),눈건강,인도,★공급사 미상 → 후보,높음,적재,마리골드꽃추출물,공급사 미상(source21),140000
바른에프피,마리골드꽃추출물 분말 (루테인),눈건강,인도,★공급사 미상 → 후보,높음,적재,마리골드꽃추출물,공급사 미상(source21),130000
바른에프피,마리골드꽃추출물 분말 (루테인),눈건강,인도,타공급사 보유,높음,적재,마리골드꽃추출물 (루테인오일) 20%,미래바이오텍,140000
바른에프피,마리골드꽃추출물 분말 (루테인),눈건강,인도,타공급사 보유,높음,적재,마리골드꽃추출물 (루테인오일) 20%,엘본에이치앤비,130000
바른에프피,마리골드꽃추출물 분말 (루테인),눈건강,인도,★공급사 미상 → 후보,높음,적재,마리골드꽃추출물,공급사 미상(source21),140000
바른에프피,마리골드꽃추출물 분말 (루테인),눈건강,인도,★공급사 미상 → 후보,높음,적재,마리골드꽃추출물,공급사 미상(source21),130000
바른에프피,마리골드꽃추출물 분말 (루테인),눈건강,인도,타공급사 보유,높음,적재,마리골드꽃추출물 (루테인오일) 20%,미래바이오텍,140000
바른에프피,마리골드꽃추출물 분말 (루테인),눈건강,인도,타공급사 보유,높음,적재,마리골드꽃추출물 (루테인오일) 20%,엘본에이치앤비,130000
바른에프피,곤약세라마이드,피부미용,인도,신규(DB에 없음),,적재,,,
바른에프피,양태반 분말,피부미용,호주,★공급사 미상 → 후보,보통,적재,양태반,공급사 미상(source21),180000
바른에프피,난각막엘라스틴 (Bio),피부미용,미국,★공급사 미상 → 후보,보통,적재,엘라스틴,공급사 미상(source21),380000
바른에프피,난각막엘라스틴 (Bio),피부미용,미국,★공급사 미상 → 후보,보통,적재,엘라스틴,공급사 미상(source21),270000
바른에프피,달팽이추출물,피부미용,프랑스,신규(DB에 없음),,적재,,,
바른에프피,히비스커스추출분말,피부미용,중국,★공급사 미상 → 후보,확실,적재,히비스커스추출분말,공급사 미상(source21),80000
바른에프피,히알루론산,피부미용,중국,★공급사 미상 → 후보,확실,적재,히알루론산,공급사 미상(source21),440000
바른에프피,히알루론산,피부미용,중국,★공급사 미상 → 후보,확실,적재,히알루론산,공급사 미상(source21),370000
바른에프피,히알루론산,피부미용,중국,★공급사 미상 → 후보,확실,적재,히알루론산,공급사 미상(source21),275000
바른에프피,히알루론산,피부미용,중국,★공급사 미상 → 후보,보통,적재,히알루론산혼합제제,공급사 미상(source21),140000
바른에프피,어골칼슘,뼈건강,일본,★공급사 미상 → 후보,확실,적재,어골칼슘,공급사 미상(source21),38000
바른에프피,어골칼슘,뼈건강,일본,타공급사 보유,확실,적재,어골칼슘,하이베이스,36000
바른에프피,어골칼슘,뼈건강,일본,타공급사 보유,확실,적재,어골칼슘,제일,22000
바른에프피,어골칼슘,뼈건강,일본,★공급사 미상 → 후보,보통,적재,칼슘(구연산),공급사 미상(source21),17000
바른에프피,어골칼슘,뼈건강,일본,★공급사 미상 → 후보,보통,적재,칼슘(밀크칼슘),공급사 미상(source21),20000
바른에프피,어골칼슘,뼈건강,일본,★공급사 미상 → 후보,보통,적재,칼슘(밀크칼슘),공급사 미상(source21),17000
바른에프피,어골칼슘,뼈건강,일본,★공급사 미상 → 후보,보통,적재,칼슘(산호),공급사 미상(source21),20000
바른에프피,어골칼슘,뼈건강,일본,★공급사 미상 → 후보,보통,적재,칼슘(산호),공급사 미상(source21),24000
바른에프피,어골칼슘,뼈건강,일본,★공급사 미상 → 후보,보통,적재,칼슘(어골),공급사 미상(source21),38000
바른에프피,어골칼슘,뼈건강,일본,★공급사 미상 → 후보,보통,적재,칼슘(탄산),공급사 미상(source21),2500
바른에프피,어골칼슘,뼈건강,일본,★공급사 미상 → 후보,보통,적재,칼슘(해조),공급사 미상(source21),9500
바른에프피,밀크씨슬분말,간건강,미국,★공급사 미상 → 후보,보통,적재,밀크씨슬,공급사 미상(source21),98000
바른에프피,밀크씨슬분말,간건강,미국,★공급사 미상 → 후보,보통,적재,밀크씨슬,공급사 미상(source21),72000
바른에프피,밀크씨슬분말,간건강,미국,★공급사 미상 → 후보,보통,적재,밀크씨슬(유기농),공급사 미상(source21),390000
바른에프피,밀크씨슬분말,간건강,미국,★공급사 미상 → 후보,보통,적재,밀크씨슬(유기농),공급사 미상(source21),450000
바른에프피,밀크씨슬분말,간건강,미국,타공급사 보유,보통,적재,밀크씨슬(유기농밀크씨슬분말),태성,22000
바른에프피,비타민A 오일,비타민,스위스,신규(DB에 없음),,적재,,,
바른에프피,비타민A 분말,비타민,스위스,신규(DB에 없음),,적재,,,
바른에프피,비타민B1질산염,비타민,미국,타공급사 보유,보통,적재,비타민B1,하이베이스,55000
바른에프피,비타민B1 염산염,비타민,독일,타공급사 보유,보통,적재,비타민B1,하이베이스,55000
바른에프피,비타민B2,비타민,미국,타공급사 보유,확실,적재,비타민B2,하이베이스,95000
바른에프피,비타민B2,비타민,독일,타공급사 보유,확실,적재,비타민B2,하이베이스,95000
바른에프피,비타민B6염산염,비타민,미국,타공급사 보유,보통,적재,비타민B6,하이베이스,47000
바른에프피,비타민B1효모 ( V-B1 20% ),비타민,미국,타공급사 보유,높음,적재,비타민B1,하이베이스,55000
바른에프피,비타민B3효모 ( V-B3 25% ),비타민,미국,타공급사 보유,높음,적재,비타민B3,하이베이스,18000
바른에프피,비타민B3효모 ( V-B3 25% ),비타민,미국,타공급사 보유,높음,적재,비타민B3,하이베이스,17000
바른에프피,비타민B6효모 ( V-B6 20% ),비타민,미국,타공급사 보유,높음,적재,비타민B6,하이베이스,47000
바른에프피,엽산,비타민,스위스,★공급사 미상 → 후보,보통,적재,활성엽산,공급사 미상(source21),27500
바른에프피,엽산,비타민,스위스,타공급사 보유,보통,적재,활성엽산,삼오제약,27000
바른에프피,비타민B12 0.1%,비타민,스위스,타공급사 보유,확실,적재,비타민B12,하이베이스,138000
바른에프피,비타민B12 0.1%,비타민,스위스,타공급사 보유,확실,적재,비타민B12,엘본에이치앤비,92000
바른에프피,비타민B12 0.1%,비타민,스위스,타공급사 보유,확실,적재,비타민B12,하이베이스,5500
바른에프피,비타민B12 0.1%,비타민,스위스,타공급사 보유,높음,적재,비타민B1,하이베이스,55000
바른에프피,비타민 B12 0.1%,비타민,스위스,타공급사 보유,확실,적재,비타민B12,하이베이스,138000
바른에프피,비타민 B12 0.1%,비타민,스위스,타공급사 보유,확실,적재,비타민B12,엘본에이치앤비,92000
바른에프피,비타민 B12 0.1%,비타민,스위스,타공급사 보유,확실,적재,비타민B12,하이베이스,5500
바른에프피,비타민 B12 0.1%,비타민,스위스,타공급사 보유,높음,적재,비타민B1,하이베이스,55000
바른에프피,비타민C 97% (HPMC),비타민,중국,★공급사 미상 → 후보,확실,적재,비타민C,공급사 미상(source21),7500
바른에프피,비타민C 97% (HPMC),비타민,중국,★공급사 미상 → 후보,확실,적재,비타민C(중성),공급사 미상(source21),70000
바른에프피,비타민C 97% (HPMC),비타민,중국,★공급사 미상 → 후보,확실,적재,비타민C(리포조말),공급사 미상(source21),150000
바른에프피,비타민C 97% (HPMC),비타민,중국,★공급사 미상 → 후보,확실,적재,비타민C(리포조말),공급사 미상(source21),170000
바른에프피,비타민C 97% (HPMC),비타민,중국,타공급사 보유,확실,적재,비타민C ( Luwei ),태성,7500
바른에프피,비타민C 97% (HPMC),비타민,중국,타공급사 보유,확실,적재,비타민C,서호상사,6500
바른에프피,비타민C 97% (HPMC),비타민,중국,타공급사 보유,확실,적재,비타민C,선일에프앤씨,4800
바른에프피,비타민C 97% (HPMC),비타민,중국,타공급사 보유,확실,적재,비타민C (직타용),선일에프앤씨,6800
바른에프피,비타민C 97% (HPMC),비타민,중국,타공급사 보유,확실,적재,비타민C,하이베이스,7000
바른에프피,비타민C 97% (HPMC),비타민,중국,★공급사 미상 → 후보,확실,적재,비타민C,공급사 미상(source21),35000
바른에프피,비타민C 97% (HPMC),비타민,중국,타공급사 보유,확실,적재,비타민C,원아,4300
바른에프피,비타민C 97% (HPMC),비타민,중국,타공급사 보유,확실,적재,비타민C,씨에스에프,4600
바른에프피,비타민C 97% (HPMC),비타민,중국,타공급사 보유,보통,적재,중성비타민C,하이베이스,70000
바른에프피,비타민C 97% (HPMC),비타민,중국,타공급사 보유,보통,적재,중성비타민C,제일,40000
바른에프피,비타민C 97% (HPMC),비타민,중국,★공급사 미상 → 후보,보통,적재,리포좀비타민C,공급사 미상(source21),140000
바른에프피,비타민C 97% (HPMC),비타민,중국,★공급사 미상 → 후보,보통,적재,리포좀비타민C70%,공급사 미상(source21),147000
바른에프피,비타민C 97% (HPMC),비타민,중국,타공급사 보유,보통,적재,비타민C 97% 혼합제제,태성,12000
바른에프피,비타민C 97% (HPMC),비타민,중국,타공급사 보유,보통,적재,리포조말비타민C,보타닉,110000
바른에프피,중성비타민 C,비타민,미국,타공급사 보유,확실,적재,중성비타민C,하이베이스,70000
바른에프피,중성비타민 C,비타민,미국,타공급사 보유,확실,적재,중성비타민C,제일,40000
바른에프피,중성비타민 C,비타민,미국,★공급사 미상 → 후보,보통,적재,비타민C,공급사 미상(source21),7500
바른에프피,중성비타민 C,비타민,미국,★공급사 미상 → 후보,보통,적재,비타민C(중성),공급사 미상(source21),70000
바른에프피,중성비타민 C,비타민,미국,★공급사 미상 → 후보,보통,적재,비타민C(리포조말),공급사 미상(source21),150000
바른에프피,중성비타민 C,비타민,미국,★공급사 미상 → 후보,보통,적재,비타민C(리포조말),공급사 미상(source21),170000
바른에프피,중성비타민 C,비타민,미국,타공급사 보유,보통,적재,비타민C ( Luwei ),태성,7500
바른에프피,중성비타민 C,비타민,미국,타공급사 보유,보통,적재,비타민C,서호상사,6500
바른에프피,중성비타민 C,비타민,미국,타공급사 보유,보통,적재,비타민C,선일에프앤씨,4800
바른에프피,중성비타민 C,비타민,미국,타공급사 보유,보통,적재,비타민C (직타용),선일에프앤씨,6800
바른에프피,중성비타민 C,비타민,미국,타공급사 보유,보통,적재,비타민C,하이베이스,7000
바른에프피,중성비타민 C,비타민,미국,★공급사 미상 → 후보,보통,적재,비타민C,공급사 미상(source21),35000
바른에프피,중성비타민 C,비타민,미국,타공급사 보유,보통,적재,비타민C,원아,4300
바른에프피,중성비타민 C,비타민,미국,타공급사 보유,보통,적재,비타민C,씨에스에프,4600
바른에프피,니코틴산아미드,비타민,인도,타공급사 보유,확실,적재,니코틴산아미드,제일,13500
바른에프피,비타민 D3,비타민,스위스,타공급사 보유,확실,적재,비타민D3,하이베이스,60000
바른에프피,비타민 D3,비타민,스위스,타공급사 보유,확실,적재,비타민D3,하이베이스,71500
바른에프피,D-α-토코페롤,비타민,미국,★공급사 미상 → 후보,보통,적재,토코페롤(DA),공급사 미상(source21),93000
바른에프피,D-α-토코페롤,비타민,미국,★공급사 미상 → 후보,보통,적재,토코페롤(포도씨유),공급사 미상(source21),6500
바른에프피,비타민 E 50% 분말,비타민,프랑스,타공급사 보유,보통,적재,비타민E,하이베이스,24000
바른에프피,산화아연,미네랄,미국,신규(DB에 없음),,적재,,,
바른에프피,산화아연,미네랄,인도,신규(DB에 없음),,적재,,,
바른에프피,푸마르산제일철,미네랄,미국,타공급사 보유,보통,적재,푸마르산(Fumaric acid),하이베이스,5000
바른에프피,푸마르산제일철,미네랄,미국,타공급사 보유,보통,적재,푸마르산(Fumaric acid),선일에프앤씨,3700
바른에프피,구연산칼슘,미네랄,미국,타공급사 보유,확실,적재,구연산칼슘,하이베이스,19000
바른에프피,구연산칼슘,미네랄,미국,타공급사 보유,확실,적재,구연산칼슘,엘본에이치앤비,18000
바른에프피,구연산칼슘,미네랄,미국,타공급사 보유,확실,적재,구연산칼슘,하이베이스,17000
바른에프피,구연산칼슘,미네랄,미국,★공급사 미상 → 후보,보통,적재,구연산,공급사 미상(source21),4500
바른에프피,글루콘산마그네슘,미네랄,미국,★공급사 미상 → 후보,확실,적재,글루콘산마그네슘,공급사 미상(source21),25000
바른에프피,글루콘산마그네슘,미네랄,미국,타공급사 보유,확실,적재,글루콘산마그네슘,제일,20000
바른에프피,글루콘산철,미네랄,미국,타공급사 보유,확실,적재,글루콘산철,제일,70000
바른에프피,글루콘산아연,미네랄,미국,타공급사 보유,확실,적재,글루콘산아연,태성,27000
바른에프피,글루콘산아연,미네랄,미국,타공급사 보유,확실,적재,글루콘산아연,태성,11000
바른에프피,글루콘산아연,미네랄,미국,★공급사 미상 → 후보,확실,적재,글루콘산 아연,공급사 미상(source21),29000
바른에프피,글루콘산아연,미네랄,미국,타공급사 보유,확실,적재,글루콘산아연,제일,20000
바른에프피,글루콘산칼슘,미네랄,미국,타공급사 보유,확실,적재,글루콘산칼슘,제일,20000
바른에프피,셀렌효모,미네랄,미국,신규(DB에 없음),,적재,,,
바른에프피,19종혼합유산균 [1000억],유산균,국산,신규(DB에 없음),,적재,,,
바른에프피,19종혼합유산균 [2000억],유산균,국산,신규(DB에 없음),,적재,,,
바른에프피,17종혼합유산균 [1000억],유산균,국산,신규(DB에 없음),,적재,,,
바른에프피,17종혼합유산균 [2000억],유산균,국산,신규(DB에 없음),,적재,,,
바른에프피,9종혼합유산균 [100억],유산균,국산,신규(DB에 없음),,적재,,,
바른에프피,9종혼합유산균 [2500억],유산균,국산,신규(DB에 없음),,적재,,,
바른에프피,7종혼합유산균 [10억],유산균,국산,신규(DB에 없음),,적재,,,
바른에프피,6종혼합유산균 [2000억],유산균,국산,신규(DB에 없음),,적재,,,
바른에프피,3종혼합유산균 [50억],유산균,국산,신규(DB에 없음),,적재,,,
바른에프피,영유아용 항비만(8종 혼합유산균) [2500억],유산균,국산,신규(DB에 없음),,적재,,,
바른에프피,항비만(10종 혼합유산균) [2200억],유산균,국산,신규(DB에 없음),,적재,,,
바른에프피,면역(7종 혼합유산균) [2000억],유산균,국산,신규(DB에 없음),,적재,,,
바른에프피,구강(17종 혼합유산균) [2200억],유산균,국산,신규(DB에 없음),,적재,,,
바른에프피,Bacillus Coagulans [1000억],유산균,인도,동일공급사 기등록,높음,적재,Bacillus Coagulans [1000억] 바실러스 코아귤런스,바른에프피,470000
바른에프피,B.longum [1000억],유산균,국산,신규(DB에 없음),,적재,,,
바른에프피,E.faecium [1000억],유산균,국산,신규(DB에 없음),,적재,,,
바른에프피,L.plantarum [1000억],유산균,국산,신규(DB에 없음),,적재,,,
바른에프피,L.rhamnosus [1000억],유산균,국산,신규(DB에 없음),,적재,,,
바른에프피,B.infantis [1000억],유산균,국산,신규(DB에 없음),,적재,,,
바른에프피,L.reuteri [100억],유산균,국산,신규(DB에 없음),,적재,,,
바른에프피,L.helveticus [100억],유산균,국산,신규(DB에 없음),,적재,,,
바른에프피,Lc.lactis [1000억],유산균,국산,신규(DB에 없음),,적재,,,
바른에프피,L. bulgaricus (9승),유산균,국산,신규(DB에 없음),,적재,,,
바른에프피,K-낙산균,유산균,국산,신규(DB에 없음),,적재,,,
바른에프피,락토바실러스 퍼멘텀 유산균 [1000억],유산균,국산,신규(DB에 없음),,적재,,,
바른에프피,락토바실러스 루테리RE [1000억],유산균,국산,타공급사 보유,보통,적재,락토바실러스 루테리,메디오젠,520000
바른에프피,락토바실러스 루테리RE [1000억],유산균,국산,타공급사 보유,보통,적재,락토바실러스 루테리,메디오젠,360000
바른에프피,가제리유산균 [100억],유산균,국산,신규(DB에 없음),,적재,,,
바른에프피,미야이리균,유산균,일본,동일공급사 기등록,확실,적재,미야이리균(낙산균),바른에프피,770000
바른에프피,김치유산균배양액건조물 [50억],유산균,국산,신규(DB에 없음),,적재,,,
바른에프피,루테리 유산균 [10억],유산균,국산,신규(DB에 없음),,적재,,,
바른에프피,사과박유산균,유산균,국산,타공급사 보유,보통,적재,유산균,메디오젠,540000
바른에프피,사과박유산균,유산균,국산,타공급사 보유,보통,적재,유산균(가세리유산균엘2),메디오젠,170000
바른에프피,사과박유산균,유산균,국산,★공급사 미상 → 후보,보통,적재,"유산균(고초균,당화균)(subtillus)",공급사 미상(source21),55000
바른에프피,사과박유산균,유산균,국산,★공급사 미상 → 후보,보통,적재,유산균(국내산구강유산균),공급사 미상(source21),1200000
바른에프피,사과박유산균,유산균,국산,★공급사 미상 → 후보,보통,적재,유산균(낙산균)(글스트리움부틸리콤미야이리2),공급사 미상(source21),600000
바른에프피,사과박유산균,유산균,국산,★공급사 미상 → 후보,보통,적재,유산균(다니스코),공급사 미상(source21),650000
바른에프피,사과박유산균,유산균,국산,★공급사 미상 → 후보,보통,적재,유산균(당화균),공급사 미상(source21),45000
바른에프피,사과박유산균,유산균,국산,★공급사 미상 → 후보,보통,적재,유산균(대만산구강유산균),공급사 미상(source21),1500000
바른에프피,사과박유산균,유산균,국산,★공급사 미상 → 후보,보통,적재,유산균(디글루GLU70),공급사 미상(source21),120000
바른에프피,사과박유산균,유산균,국산,★공급사 미상 → 후보,보통,적재,유산균(디글루MB0601),공급사 미상(source21),120000
바른에프피,사과박유산균,유산균,국산,타공급사 보유,보통,적재,유산균(디아이(DI)(8종혼합유산균),메디오젠,570000
바른에프피,사과박유산균,유산균,국산,★공급사 미상 → 후보,보통,적재,유산균(락토바실러스 애시도 필루스),공급사 미상(source21),290000
바른에프피,사과박유산균,유산균,국산,★공급사 미상 → 후보,보통,적재,유산균(락토바실러스 카제이),공급사 미상(source21),500000
바른에프피,사과박유산균,유산균,국산,★공급사 미상 → 후보,보통,적재,유산균(락토바실러스코오귤런스),공급사 미상(source21),470000
바른에프피,사과박유산균,유산균,국산,★공급사 미상 → 후보,보통,적재,유산균(락토바실러스파라카제이),공급사 미상(source21),1500000
바른에프피,사과박유산균,유산균,국산,★공급사 미상 → 후보,보통,적재,유산균(락토바실러스플란타룸),공급사 미상(source21),490000
바른에프피,사과박유산균,유산균,국산,★공급사 미상 → 후보,보통,적재,유산균(루테리),공급사 미상(source21),400000
바른에프피,사과박유산균,유산균,국산,★공급사 미상 → 후보,보통,적재,유산균(루테리)(엘2),공급사 미상(source21),140000
바른에프피,사과박유산균,유산균,국산,★공급사 미상 → 후보,보통,적재,유산균(미야리균)(낙산균),공급사 미상(source21),500000
바른에프피,사과박유산균,유산균,국산,★공급사 미상 → 후보,보통,적재,유산균(보울라디유산균),공급사 미상(source21),280000
바른에프피,사과박유산균,유산균,국산,★공급사 미상 → 후보,보통,적재,유산균(비피도박테리움 브레브),공급사 미상(source21),390000
바른에프피,사과박유산균,유산균,국산,★공급사 미상 → 후보,보통,적재,유산균(비피도박테리움 애니멀리스 락티스),공급사 미상(source21),340000
바른에프피,사과박유산균,유산균,국산,타공급사 보유,보통,적재,유산균(비피도박테리움락티스분말),에스제이디,470000
바른에프피,사과박유산균,유산균,국산,타공급사 보유,보통,적재,유산균(비피도박테리움락티스분말),듀퐁산,2200000
바른에프피,사과박유산균,유산균,국산,★공급사 미상 → 후보,보통,적재,유산균(비피도박테리움비피덤),공급사 미상(source21),170000
바른에프피,사과박유산균,유산균,국산,★공급사 미상 → 후보,보통,적재,유산균(알러지),공급사 미상(source21),1300000
바른에프피,사과박유산균,유산균,국산,★공급사 미상 → 후보,보통,적재,"유산균(비염,면역)",공급사 미상(source21),1500000
바른에프피,사과박유산균,유산균,국산,★공급사 미상 → 후보,보통,적재,유산균(엔테코커스페슘분말),공급사 미상(source21),510000
바른에프피,사과박유산균,유산균,국산,★공급사 미상 → 후보,보통,적재,유산균(질유산균8종VL8),공급사 미상(source21),890000
바른에프피,사과박유산균,유산균,국산,타공급사 보유,보통,적재,유산균(퍼맨텀)(엘2),메디오젠,150000
바른에프피,사과박유산균,유산균,국산,★공급사 미상 → 후보,보통,적재,유산균(항비만유산균 10종혼합유산균F2200),공급사 미상(source21),1800000
바른에프피,사과박유산균,유산균,국산,★공급사 미상 → 후보,보통,적재,유산균(혼합분말)(17종),공급사 미상(source21),340000
바른에프피,대나무추출물,추출물,중국,신규(DB에 없음),,적재,,,
바른에프피,양배추추출분말,추출물,미국,신규(DB에 없음),,적재,,,
바른에프피,사탕수수추출분말,추출물,중국,신규(DB에 없음),,적재,,,
바른에프피,감자추출분말,효소,인도,타공급사 보유,높음,적재,돼지감자(예루살렘 아티초크)추출분말,해찬솔,20000
바른에프피,카무트글루텐분해효소,효소,국산,신규(DB에 없음),,적재,,,
바른에프피,효모추출물,키성장,중국,★공급사 미상 → 후보,확실,적재,효모추출물(L-글루타치온50%),공급사 미상(source21),210000
바른에프피,효모추출물,키성장,중국,타공급사 보유,확실,적재,효모추출물(L-글루타치온50%),태성,210000
바른에프피,효모추출물,키성장,중국,★공급사 미상 → 후보,보통,적재,글루타치온(L)효모추출물,공급사 미상(source21),160000
바른에프피,송침유,기타오일,중국,타공급사 보유,확실,적재,송침유,태성,12000
바른에프피,아마씨유,기타오일,독일,신규(DB에 없음),,적재,,,
바른에프피,DL-알라닌,아미노산외,중국,신규(DB에 없음),,적재,,,
바른에프피,L-트레오닌,아미노산외,중국,★공급사 미상 → 후보,확실,적재,L-트레오닌,공급사 미상(source21),12000
바른에프피,L-트레오닌,아미노산외,중국,타공급사 보유,높음,적재,L-트레오닌(아미노산)분말,하이베이스,8500
바른에프피,L-아르기닌,아미노산외,중국,★공급사 미상 → 후보,보통,적재,아르기닌,공급사 미상(source21),28000
바른에프피,L-아르기닌,아미노산외,중국,타공급사 보유,보통,적재,아르기닌,원아,9500
바른에프피,L-아르기닌,아미노산외,중국,타공급사 보유,보통,적재,아르기닌,ambe,22000
바른에프피,L-아르기닌,아미노산외,중국,타공급사 보유,보통,적재,아르기닌(중국산),디에스메디팜,9500
바른에프피,L-루이신,아미노산외,중국,신규(DB에 없음),,적재,,,
바른에프피,L-바린,아미노산외,중국,신규(DB에 없음),,적재,,,
바른에프피,L-이소루이신,아미노산외,중국,신규(DB에 없음),,적재,,,
바른에프피,L-페닐알라닌,아미노산외,중국,★공급사 미상 → 후보,확실,적재,L-페닐알라닌,공급사 미상(source21),25000
바른에프피,L-페닐알라닌,아미노산외,중국,타공급사 보유,확실,적재,L-페닐알라닌,씨에스에프,24000
바른에프피,L-메치오닌,아미노산외,중국,★공급사 미상 → 후보,보통,적재,메치오닌,공급사 미상(source21),20000
바른에프피,L-글루타민,아미노산외,중국,★공급사 미상 → 후보,보통,적재,글루타민,공급사 미상(source21),16000
바른에프피,L-글루타민산,아미노산외,중국,★공급사 미상 → 후보,보통,적재,글루타민,공급사 미상(source21),16000
바른에프피,L-시스테인염산염,아미노산외,중국,★공급사 미상 → 후보,보통,적재,L-시스테인,공급사 미상(source21),25000
바른에프피,L-프롤린,아미노산외,중국,★공급사 미상 → 후보,보통,적재,프롤린,공급사 미상(source21),33000
바른에프피,L-티로신,아미노산외,중국,★공급사 미상 → 후보,확실,적재,L-티로신,공급사 미상(source21),37000
바른에프피,L-티로신,아미노산외,중국,타공급사 보유,확실,적재,L-티로신,서호상사,37000
바른에프피,L-아스파르트산,아미노산외,중국,신규(DB에 없음),,적재,,,
바른에프피,L-라이신 염산염,아미노산외,중국,★공급사 미상 → 후보,확실,적재,L-라이신염산염,공급사 미상(source21),8000
바른에프피,L-라이신 염산염,아미노산외,중국,★공급사 미상 → 후보,보통,적재,L-라이신,공급사 미상(source21),7500
바른에프피,L-아스파라긴,아미노산외,중국,타공급사 보유,확실,적재,L-아스파라긴 (분말),엘본에이치앤비,53000
바른에프피,L-아스파라긴,아미노산외,중국,★공급사 미상 → 후보,높음,적재,L-아스파라긴분말,공급사 미상(source21),53000
바른에프피,L-시스틴,아미노산외,중국,★공급사 미상 → 후보,확실,적재,L-시스틴,공급사 미상(source21),43000
바른에프피,L-오르니틴염산염,아미노산외,중국,★공급사 미상 → 후보,높음,적재,오르니틴염산염,공급사 미상(source21),150000
바른에프피,L-오르니틴염산염,아미노산외,중국,★공급사 미상 → 후보,높음,적재,오르니틴염산염,공급사 미상(source21),145000
바른에프피,아미노산혼합분말 (9종),아미노산외,중국,신규(DB에 없음),,적재,,,
바른에프피,D-리보오스,활력,미국,타공급사 보유,보통,적재,리보오스,태성,100000
바른에프피,유기농 알부민 파우더,활력,벨기에,신규(DB에 없음),,적재,,,
바른에프피,말태반 액상,활력,국산,신규(DB에 없음),,적재,,,
바른에프피,말태반 분말,활력,국산,신규(DB에 없음),,적재,,,
바른에프피,MCT,기타,국산,타공급사 보유,보통,적재,MCT유지분,태성,14000
바른에프피,15종 혼합 베리,기타,대만,신규(DB에 없음),,적재,,,
바른에프피,스테아린산 마그네슘,기타,싱가포르,★공급사 미상 → 후보,확실,적재,스테아린산 마그네슘,공급사 미상(source21),6000
바른에프피,스테아린산 마그네슘,기타,싱가포르,★공급사 미상 → 후보,확실,적재,스테아린산 마그네슘,공급사 미상(source21),6100
바른에프피,탄산칼슘,기타,독일,★공급사 미상 → 후보,보통,적재,칼슘(구연산),공급사 미상(source21),17000
바른에프피,탄산칼슘,기타,독일,★공급사 미상 → 후보,보통,적재,칼슘(밀크칼슘),공급사 미상(source21),20000
바른에프피,탄산칼슘,기타,독일,★공급사 미상 → 후보,보통,적재,칼슘(밀크칼슘),공급사 미상(source21),17000
바른에프피,탄산칼슘,기타,독일,★공급사 미상 → 후보,보통,적재,칼슘(산호),공급사 미상(source21),20000
바른에프피,탄산칼슘,기타,독일,★공급사 미상 → 후보,보통,적재,칼슘(산호),공급사 미상(source21),24000
바른에프피,탄산칼슘,기타,독일,★공급사 미상 → 후보,보통,적재,칼슘(어골),공급사 미상(source21),38000
바른에프피,탄산칼슘,기타,독일,★공급사 미상 → 후보,보통,적재,칼슘(탄산),공급사 미상(source21),2500
바른에프피,탄산칼슘,기타,독일,★공급사 미상 → 후보,보통,적재,칼슘(해조),공급사 미상(source21),9500
바른에프피,HPMC,기타,중국,★공급사 미상 → 후보,확실,적재,HPMC,공급사 미상(source21),18000
바른에프피,자일리톨,기타,국내제조,★공급사 미상 → 후보,확실,적재,자일리톨,공급사 미상(source21),7500
바른에프피,자일리톨,기타,국내제조,타공급사 보유,확실,적재,자일리톨,태성,7500
바른에프피,자일리톨,기타,국내제조,★공급사 미상 → 후보,확실,적재,자일리톨,공급사 미상(source21),7500
바른에프피,자일리톨,기타,국내제조,타공급사 보유,확실,적재,자일리톨,태성,7500
바른에프피,자일리톨,기타,국내제조,★공급사 미상 → 후보,확실,적재,자일리톨,공급사 미상(source21),7500
바른에프피,자일리톨,기타,국내제조,타공급사 보유,확실,적재,자일리톨,태성,7500
바른에프피,유당,기타,국내제조,신규(DB에 없음),,적재,,,
바른에프피,세폴,기타,인도네시아,신규(DB에 없음),,적재,,,
바른에프피,포도씨유,기타,독일,★공급사 미상 → 후보,확실,적재,포도씨유,공급사 미상(source21),7500
바른에프피,포도씨유,기타,독일,★공급사 미상 → 후보,보통,적재,포도씨유추출물,공급사 미상(source21),90000
바른에프피,포도씨유,기타,독일,★공급사 미상 → 후보,보통,적재,포도씨유추출물,공급사 미상(source21),200000
바른에프피,초유분말,기타,독일,★공급사 미상 → 후보,확실,적재,초유분말,공급사 미상(source21),50000
바른에프피,초유분말,기타,독일,★공급사 미상 → 후보,확실,적재,초유분말,공급사 미상(source21),85000
바른에프피,초유분말,기타,독일,타공급사 보유,확실,적재,초유분말10%,태성,55000
바른에프피,초유분말,기타,독일,타공급사 보유,확실,적재,초유분말20%,태성,83000
바른에프피,베타인,기타,핀란드,타공급사 보유,보통,적재,베타인 분말,하이베이스,33000
바른에프피,호박산,기타,국산,타공급사 보유,확실,적재,호박산(Succinate),선일에프앤씨,6200
바른에프피,호박산,기타,국산,타공급사 보유,확실,적재,호박산(Succinate),하이베이스,6500
바른에프피,NYC효모,기타,미국,신규(DB에 없음),,적재,,,
바른에프피,산화마그네슘,기타,일본,신규(DB에 없음),,적재,,,
바른에프피,산화마그네슘,기타,프랑스,신규(DB에 없음),,적재,,,
바른에프피,타우린,기타,중국,★공급사 미상 → 후보,확실,적재,타우린,공급사 미상(source21),6500
바른에프피,타우린,기타,국산,★공급사 미상 → 후보,확실,적재,타우린,공급사 미상(source21),6500
바른에프피,자일로올리고당,기타,국산,신규(DB에 없음),,적재,,,
바른에프피,글리신,기타,국산,★공급사 미상 → 후보,확실,적재,글리신,공급사 미상(source21),8000
바른에프피,글리신,기타,국산,타공급사 보유,확실,적재,글리신,씨에스에프,4000
바른에프피,글리신,기타,국산,타공급사 보유,보통,적재,L-글리신,하이베이스,8000
올담식품,10종 야채혼합농축액,농축액,독일산,신규(DB에 없음),,적재,,,
올담식품,19곡 혼합추출농축액,농축액,국산,신규(DB에 없음),,적재,,,
올담식품,20종 야채혼합농축액,농축액,독일산,신규(DB에 없음),,적재,,,
올담식품,ABC농축액,농축액,혼합,신규(DB에 없음),,적재,,,
올담식품,가시오가피농축액,농축액,국산,신규(DB에 없음),,적재,,,
올담식품,갈근(칡)농축액,농축액,국산,★공급사 미상 → 후보,확실,적재,갈근농축액,공급사 미상(source21),30000
올담식품,갈근(칡)농축액,농축액,국산,★공급사 미상 → 후보,확실,적재,갈근농축액,공급사 미상(source21),30000
올담식품,감귤농축과즙액,농축액,국산,신규(DB에 없음),,적재,,,
올담식품,감초농축액,농축액,우즈베키스탄산,신규(DB에 없음),,적재,,,
올담식품,감초농축액,농축액,우즈베키스탄산,신규(DB에 없음),,적재,,,
올담식품,검정콩농축액,농축액,국산,신규(DB에 없음),,적재,,,
올담식품,계피농축액,농축액,베트남산,신규(DB에 없음),,적재,,,
올담식품,계피농축액,농축액,베트남산,신규(DB에 없음),,적재,,,
올담식품,골드키위농축액,농축액,뉴질랜드산,신규(DB에 없음),,적재,,,
올담식품,곰보배추농축액,농축액,국산,신규(DB에 없음),,적재,,,
올담식품,곰보배추농축액,농축액,국산,신규(DB에 없음),,적재,,,
올담식품,곶감농축액,농축액,국산,신규(DB에 없음),,적재,,,
올담식품,구기자농축액,농축액,중국산,★공급사 미상 → 후보,확실,적재,구기자농축액,공급사 미상(source21),28000
올담식품,구기자농축액,농축액,중국산,타공급사 보유,확실,적재,구기자농축액,해찬솔,28000
올담식품,구기자농축액,농축액,국산,★공급사 미상 → 후보,확실,적재,구기자농축액,공급사 미상(source21),28000
올담식품,구기자농축액,농축액,국산,타공급사 보유,확실,적재,구기자농축액,해찬솔,28000
올담식품,귀리농축액,농축액,국산,신규(DB에 없음),,적재,,,
올담식품,귀리추출농축액,농축액,캐나다산,신규(DB에 없음),,적재,,,
올담식품,노니농축액,농축액,인도네시아산,신규(DB에 없음),,적재,,,
올담식품,눈꽃동충하초농축액,농축액,국산,신규(DB에 없음),,적재,,,
올담식품,늙은호박농축액,농축액,국산,신규(DB에 없음),,적재,,,
올담식품,늙은호박농축액,농축액,국산,신규(DB에 없음),,적재,,,
올담식품,늙은호박착즙액,농축액,국산,신규(DB에 없음),,적재,,,
올담식품,다시마농축액,농축액,국산,신규(DB에 없음),,적재,,,
올담식품,다크스위트체리농축액,농축액,미국산,신규(DB에 없음),,적재,,,
올담식품,단호박농축액,농축액,국산,신규(DB에 없음),,적재,,,
올담식품,단호박농축액,농축액,국산,신규(DB에 없음),,적재,,,
올담식품,당귀농축액,농축액,국산,★공급사 미상 → 후보,확실,적재,당귀농축액,공급사 미상(source21),21000
올담식품,당귀농축액,농축액,국산,타공급사 보유,확실,적재,당귀농축액,해찬솔,21000
올담식품,당근혼탁농축액,농축액,국산,신규(DB에 없음),,적재,,,
올담식품,대추농축액,농축액,국산,★공급사 미상 → 후보,확실,적재,대추농축액,공급사 미상(source21),20000
올담식품,대추농축액,농축액,국산,★공급사 미상 → 후보,확실,적재,대추농축액,공급사 미상(source21),20000
올담식품,대추농축액-1,농축액,국산,★공급사 미상 → 후보,높음,적재,대추농축액,공급사 미상(source21),20000
올담식품,더덕농축액,농축액,국산,신규(DB에 없음),,적재,,,
올담식품,도라지농축액,농축액,국산,신규(DB에 없음),,적재,,,
올담식품,도라지농축액,농축액,국산,신규(DB에 없음),,적재,,,
올담식품,도라지농축액,농축액,국산,신규(DB에 없음),,적재,,,
올담식품,도라지농축액,농축액,국산,신규(DB에 없음),,적재,,,
올담식품,동충하초농축액,농축액,국산,★공급사 미상 → 후보,보통,적재,동충하초(밀라타리스),공급사 미상(source21),55000
올담식품,둥굴레농축액,농축액,국산,신규(DB에 없음),,적재,,,
올담식품,딸기과즙농축액,농축액,국산,신규(DB에 없음),,적재,,,
올담식품,딸기농축액01,농축액,이스라엘산,신규(DB에 없음),,적재,,,
올담식품,라임농축액,농축액,이탈리아산,★공급사 미상 → 후보,확실,적재,라임농축액,공급사 미상(source21),13500
올담식품,라임농축액,농축액,이탈리아산,★공급사 미상 → 후보,확실,적재,라임농축액,공급사 미상(source21),12000
올담식품,라임농축액,농축액,이탈리아산,타공급사 보유,확실,적재,라임농축액,해찬솔,13500
올담식품,라임농축액,농축액,이탈리아산,타공급사 보유,확실,적재,라임농축액,새롬비앤에프,12000
올담식품,라즈베리농축액,농축액,미국산,신규(DB에 없음),,적재,,,
올담식품,레드비트농축액,농축액,독일산,★공급사 미상 → 후보,확실,적재,레드비트농축액(유기농),공급사 미상(source21),8500
올담식품,레드자몽농축액,농축액,이스라엘산,신규(DB에 없음),,적재,,,
올담식품,레드자몽농축액,농축액,이스라엘산,신규(DB에 없음),,적재,,,
올담식품,레드자몽농축액,농축액,스페인산,신규(DB에 없음),,적재,,,
올담식품,레몬농축과즙액,농축액,미국산,신규(DB에 없음),,적재,,,
올담식품,레몬농축액,농축액,이스라엘산,★공급사 미상 → 후보,확실,적재,레몬농축액,공급사 미상(source21),13000
올담식품,레몬농축액,농축액,이스라엘산,★공급사 미상 → 후보,확실,적재,레몬농축액,공급사 미상(source21),12000
올담식품,레몬농축액,농축액,이스라엘산,★공급사 미상 → 후보,확실,적재,레몬농축액,공급사 미상(source21),11000
올담식품,레몬농축액,농축액,이스라엘산,타공급사 보유,확실,적재,레몬농축액,새롬비앤에프,13000
올담식품,레몬농축액,농축액,이스라엘산,타공급사 보유,확실,적재,레몬농축액,하이베이스,12000
올담식품,레몬농축액,농축액,이스라엘산,타공급사 보유,확실,적재,레몬농축액,해찬솔,11000
올담식품,레몬농축액01,농축액,이탈리아산,★공급사 미상 → 후보,높음,적재,레몬농축액,공급사 미상(source21),13000
올담식품,레몬농축액01,농축액,이탈리아산,★공급사 미상 → 후보,높음,적재,레몬농축액,공급사 미상(source21),12000
올담식품,레몬농축액01,농축액,이탈리아산,★공급사 미상 → 후보,높음,적재,레몬농축액,공급사 미상(source21),11000
올담식품,레몬농축액01,농축액,이탈리아산,타공급사 보유,높음,적재,레몬농축액,새롬비앤에프,13000
올담식품,레몬농축액01,농축액,이탈리아산,타공급사 보유,높음,적재,레몬농축액,하이베이스,12000
올담식품,레몬농축액01,농축액,이탈리아산,타공급사 보유,높음,적재,레몬농축액,해찬솔,11000
올담식품,로즈힙농축액,농축액,칠레산,신규(DB에 없음),,적재,,,
올담식품,루바브농축액,농축액,국산,신규(DB에 없음),,적재,,,
올담식품,루이보스농축액,농축액,남아공산,신규(DB에 없음),,적재,,,
올담식품,리치농축액,농축액,대만산,신규(DB에 없음),,적재,,,
올담식품,링곤베리주스농축액,농축액,핀란드,신규(DB에 없음),,적재,,,
올담식품,마카농축액,농축액,페루산,신규(DB에 없음),,적재,,,
올담식품,망고농축액,농축액,이스라엘산,신규(DB에 없음),,적재,,,
올담식품,망고스틴농축액,농축액,베트남산,신규(DB에 없음),,적재,,,
올담식품,매실농축액,농축액,국산,신규(DB에 없음),,적재,,,
올담식품,매실농축액01,농축액,국산,신규(DB에 없음),,적재,,,
올담식품,맥문동농축액,농축액,국산,신규(DB에 없음),,적재,,,
올담식품,메론농축액,농축액,이스라엘산,신규(DB에 없음),,적재,,,
올담식품,모과농축과즙,농축액,국산,신규(DB에 없음),,적재,,,
올담식품,모로블러드오렌지농축액,농축액,이탈리아산,★공급사 미상 → 후보,확실,적재,모로블러드오렌지농축액,공급사 미상(source21),9700
올담식품,모로블러드오렌지농축액,농축액,이탈리아산,타공급사 보유,확실,적재,모로블러드오렌지농축액,해찬솔,9700
올담식품,모로블러드오렌지농축액,농축액,이탈리아산,★공급사 미상 → 후보,보통,적재,오렌지농축액,공급사 미상(source21),11000
올담식품,모로블러드오렌지농축액,농축액,이탈리아산,타공급사 보유,보통,적재,오렌지농축액,하이베이스,11000
올담식품,무농축액,농축액,국산,★공급사 미상 → 후보,보통,적재,벌나무농축액(산겨릅나무),공급사 미상(source21),40000
올담식품,무농축액,농축액,국산,타공급사 보유,보통,적재,벌나무농축액,하이베이스,40000
올담식품,무화과농축액,농축액,터키산,신규(DB에 없음),,적재,,,
올담식품,바나나농축액,농축액,이스라엘산,신규(DB에 없음),,적재,,,
올담식품,밤농축페이스트,농축액,국산,신규(DB에 없음),,적재,,,
올담식품,배과즙농축액,농축액,중국산,신규(DB에 없음),,적재,,,
올담식품,배과즙농축액,농축액,중국산,신규(DB에 없음),,적재,,,
올담식품,배농축액,농축액,국산,★공급사 미상 → 후보,확실,적재,배농축액,공급사 미상(source21),8500
올담식품,배농축액,농축액,국산,★공급사 미상 → 후보,확실,적재,배농축액,공급사 미상(source21),5200
올담식품,배농축액,농축액,국산,타공급사 보유,확실,적재,배농축액,해찬솔,8500
올담식품,배농축액,농축액,국산,타공급사 보유,확실,적재,배농축액,해찬솔,5200
올담식품,배농축액,농축액,국산,타공급사 보유,확실,적재,배농축액(66Brix이상),하이베이스,4400
올담식품,배농축액,농축액,국산,타공급사 보유,확실,적재,배농축액,새롬비앤에프,15000
올담식품,배농축액,농축액,국산,★공급사 미상 → 후보,확실,적재,배농축액,공급사 미상(source21),8500
올담식품,배농축액,농축액,국산,★공급사 미상 → 후보,확실,적재,배농축액,공급사 미상(source21),5200
올담식품,배농축액,농축액,국산,타공급사 보유,확실,적재,배농축액,해찬솔,8500
올담식품,배농축액,농축액,국산,타공급사 보유,확실,적재,배농축액,해찬솔,5200
올담식품,배농축액,농축액,국산,타공급사 보유,확실,적재,배농축액(66Brix이상),하이베이스,4400
올담식품,배농축액,농축액,국산,타공급사 보유,확실,적재,배농축액,새롬비앤에프,15000
올담식품,배농축액01,농축액,터키산,★공급사 미상 → 후보,보통,적재,배농축액,공급사 미상(source21),8500
올담식품,배농축액01,농축액,터키산,★공급사 미상 → 후보,보통,적재,배농축액,공급사 미상(source21),5200
올담식품,배농축액01,농축액,터키산,타공급사 보유,보통,적재,배농축액,해찬솔,8500
올담식품,배농축액01,농축액,터키산,타공급사 보유,보통,적재,배농축액,해찬솔,5200
올담식품,배농축액01,농축액,터키산,타공급사 보유,보통,적재,배농축액(66Brix이상),하이베이스,4400
올담식품,배농축액01,농축액,터키산,타공급사 보유,보통,적재,배농축액,새롬비앤에프,15000
올담식품,백(청)포도농축액,농축액,칠레산,신규(DB에 없음),,적재,,,
올담식품,백년초농축액,농축액,국산,신규(DB에 없음),,적재,,,
올담식품,백년초농축액,농축액,국산,신규(DB에 없음),,적재,,,
올담식품,백복령농축액,농축액,국산,신규(DB에 없음),,적재,,,
올담식품,백포도농축액,농축액,아르헨티나산,신규(DB에 없음),,적재,,,
올담식품,벌나무농축액,농축액,국산,★공급사 미상 → 후보,확실,적재,벌나무농축액(산겨릅나무),공급사 미상(source21),40000
올담식품,벌나무농축액,농축액,국산,타공급사 보유,확실,적재,벌나무농축액,하이베이스,40000
올담식품,보리농축액,농축액,국산,신규(DB에 없음),,적재,,,
올담식품,보리농축액,농축액,국산,신규(DB에 없음),,적재,,,
올담식품,보이즌베리농축액,농축액,미국산,신규(DB에 없음),,적재,,,
올담식품,복분자농축액,농축액,국산,★공급사 미상 → 후보,확실,적재,복분자농축액,공급사 미상(source21),25000
올담식품,복분자농축액,농축액,국산,★공급사 미상 → 후보,확실,적재,복분자농축액(20브릭스),공급사 미상(source21),65000
올담식품,복분자농축액,농축액,국산,타공급사 보유,확실,적재,복분자 농축액,해찬솔,25000
올담식품,복분자농축액,농축액,국산,타공급사 보유,확실,적재,복분자 농축액(20BRIX),해찬솔,65000
올담식품,복분자농축액,농축액,국산,타공급사 보유,확실,적재,복분자 농축액(65BRIX),해찬솔,40000
올담식품,복숭아농축액,농축액,이스라엘산,★공급사 미상 → 후보,확실,적재,복숭아농축액,공급사 미상(source21),9500
올담식품,복숭아농축액,농축액,이스라엘산,타공급사 보유,확실,적재,복숭아농축액,해찬솔,9500
올담식품,복숭아농축액,농축액,미국산,★공급사 미상 → 후보,확실,적재,복숭아농축액,공급사 미상(source21),9500
올담식품,복숭아농축액,농축액,미국산,타공급사 보유,확실,적재,복숭아농축액,해찬솔,9500
올담식품,복숭아농축액,농축액,국산,★공급사 미상 → 후보,확실,적재,복숭아농축액,공급사 미상(source21),9500
올담식품,복숭아농축액,농축액,국산,타공급사 보유,확실,적재,복숭아농축액,해찬솔,9500
올담식품,복숭아엑스,농축액,국산,신규(DB에 없음),,적재,,,
올담식품,브로콜리농축액,농축액,국산,★공급사 미상 → 후보,확실,적재,브로콜리농축액,공급사 미상(source21),13000
올담식품,브로콜리농축액,농축액,국산,타공급사 보유,확실,적재,브로콜리 농축액,해찬솔,13000
올담식품,브로콜리농축액,농축액,국산,타공급사 보유,확실,적재,브로콜리 농축액,하이베이스,40000
올담식품,브로콜리농축액,농축액,국산,★공급사 미상 → 후보,확실,적재,브로콜리농축액,공급사 미상(source21),13000
올담식품,브로콜리농축액,농축액,국산,타공급사 보유,확실,적재,브로콜리 농축액,해찬솔,13000
올담식품,브로콜리농축액,농축액,국산,타공급사 보유,확실,적재,브로콜리 농축액,하이베이스,40000
올담식품,브로콜리농축액,농축액,스페인산,★공급사 미상 → 후보,확실,적재,브로콜리농축액,공급사 미상(source21),13000
올담식품,브로콜리농축액,농축액,스페인산,타공급사 보유,확실,적재,브로콜리 농축액,해찬솔,13000
올담식품,브로콜리농축액,농축액,스페인산,타공급사 보유,확실,적재,브로콜리 농축액,하이베이스,40000
올담식품,블랙마카농축액,농축액,페루산,신규(DB에 없음),,적재,,,
올담식품,블랙베리농축액,농축액,칠레산,신규(DB에 없음),,적재,,,
올담식품,블랙커런트농축액,농축액,독일산,신규(DB에 없음),,적재,,,
올담식품,블루베리농축액,농축액,미국산,★공급사 미상 → 후보,확실,적재,블루베리농축액,공급사 미상(source21),13000
올담식품,블루베리농축액,농축액,미국산,타공급사 보유,확실,적재,블루베리농축액,해찬솔,12000
올담식품,블루베리농축액,농축액,미국산,타공급사 보유,확실,적재,블루베리농축액,해찬솔,13000
올담식품,블루베리농축액,농축액,미국산,타공급사 보유,확실,적재,블루베리농축액,하이베이스,22000
올담식품,블루베리농축액,농축액,미국산,타공급사 보유,확실,적재,블루베리농축액,해찬솔,12500
올담식품,블루베리주스농축액,농축액,미국산,★공급사 미상 → 후보,높음,적재,블루베리주스농축액25,공급사 미상(source21),12000
올담식품,블루베리주스농축액,농축액,미국산,타공급사 보유,높음,적재,블루베리주스농축액 25,해찬솔,12000
올담식품,비수리농축액,농축액,국산,신규(DB에 없음),,적재,,,
올담식품,빌베리농축액,농축액,오스트리아산,신규(DB에 없음),,적재,,,
올담식품,사과과즙농축액,농축액,중국산,신규(DB에 없음),,적재,,,
올담식품,사과과즙농축액,농축액,중국산,신규(DB에 없음),,적재,,,
올담식품,사과농축액,농축액,국산,★공급사 미상 → 후보,확실,적재,사과농축액,공급사 미상(source21),4400
올담식품,사과농축액,농축액,국산,★공급사 미상 → 후보,확실,적재,사과농축액,공급사 미상(source21),5700
올담식품,사과농축액,농축액,국산,타공급사 보유,확실,적재,사과 농축액,해찬솔,4400
올담식품,사과농축액,농축액,국산,타공급사 보유,확실,적재,사과 농축액,해찬솔,5700
올담식품,사과농축액,농축액,국산,타공급사 보유,확실,적재,사과 농축액,하이베이스,7500
올담식품,사과농축액,농축액,국산,★공급사 미상 → 후보,보통,적재,아누카사과농축액,공급사 미상(source21),18000
올담식품,사과농축액,농축액,터키산,★공급사 미상 → 후보,확실,적재,사과농축액,공급사 미상(source21),4400
올담식품,사과농축액,농축액,터키산,★공급사 미상 → 후보,확실,적재,사과농축액,공급사 미상(source21),5700
올담식품,사과농축액,농축액,터키산,타공급사 보유,확실,적재,사과 농축액,해찬솔,4400
올담식품,사과농축액,농축액,터키산,타공급사 보유,확실,적재,사과 농축액,해찬솔,5700
올담식품,사과농축액,농축액,터키산,타공급사 보유,확실,적재,사과 농축액,하이베이스,7500
올담식품,사과농축액,농축액,터키산,★공급사 미상 → 후보,보통,적재,아누카사과농축액,공급사 미상(source21),18000
올담식품,사삼농축액,농축액,중국산,신규(DB에 없음),,적재,,,
올담식품,산사자농축액,농축액,중국산,신규(DB에 없음),,적재,,,
올담식품,산수유농축액,농축액,중국산,신규(DB에 없음),,적재,,,
올담식품,산수유농축액,농축액,국산,신규(DB에 없음),,적재,,,
올담식품,산수유농축액,농축액,중국산,신규(DB에 없음),,적재,,,
올담식품,산수유농축액,농축액,국산,신규(DB에 없음),,적재,,,
올담식품,살구퓨레농축액,농축액,남아공산,신규(DB에 없음),,적재,,,
올담식품,상지농축액,농축액,국산,신규(DB에 없음),,적재,,,
올담식품,생강농축액,농축액,국산,★공급사 미상 → 후보,확실,적재,생강농축액,공급사 미상(source21),53000
올담식품,생강농축액,농축액,국산,★공급사 미상 → 후보,확실,적재,생강농축액,공급사 미상(source21),9500
올담식품,생강농축액,농축액,국산,타공급사 보유,확실,적재,생강농축액,해찬솔,53000
올담식품,생강농축액,농축액,국산,타공급사 보유,확실,적재,생강농축액,해찬솔,9500
올담식품,생강농축액,농축액,국산,타공급사 보유,확실,적재,생강농축액(60Brix이상),하이베이스,29000
올담식품,생강농축액,농축액,국산,타공급사 보유,확실,적재,생강농축액,새롬비앤에프,42000
올담식품,생강농축액,농축액,국산,★공급사 미상 → 후보,확실,적재,생강농축액,공급사 미상(source21),53000
올담식품,생강농축액,농축액,국산,★공급사 미상 → 후보,확실,적재,생강농축액,공급사 미상(source21),9500
올담식품,생강농축액,농축액,국산,타공급사 보유,확실,적재,생강농축액,해찬솔,53000
올담식품,생강농축액,농축액,국산,타공급사 보유,확실,적재,생강농축액,해찬솔,9500
올담식품,생강농축액,농축액,국산,타공급사 보유,확실,적재,생강농축액(60Brix이상),하이베이스,29000
올담식품,생강농축액,농축액,국산,타공급사 보유,확실,적재,생강농축액,새롬비앤에프,42000
올담식품,생강즙,농축액,국산,신규(DB에 없음),,적재,,,
올담식품,생강혼합농축액,농축액,국산,신규(DB에 없음),,적재,,,
올담식품,샤인머스캣혼합농축액,농축액,혼합,신규(DB에 없음),,적재,,,
올담식품,석류농축액,농축액,이란산,★공급사 미상 → 후보,확실,적재,석류농축액,공급사 미상(source21),11000
올담식품,석류농축액,농축액,이란산,★공급사 미상 → 후보,확실,적재,석류농축액,공급사 미상(source21),8000
올담식품,석류농축액,농축액,이란산,★공급사 미상 → 후보,확실,적재,석류농축액(유기농),공급사 미상(source21),7500
올담식품,석류농축액,농축액,이란산,★공급사 미상 → 후보,확실,적재,석류농축액,공급사 미상(source21),11000
올담식품,석류농축액,농축액,이란산,★공급사 미상 → 후보,확실,적재,석류농축액,공급사 미상(source21),8000
올담식품,석류농축액,농축액,이란산,★공급사 미상 → 후보,확실,적재,석류농축액(유기농),공급사 미상(source21),7500
올담식품,석류농축액,농축액,스페인산,★공급사 미상 → 후보,확실,적재,석류농축액,공급사 미상(source21),11000
올담식품,석류농축액,농축액,스페인산,★공급사 미상 → 후보,확실,적재,석류농축액,공급사 미상(source21),8000
올담식품,석류농축액,농축액,스페인산,★공급사 미상 → 후보,확실,적재,석류농축액(유기농),공급사 미상(source21),7500
올담식품,석류농축액,농축액,스페인산,★공급사 미상 → 후보,확실,적재,석류농축액,공급사 미상(source21),11000
올담식품,석류농축액,농축액,스페인산,★공급사 미상 → 후보,확실,적재,석류농축액,공급사 미상(source21),8000
올담식품,석류농축액,농축액,스페인산,★공급사 미상 → 후보,확실,적재,석류농축액(유기농),공급사 미상(source21),7500
올담식품,석류농축액,농축액,터키산,★공급사 미상 → 후보,확실,적재,석류농축액,공급사 미상(source21),11000
올담식품,석류농축액,농축액,터키산,★공급사 미상 → 후보,확실,적재,석류농축액,공급사 미상(source21),8000
올담식품,석류농축액,농축액,터키산,★공급사 미상 → 후보,확실,적재,석류농축액(유기농),공급사 미상(source21),7500
올담식품,석류농축액,농축액,터키산,★공급사 미상 → 후보,확실,적재,석류농축액,공급사 미상(source21),11000
올담식품,석류농축액,농축액,터키산,★공급사 미상 → 후보,확실,적재,석류농축액,공급사 미상(source21),8000
올담식품,석류농축액,농축액,터키산,★공급사 미상 → 후보,확실,적재,석류농축액(유기농),공급사 미상(source21),7500
올담식품,세븐베리혼합농축액,농축액,혼합,신규(DB에 없음),,적재,,,
올담식품,수박농축액,농축액,미국산,신규(DB에 없음),,적재,,,
올담식품,수박농축액,농축액,미국산,신규(DB에 없음),,적재,,,
올담식품,수세미오이농축액,농축액,국산,신규(DB에 없음),,적재,,,
올담식품,숙지황농축액,농축액,중국산,★공급사 미상 → 후보,확실,적재,숙지황농축액,공급사 미상(source21),20000
올담식품,숙지황농축액,농축액,국산,★공급사 미상 → 후보,확실,적재,숙지황농축액,공급사 미상(source21),20000
올담식품,스위트자몽농축액,농축액,이스라엘산,신규(DB에 없음),,적재,,,
올담식품,식물혼합농축액,농축액,혼합,신규(DB에 없음),,적재,,,
올담식품,식물혼합농축액S,농축액,혼합,신규(DB에 없음),,적재,,,
올담식품,쌍화농축액,농축액,혼합,신규(DB에 없음),,적재,,,
올담식품,쌍화농축액-1,농축액,혼합,신규(DB에 없음),,적재,,,
올담식품,아로니아농축액,농축액,폴란드산,★공급사 미상 → 후보,확실,적재,아로니아농축액,공급사 미상(source21),7000
올담식품,아로니아농축액,농축액,폴란드산,타공급사 보유,확실,적재,아로니아농축액,해찬솔,7800
올담식품,아로니아농축액,농축액,폴란드산,타공급사 보유,확실,적재,아로니아농축액,하이베이스,7000
올담식품,아로니아농축액,농축액,폴란드산,타공급사 보유,확실,적재,아로니아농축액,새롬비앤에프,12000
올담식품,아로니아농축액,농축액,폴란드산,★공급사 미상 → 후보,확실,적재,아로니아농축액,공급사 미상(source21),7000
올담식품,아로니아농축액,농축액,폴란드산,타공급사 보유,확실,적재,아로니아농축액,해찬솔,7800
올담식품,아로니아농축액,농축액,폴란드산,타공급사 보유,확실,적재,아로니아농축액,하이베이스,7000
올담식품,아로니아농축액,농축액,폴란드산,타공급사 보유,확실,적재,아로니아농축액,새롬비앤에프,12000
올담식품,아사이주스,농축액,브라질산,신규(DB에 없음),,적재,,,
올담식품,애플망고농축액,농축액,인도산,신규(DB에 없음),,적재,,,
올담식품,양배추농축액,농축액,국산,★공급사 미상 → 후보,확실,적재,양배추농축액,공급사 미상(source21),24000
올담식품,양배추농축액,농축액,국산,★공급사 미상 → 후보,확실,적재,양배추농축액,공급사 미상(source21),19000
올담식품,양배추농축액,농축액,국산,타공급사 보유,확실,적재,양배추농축액,해찬솔,24000
올담식품,양배추농축액,농축액,국산,타공급사 보유,확실,적재,양배추농축액,하이베이스,19000
올담식품,양배추즙농축액,농축액,국산,★공급사 미상 → 후보,확실,적재,양배추즙농축액,공급사 미상(source21),20000
올담식품,양배추즙농축액,농축액,국산,타공급사 보유,확실,적재,양배추즙농축액(BRIX:20),해찬솔,20000
올담식품,얼그레이홍차농축액,농축액,스리랑카산,신규(DB에 없음),,적재,,,
올담식품,엄나무혼합농축액,농축액,혼합,신규(DB에 없음),,적재,,,
올담식품,엘더베리농축액,농축액,오스트리아산,★공급사 미상 → 후보,확실,적재,엘더베리(착즙)농축액(65브릭스),공급사 미상(source21),36000
올담식품,엘더베리농축액,농축액,오스트리아산,타공급사 보유,확실,적재,엘더베리(착즙)농축액(65Brix),하이베이스,36000
올담식품,여주농축액,농축액,국산,신규(DB에 없음),,적재,,,
올담식품,열대과일농축액,농축액,이스라엘산,신규(DB에 없음),,적재,,,
올담식품,영지농축액,농축액,국산,신규(DB에 없음),,적재,,,
올담식품,영지농축액,농축액,중국산,신규(DB에 없음),,적재,,,
올담식품,오렌지농축액,농축액,스페인산,★공급사 미상 → 후보,확실,적재,오렌지농축액,공급사 미상(source21),11000
올담식품,오렌지농축액,농축액,스페인산,타공급사 보유,확실,적재,오렌지농축액,하이베이스,11000
올담식품,오렌지농축액,농축액,스페인산,★공급사 미상 → 후보,보통,적재,모로블러드오렌지농축액,공급사 미상(source21),9700
올담식품,오렌지농축액,농축액,스페인산,타공급사 보유,보통,적재,모로블러드오렌지농축액,해찬솔,9700
올담식품,오렌지농축액,농축액,스페인산,★공급사 미상 → 후보,확실,적재,오렌지농축액,공급사 미상(source21),11000
올담식품,오렌지농축액,농축액,스페인산,타공급사 보유,확실,적재,오렌지농축액,하이베이스,11000
올담식품,오렌지농축액,농축액,스페인산,★공급사 미상 → 후보,보통,적재,모로블러드오렌지농축액,공급사 미상(source21),9700
올담식품,오렌지농축액,농축액,스페인산,타공급사 보유,보통,적재,모로블러드오렌지농축액,해찬솔,9700
올담식품,오렌지농축액,농축액,브라질산,★공급사 미상 → 후보,확실,적재,오렌지농축액,공급사 미상(source21),11000
올담식품,오렌지농축액,농축액,브라질산,타공급사 보유,확실,적재,오렌지농축액,하이베이스,11000
올담식품,오렌지농축액,농축액,브라질산,★공급사 미상 → 후보,보통,적재,모로블러드오렌지농축액,공급사 미상(source21),9700
올담식품,오렌지농축액,농축액,브라질산,타공급사 보유,보통,적재,모로블러드오렌지농축액,해찬솔,9700
올담식품,오렌지농축액,농축액,브라질산,★공급사 미상 → 후보,확실,적재,오렌지농축액,공급사 미상(source21),11000
올담식품,오렌지농축액,농축액,브라질산,타공급사 보유,확실,적재,오렌지농축액,하이베이스,11000
올담식품,오렌지농축액,농축액,브라질산,★공급사 미상 → 후보,보통,적재,모로블러드오렌지농축액,공급사 미상(source21),9700
올담식품,오렌지농축액,농축액,브라질산,타공급사 보유,보통,적재,모로블러드오렌지농축액,해찬솔,9700
올담식품,오렌지농축액A,농축액,미국산,★공급사 미상 → 후보,높음,적재,오렌지농축액,공급사 미상(source21),11000
올담식품,오렌지농축액A,농축액,미국산,타공급사 보유,높음,적재,오렌지농축액,하이베이스,11000
올담식품,오미자농축액,농축액,국산,신규(DB에 없음),,적재,,,
올담식품,오미자농축액,농축액,중국산,신규(DB에 없음),,적재,,,
올담식품,오미자농축액,농축액,국산,신규(DB에 없음),,적재,,,
올담식품,오미자농축액,농축액,중국산,신규(DB에 없음),,적재,,,
올담식품,오자농축액,농축액,국산,타공급사 보유,확실,적재,오자농축액,해찬솔,20000
올담식품,옥수수수염농축액,농축액,국산,★공급사 미상 → 후보,보통,적재,옥수수수염,공급사 미상(source21),42000
올담식품,우바홍차농축액,농축액,스리랑카산,신규(DB에 없음),,적재,,,
올담식품,유자농축액,농축액,국산,신규(DB에 없음),,적재,,,
올담식품,은행농축액,농축액,국산,신규(DB에 없음),,적재,,,
올담식품,인진쑥농축액,농축액,국산,타공급사 보유,보통,적재,쑥 농축액,새롬비앤에프,16000
올담식품,자두농축액,농축액,칠레산,신규(DB에 없음),,적재,,,
올담식품,자몽농축액,농축액,미국산,신규(DB에 없음),,적재,,,
올담식품,작두콩농축액,농축액,국산,신규(DB에 없음),,적재,,,
올담식품,적포도농축액,농축액,칠레산,★공급사 미상 → 후보,확실,적재,적포도농축액,공급사 미상(source21),6400
올담식품,적포도농축액,농축액,칠레산,타공급사 보유,확실,적재,적포도농축액,해찬솔,6400
올담식품,적포도농축액,농축액,칠레산,★공급사 미상 → 후보,확실,적재,적포도농축액,공급사 미상(source21),6400
올담식품,적포도농축액,농축액,칠레산,타공급사 보유,확실,적재,적포도농축액,해찬솔,6400
올담식품,진저농축액,농축액,국산,신규(DB에 없음),,적재,,,
올담식품,진피농축액,농축액,국산,신규(DB에 없음),,적재,,,
올담식품,차가버섯농축액,농축액,러시아산,신규(DB에 없음),,적재,,,
올담식품,천궁농축액,농축액,중국산,신규(DB에 없음),,적재,,,
올담식품,청(풋)사과농축액,농축액,칠레산,★공급사 미상 → 후보,높음,적재,사과농축액,공급사 미상(source21),4400
올담식품,청(풋)사과농축액,농축액,칠레산,★공급사 미상 → 후보,높음,적재,사과농축액,공급사 미상(source21),5700
올담식품,청(풋)사과농축액,농축액,칠레산,타공급사 보유,높음,적재,사과 농축액,해찬솔,4400
올담식품,청(풋)사과농축액,농축액,칠레산,타공급사 보유,높음,적재,사과 농축액,해찬솔,5700
올담식품,청(풋)사과농축액,농축액,칠레산,타공급사 보유,높음,적재,사과 농축액,하이베이스,7500
올담식품,청귤착즙농축액,농축액,이탈리아산,신규(DB에 없음),,적재,,,
올담식품,청포도농축액,농축액,아르헨티나산,신규(DB에 없음),,적재,,,
올담식품,청포도농축액,농축액,,신규(DB에 없음),,적재,,,
올담식품,체리농축액,농축액,오스트리아산,★공급사 미상 → 후보,높음,적재,타트체리농축액,공급사 미상(source21),4800
올담식품,체리농축액,농축액,오스트리아산,★공급사 미상 → 후보,높음,적재,타트체리농축액,공급사 미상(source21),6800
올담식품,치커리농축액,농축액,국산,신규(DB에 없음),,적재,,,
올담식품,커피추출물,농축액,콜롬비아산,신규(DB에 없음),,적재,,,
올담식품,케일농축액,농축액,국산,신규(DB에 없음),,적재,,,
올담식품,크랜베리농축액,농축액,미국산,신규(DB에 없음),,적재,,,
올담식품,크랜베리착즙농축액,농축액,칠레산,신규(DB에 없음),,적재,,,
올담식품,키위농축액,농축액,뉴질랜드산,신규(DB에 없음),,적재,,,
올담식품,타트체리농축액,농축액,미국산,★공급사 미상 → 후보,확실,적재,타트체리농축액,공급사 미상(source21),4800
올담식품,타트체리농축액,농축액,미국산,★공급사 미상 → 후보,확실,적재,타트체리농축액,공급사 미상(source21),6800
올담식품,타트체리농축액,농축액,미국산,★공급사 미상 → 후보,확실,적재,타트체리농축액,공급사 미상(source21),4800
올담식품,타트체리농축액,농축액,미국산,★공급사 미상 → 후보,확실,적재,타트체리농축액,공급사 미상(source21),6800
올담식품,타트체리농축액,농축액,터키산,★공급사 미상 → 후보,확실,적재,타트체리농축액,공급사 미상(source21),4800
올담식품,타트체리농축액,농축액,터키산,★공급사 미상 → 후보,확실,적재,타트체리농축액,공급사 미상(source21),6800
올담식품,타트체리농축액,농축액,터키산,★공급사 미상 → 후보,확실,적재,타트체리농축액,공급사 미상(source21),4800
올담식품,타트체리농축액,농축액,터키산,★공급사 미상 → 후보,확실,적재,타트체리농축액,공급사 미상(source21),6800
올담식품,토마토농축액,농축액,칠레산,신규(DB에 없음),,적재,,,
올담식품,파인애플농축액,농축액,태국산,신규(DB에 없음),,적재,,,
올담식품,파인애플농축액,농축액,태국산,신규(DB에 없음),,적재,,,
올담식품,파인애플농축액,농축액,필리핀산,신규(DB에 없음),,적재,,,
올담식품,파인애플농축액,농축액,이스라엘산,신규(DB에 없음),,적재,,,
올담식품,파인애플주스농축액,농축액,필리핀산,신규(DB에 없음),,적재,,,
올담식품,파파야농축액,농축액,국산,신규(DB에 없음),,적재,,,
올담식품,팥농축액,농축액,국산,신규(DB에 없음),,적재,,,
올담식품,패션후르츠농축액,농축액,베트남산,신규(DB에 없음),,적재,,,
올담식품,포도농축액,농축액,국산,★공급사 미상 → 후보,높음,적재,적포도농축액,공급사 미상(source21),6400
올담식품,포도농축액,농축액,국산,타공급사 보유,높음,적재,적포도농축액,해찬솔,6400
올담식품,푸룬농축액,농축액,칠레산,신규(DB에 없음),,적재,,,
올담식품,푸룬농축액,농축액,미국산,신규(DB에 없음),,적재,,,
올담식품,한라봉농축액,농축액,국산,신규(DB에 없음),,적재,,,
올담식품,한라봉농축액,농축액,국산,신규(DB에 없음),,적재,,,
올담식품,헛개나무열매농축액,농축액,중국산,★공급사 미상 → 후보,확실,적재,헛개나무열매농축액,공급사 미상(source21),78000
올담식품,헛개나무열매농축액,농축액,중국산,★공급사 미상 → 후보,확실,적재,헛개나무열매농축액,공급사 미상(source21),78000
올담식품,헛개나무열매농축액,농축액,국산,★공급사 미상 → 후보,확실,적재,헛개나무열매농축액,공급사 미상(source21),78000
올담식품,헛개나무열매농축액,농축액,국산,★공급사 미상 → 후보,확실,적재,헛개나무열매농축액,공급사 미상(source21),78000
올담식품,헛개나무열매농축액,농축액,국산,★공급사 미상 → 후보,확실,적재,헛개나무열매농축액,공급사 미상(source21),78000
올담식품,호박추출농축액,농축액,국산,신규(DB에 없음),,적재,,,
올담식품,홍도라지농축액,농축액,국산,신규(DB에 없음),,적재,,,
올담식품,황기농축액,농축액,중국산,신규(DB에 없음),,적재,,,
올담식품,황기농축액,농축액,국산,신규(DB에 없음),,적재,,,
올담식품,후레쉬깔라만시과즙액,농축액,베트남산,신규(DB에 없음),,적재,,,
올담식품,흑도라지농축액,농축액,국산,신규(DB에 없음),,적재,,,
올담식품,흑마늘농축액,농축액,국산,신규(DB에 없음),,적재,,,
올담식품,흑마늘농축액,농축액,국산,신규(DB에 없음),,적재,,,
올담식품,흰강낭콩농축액,농축액,캐나다산,신규(DB에 없음),,적재,,,
올담식품,히비스커스농축액,농축액,이집트산,신규(DB에 없음),,적재,,,
올담식품,17곡 혼합추출분말,분말,국산,신규(DB에 없음),,적재,,,
올담식품,19곡 혼합추출분말,분말,국산,신규(DB에 없음),,적재,,,
올담식품,20 야채혼합농축분말,분말,독일산,★공급사 미상 → 후보,확실,적재,20야채혼합농축분말,공급사 미상(source21),17000
올담식품,20 야채혼합농축분말,분말,독일산,타공급사 보유,확실,적재,20야채혼합농축분말,하이베이스,17000
올담식품,20 야채혼합농축분말,분말,독일산,★공급사 미상 → 후보,높음,적재,야채혼합농축분말(20종),공급사 미상(source21),17000
올담식품,20 야채혼합농축분말,분말,독일산,★공급사 미상 → 후보,높음,적재,야채혼합농축분말(27종야채),공급사 미상(source21),23000
올담식품,27종 과일야채혼합농축분말,분말,혼합,★공급사 미상 → 후보,확실,적재,27종과일야채혼합농축분말,공급사 미상(source21),23000
올담식품,27종 과일야채혼합농축분말,분말,혼합,타공급사 보유,확실,적재,27종 과일야채혼합농축분말,해찬솔,23000
올담식품,27종 과일야채혼합농축분말,분말,혼합,타공급사 보유,확실,적재,27종과일야채혼합농축분말,하이베이스,23000
올담식품,27종 과일야채혼합농축분말,분말,혼합,★공급사 미상 → 후보,보통,적재,야채혼합농축분말(20종),공급사 미상(source21),17000
올담식품,27종 과일야채혼합농축분말,분말,혼합,★공급사 미상 → 후보,보통,적재,야채혼합농축분말(27종야채),공급사 미상(source21),23000
올담식품,6종 과일야채추출분말,분말,국산,신규(DB에 없음),,적재,,,
올담식품,ABC분말,분말,혼합,신규(DB에 없음),,적재,,,
올담식품,LVB꾸지뽕혼합추출분말,분말,혼합,신규(DB에 없음),,적재,,,
올담식품,가시오갈피농축분말,분말,국산,신규(DB에 없음),,적재,,,
올담식품,갈근(칡)추출분말,분말,국산,타공급사 보유,확실,적재,갈근추출분말,하이베이스,22000
올담식품,감귤과즙분말,분말,국산,신규(DB에 없음),,적재,,,
올담식품,감초농축분말,분말,우즈베키스탄산,동일공급사 기등록,확실,적재,감초농축분말,올담식품,17500
올담식품,감태추출분말,분말,국산,★공급사 미상 → 후보,확실,적재,감태추출분말,공급사 미상(source21),48000
올담식품,감태추출분말,분말,국산,타공급사 보유,확실,적재,감태추출분말,해찬솔,20000
올담식품,강황농축분말,분말,국산,신규(DB에 없음),,적재,,,
올담식품,강황추출분말,분말,인도네시아산,★공급사 미상 → 후보,확실,적재,강황추출분말,공급사 미상(source21),28000
올담식품,강황추출분말,분말,인도네시아산,★공급사 미상 → 후보,확실,적재,강황추출분말,공급사 미상(source21),190000
올담식품,강황추출분말,분말,인도네시아산,동일공급사 기등록,확실,적재,강황추출분말,올담식품,14500
올담식품,강황추출분말,분말,인도네시아산,★공급사 미상 → 후보,확실,적재,강황추출분말,공급사 미상(source21),195000
올담식품,강황추출분말,분말,인도네시아산,★공급사 미상 → 후보,확실,적재,강황추출분말,공급사 미상(source21),24000
올담식품,강황추출분말-1,분말,국산,★공급사 미상 → 후보,높음,적재,강황추출분말,공급사 미상(source21),28000
올담식품,강황추출분말-1,분말,국산,★공급사 미상 → 후보,높음,적재,강황추출분말,공급사 미상(source21),190000
올담식품,강황추출분말-1,분말,국산,동일공급사 기등록,높음,적재,강황추출분말,올담식품,14500
올담식품,강황추출분말-1,분말,국산,★공급사 미상 → 후보,높음,적재,강황추출분말,공급사 미상(source21),195000
올담식품,강황추출분말-1,분말,국산,★공급사 미상 → 후보,높음,적재,강황추출분말,공급사 미상(source21),24000
올담식품,검정보리추출분말,분말,국산,신규(DB에 없음),,적재,,,
올담식품,검정콩추출분말,분말,국산,신규(DB에 없음),,적재,,,
올담식품,겨우살이추출분말,분말,국산,신규(DB에 없음),,적재,,,
올담식품,결명자추출분말,분말,국산,신규(DB에 없음),,적재,,,
올담식품,계피추출분말,분말,베트남산,★공급사 미상 → 후보,확실,적재,계피추출분말,공급사 미상(source21),26000
올담식품,계피추출분말,분말,베트남산,★공급사 미상 → 후보,확실,적재,계피추출분말,공급사 미상(source21),16000
올담식품,계피추출분말,분말,베트남산,★공급사 미상 → 후보,확실,적재,계피추출분말,공급사 미상(source21),15500
올담식품,계피추출분말,분말,베트남산,타공급사 보유,확실,적재,계피 추출분말,하이베이스,26000
올담식품,계피추출분말,분말,베트남산,타공급사 보유,확실,적재,계피 추출분말,하이베이스,16000
올담식품,계피추출분말,분말,베트남산,타공급사 보유,확실,적재,계피추출분말,해찬솔,15500
올담식품,계피추출분말,분말,베트남산,동일공급사 기등록,확실,적재,계피추출분말,올담식품,15000
올담식품,고구마농축분말,분말,국산,신규(DB에 없음),,적재,,,
올담식품,골드키위농축분말,분말,뉴질랜드산,신규(DB에 없음),,적재,,,
올담식품,곰보배추추출분말,분말,국산,신규(DB에 없음),,적재,,,
올담식품,구기자추출분말,분말,국산,★공급사 미상 → 후보,확실,적재,구기자추출분말,공급사 미상(source21),30000
올담식품,구기자추출분말,분말,국산,★공급사 미상 → 후보,확실,적재,구기자추출분말,공급사 미상(source21),35000
올담식품,구기자추출분말,분말,국산,★공급사 미상 → 후보,확실,적재,구기자추출분말,공급사 미상(source21),29700
올담식품,구기자추출분말,분말,국산,타공급사 보유,확실,적재,구기자추출분말,해찬솔,30000
올담식품,구기자추출분말,분말,국산,타공급사 보유,확실,적재,구기자추출분말,하이베이스,35000
올담식품,구기자추출분말,분말,국산,타공급사 보유,확실,적재,구기자추출분말,선일에프앤씨,29700
올담식품,구기자추출분말,분말,국산,★공급사 미상 → 후보,높음,적재,발효구기자추출분말,공급사 미상(source21),32000
올담식품,구기자추출분말,분말,국산,타공급사 보유,높음,적재,발효구기자추출분말,해찬솔,32000
올담식품,구아바잎추출물분말,분말,인도네시아산,★공급사 미상 → 후보,높음,적재,구아바잎추출물,공급사 미상(source21),60000
올담식품,구절초추출분말,분말,국산,★공급사 미상 → 후보,확실,적재,구절초추출분말,공급사 미상(source21),18000
올담식품,구절초추출분말,분말,국산,타공급사 보유,확실,적재,구절초추출분말,해찬솔,15000
올담식품,구절초추출분말,분말,국산,타공급사 보유,확실,적재,구절초추출분말,하이베이스,18000
올담식품,금은화추출분말,분말,중국산,신규(DB에 없음),,적재,,,
올담식품,깔라만시주스분말,분말,베트남산,신규(DB에 없음),,적재,,,
올담식품,깻잎추출분말,분말,국산,신규(DB에 없음),,적재,,,
올담식품,꾸지뽕열매추출분말,분말,국산,신규(DB에 없음),,적재,,,
올담식품,꿀분말,분말,국산,신규(DB에 없음),,적재,,,
올담식품,남가새추출분말,분말,인도산,타공급사 보유,확실,적재,남가새추출분말,해찬솔,16000
올담식품,남가새추출분말,분말,인도산,타공급사 보유,확실,적재,남가새추출분말,하이베이스,40000
올담식품,납작복숭아추출분말,분말,스페인산,★공급사 미상 → 후보,높음,적재,복숭아추출분말,공급사 미상(source21),27000
올담식품,노니추출분말,분말,인도네시아산,타공급사 보유,확실,적재,노니추출분말,하이베이스,15000
올담식품,녹용추출분말,분말,뉴질랜드산,★공급사 미상 → 후보,확실,적재,녹용추출분말,공급사 미상(source21),140000
올담식품,녹용추출분말,분말,뉴질랜드산,★공급사 미상 → 후보,확실,적재,녹용추출분말,공급사 미상(source21),65000
올담식품,녹용추출분말,분말,뉴질랜드산,타공급사 보유,확실,적재,녹용추출분말,해찬솔,65000
올담식품,녹차추출분말,분말,국산,타공급사 보유,확실,적재,녹차추출분말(카테킨함량70%),하이베이스,80000
올담식품,녹차추출분말,분말,국산,타공급사 보유,확실,적재,녹차추출분말(카테킨함량70%),하이베이스,77000
올담식품,녹차추출분말,분말,국산,타공급사 보유,확실,적재,녹차추출분말(카테킨함량75%),하이베이스,88000
올담식품,녹차추출분말,분말,국산,타공급사 보유,확실,적재,녹차추출분말(카테킨함량70%),엘본에이치앤비,79000
올담식품,녹차추출분말,분말,국산,동일공급사 기등록,확실,적재,녹차추출분말,올담식품,16000
올담식품,능이버섯추출분말,분말,중국산,신규(DB에 없음),,적재,,,
올담식품,다시마추출분말,분말,국산,★공급사 미상 → 후보,높음,적재,마추출분말,공급사 미상(source21),23000
올담식품,다시마추출분말,분말,국산,★공급사 미상 → 후보,높음,적재,마추출분말,공급사 미상(source21),29000
올담식품,다시마추출분말,분말,국산,타공급사 보유,높음,적재,마추출분말,해찬솔,23000
올담식품,다시마추출분말,분말,국산,타공급사 보유,높음,적재,마추출분말,하이베이스,29000
올담식품,다크스위트체리농축분말,분말,미국산,신규(DB에 없음),,적재,,,
올담식품,단호박추출분말,분말,국산,★공급사 미상 → 후보,확실,적재,단호박추출분말,공급사 미상(source21),15000
올담식품,단호박추출분말,분말,국산,타공급사 보유,확실,적재,단호박추출분말,해찬솔,15000
올담식품,단호박추출분말,분말,국산,타공급사 보유,높음,적재,호박 추출분말,해찬솔,15500
올담식품,당근착즙액분말,분말,국산,타공급사 보유,확실,적재,당근착즙액 분말,해찬솔,24000
올담식품,대추야자추출분말,분말,이란산,★공급사 미상 → 후보,확실,적재,대추야자추출분말,공급사 미상(source21),25000
올담식품,대추야자추출분말,분말,이란산,타공급사 보유,확실,적재,대추야자추출분말,하이베이스,25000
올담식품,대추추출분말,분말,국산,신규(DB에 없음),,적재,,,
올담식품,댕댕이나무열매추출분말,분말,국산,신규(DB에 없음),,적재,,,
올담식품,더덕추출분말,분말,국산,신규(DB에 없음),,적재,,,
올담식품,도라지농축분말,분말,국산,신규(DB에 없음),,적재,,,
올담식품,도라지추출분말,분말,국산,신규(DB에 없음),,적재,,,
올담식품,돌외잎추출분말,분말,국산,신규(DB에 없음),,적재,,,
올담식품,돼지감자추출분말,분말,국산,타공급사 보유,확실,적재,돼지감자(예루살렘 아티초크)추출분말,해찬솔,20000
올담식품,두부추출분말,분말,국산,신규(DB에 없음),,적재,,,
올담식품,두충추출분말,분말,국산,동일공급사 기등록,확실,적재,두충추출분말,올담식품,14500
올담식품,두충추출분말,분말,국산,★공급사 미상 → 후보,보통,적재,두충추출분말고형분30%,공급사 미상(source21),40000
올담식품,둥굴레농축분말,분말,국산,신규(DB에 없음),,적재,,,
올담식품,딸기농축분말,분말,국산,동일공급사 기등록,확실,적재,딸기농축분말,올담식품,18000
올담식품,땅콩새싹추출분말,분말,국산,신규(DB에 없음),,적재,,,
올담식품,라벤더추출분말,분말,프랑스산,신규(DB에 없음),,적재,,,
올담식품,라임농축분말,분말,이탈리아산,신규(DB에 없음),,적재,,,
올담식품,라즈베리농축분말,분말,미국산,신규(DB에 없음),,적재,,,
올담식품,레드비트농축분말,분말,독일산,★공급사 미상 → 후보,확실,적재,레드비트농축분말,공급사 미상(source21),18000
올담식품,레드비트농축분말,분말,독일산,★공급사 미상 → 후보,확실,적재,레드비트농축분말,공급사 미상(source21),17000
올담식품,레드비트농축분말,분말,독일산,타공급사 보유,확실,적재,레드비트농축분말,해찬솔,17000
올담식품,레드비트농축분말,분말,독일산,타공급사 보유,확실,적재,레드비트농축분말,새롬비앤에프,16000
올담식품,레드용과추출분말,분말,베트남산,신규(DB에 없음),,적재,,,
올담식품,레몬과즙분말,분말,미국산,신규(DB에 없음),,적재,,,
올담식품,레몬농축분말,분말,이탈리아산,신규(DB에 없음),,적재,,,
올담식품,레몬농축분말01,분말,아르헨티나산,신규(DB에 없음),,적재,,,
올담식품,레몬밤추출분말,분말,중국산,★공급사 미상 → 후보,확실,적재,레몬밤추출분말,공급사 미상(source21),15000
올담식품,레몬버베나추출물분말,분말,파라과이산,신규(DB에 없음),,적재,,,
올담식품,로즈마리추출분말,분말,이집트산,타공급사 보유,확실,적재,로즈마리 추출분말,해찬솔,16000
올담식품,로즈힙추출분말,분말,칠레산,★공급사 미상 → 후보,확실,적재,로즈힙추출분말,공급사 미상(source21),20000
올담식품,로즈힙추출분말,분말,칠레산,★공급사 미상 → 후보,확실,적재,로즈힙추출분말,공급사 미상(source21),60000
올담식품,로즈힙추출분말,분말,칠레산,타공급사 보유,확실,적재,로즈힙추출분말,해찬솔,20000
올담식품,로즈힙추출분말,분말,칠레산,타공급사 보유,확실,적재,로즈힙추출분말,하이베이스,60000
올담식품,로즈힙추출분말,분말,칠레산,타공급사 보유,확실,적재,로즈힙 추출분말,해찬솔,20000
올담식품,로즈힙추출분말,분말,칠레산,타공급사 보유,높음,적재,유기농로즈힙추출분말,태성,38000
올담식품,루바브추출물분말,분말,국산,신규(DB에 없음),,적재,,,
올담식품,루바브추출물분말,분말,폴란드산,신규(DB에 없음),,적재,,,
올담식품,루이보스추출분말,분말,남아공산,신규(DB에 없음),,적재,,,
올담식품,리치농축분말,분말,대만산,신규(DB에 없음),,적재,,,
올담식품,링곤베리주스농축분말,분말,핀란드산,신규(DB에 없음),,적재,,,
올담식품,링곤베리주스분말,분말,핀란드산,신규(DB에 없음),,적재,,,
올담식품,마름열매추출분말,분말,국산,신규(DB에 없음),,적재,,,
올담식품,마리골드추출분말,분말,국산,★공급사 미상 → 후보,확실,적재,마리골드추출분말,공급사 미상(source21),80000
올담식품,마리골드추출분말,분말,국산,★공급사 미상 → 후보,보통,적재,마리골드,공급사 미상(source21),95000
올담식품,마리골드추출분말,분말,이집트산,★공급사 미상 → 후보,확실,적재,마리골드추출분말,공급사 미상(source21),80000
올담식품,마리골드추출분말,분말,이집트산,★공급사 미상 → 후보,보통,적재,마리골드,공급사 미상(source21),95000
올담식품,마추출분말,분말,국산,★공급사 미상 → 후보,확실,적재,마추출분말,공급사 미상(source21),23000
올담식품,마추출분말,분말,국산,★공급사 미상 → 후보,확실,적재,마추출분말,공급사 미상(source21),29000
올담식품,마추출분말,분말,국산,타공급사 보유,확실,적재,마추출분말,해찬솔,23000
올담식품,마추출분말,분말,국산,타공급사 보유,확실,적재,마추출분말,하이베이스,29000
올담식품,마카농축분말,분말,페루산,신규(DB에 없음),,적재,,,
올담식품,마테추출분말,분말,브라질산,★공급사 미상 → 후보,확실,적재,마테추출분말,공급사 미상(source21),16000
올담식품,마테추출분말,분말,브라질산,★공급사 미상 → 후보,확실,적재,마테추출분말,공급사 미상(source21),50000
올담식품,마테추출분말,분말,브라질산,타공급사 보유,확실,적재,마테추출분말,해찬솔,16000
올담식품,마테추출분말,분말,브라질산,타공급사 보유,확실,적재,마테추출분말,하이베이스,50000
올담식품,말차추출분말,분말,국산,신규(DB에 없음),,적재,,,
올담식품,망고농축분말,분말,이스라엘산,신규(DB에 없음),,적재,,,
올담식품,망고추출분말,분말,필린핀산,★공급사 미상 → 후보,보통,적재,와일드망고추출분말,공급사 미상(source21),34000
올담식품,망고추출분말,분말,필린핀산,★공급사 미상 → 후보,보통,적재,와일드망고추출분말,공급사 미상(source21),32000
올담식품,망고추출분말,분말,필린핀산,타공급사 보유,보통,적재,와일드망고추출분말,하이베이스,32000
올담식품,매실추출분말,분말,국산,★공급사 미상 → 후보,확실,적재,매실추출분말,공급사 미상(source21),17000
올담식품,매실추출분말,분말,국산,★공급사 미상 → 후보,확실,적재,매실추출분말,공급사 미상(source21),19000
올담식품,매실추출분말,분말,국산,★공급사 미상 → 후보,확실,적재,매실추출분말,공급사 미상(source21),18000
올담식품,매실추출분말,분말,국산,타공급사 보유,확실,적재,매실 추출분말,해찬솔,17000
올담식품,매실추출분말,분말,국산,타공급사 보유,확실,적재,매실 추출분말,새롬비앤에프,19000
올담식품,매실추출분말,분말,국산,타공급사 보유,확실,적재,매실 추출분말,하이베이스,18000
올담식품,맥문동추출분말,분말,국산,신규(DB에 없음),,적재,,,
올담식품,맥아(보리)추출분말,분말,국산,★공급사 미상 → 후보,확실,적재,맥아추출분말,공급사 미상(source21),25000
올담식품,맥아(보리)추출분말,분말,국산,★공급사 미상 → 후보,확실,적재,맥아추출분말,공급사 미상(source21),23500
올담식품,맥아추출분말,분말,국산,★공급사 미상 → 후보,확실,적재,맥아추출분말,공급사 미상(source21),25000
올담식품,맥아추출분말,분말,국산,★공급사 미상 → 후보,확실,적재,맥아추출분말,공급사 미상(source21),23500
올담식품,메이플시럽분말,분말,캐나다산,신규(DB에 없음),,적재,,,
올담식품,멜론농축분말,분말,이스라엘산,신규(DB에 없음),,적재,,,
올담식품,모과추출분말,분말,국산,동일공급사 기등록,확실,적재,모과추출분말,올담식품,14000
올담식품,모로오렌지농축분말,분말,이스라엘산,★공급사 미상 → 후보,높음,적재,오렌지농축분말,공급사 미상(source21),15000
올담식품,모로오렌지농축분말,분말,이스라엘산,★공급사 미상 → 후보,높음,적재,오렌지농축분말,공급사 미상(source21),18000
올담식품,모로오렌지농축분말,분말,이스라엘산,타공급사 보유,높음,적재,오렌지농축분말,해찬솔,15000
올담식품,모로오렌지농축분말,분말,이스라엘산,타공급사 보유,높음,적재,오렌지농축분말,새롬비앤에프,15000
올담식품,모로오렌지농축분말,분말,이스라엘산,타공급사 보유,높음,적재,오렌지농축분말,하이베이스,18000
올담식품,모로오렌지농축분말,분말,이스라엘산,★공급사 미상 → 후보,보통,적재,모로오렌지,공급사 미상(source21),75000
올담식품,모로오렌지농축분말,분말,이스라엘산,★공급사 미상 → 후보,보통,적재,모로오렌지,공급사 미상(source21),16000
올담식품,모로오렌지농축분말,분말,이스라엘산,★공급사 미상 → 후보,보통,적재,모로오렌지,공급사 미상(source21),15000
올담식품,모로오렌지농축분말,분말,이스라엘산,★공급사 미상 → 후보,보통,적재,모로오렌지,공급사 미상(source21),55000
올담식품,모로오렌지농축분말,분말,이스라엘산,★공급사 미상 → 후보,보통,적재,모로오렌지,공급사 미상(source21),18000
올담식품,모로오렌지추출분말,분말,이탈리아산,타공급사 보유,확실,적재,모로오렌지추출분말,새롬비앤에프,15000
올담식품,모로오렌지추출분말,분말,이탈리아산,타공급사 보유,확실,적재,모로오렌지추출분말,하이베이스,55000
올담식품,모로오렌지추출분말,분말,이탈리아산,타공급사 보유,확실,적재,모로오렌지추출분말,하이베이스,18000
올담식품,모로오렌지추출분말,분말,이탈리아산,타공급사 보유,확실,적재,모로오렌지 추출분말,해찬솔,16500
올담식품,모로오렌지추출분말,분말,이탈리아산,타공급사 보유,확실,적재,모로오렌지 추출분말,하이베이스,55000
올담식품,모로오렌지추출분말,분말,이탈리아산,타공급사 보유,확실,적재,모로오렌지 추출분말,하이베이스,18000
올담식품,모로오렌지추출분말,분말,이탈리아산,★공급사 미상 → 후보,확실,적재,모로오렌지추출분말,공급사 미상(source21),17000
올담식품,모로오렌지추출분말,분말,이탈리아산,타공급사 보유,보통,적재,모로오렌지추출분말 hcs7565,엘본에이치앤비,16000
올담식품,모로오렌지추출분말,분말,이탈리아산,★공급사 미상 → 후보,보통,적재,모로오렌지,공급사 미상(source21),75000
올담식품,모로오렌지추출분말,분말,이탈리아산,★공급사 미상 → 후보,보통,적재,모로오렌지,공급사 미상(source21),16000
올담식품,모로오렌지추출분말,분말,이탈리아산,★공급사 미상 → 후보,보통,적재,모로오렌지,공급사 미상(source21),15000
올담식품,모로오렌지추출분말,분말,이탈리아산,★공급사 미상 → 후보,보통,적재,모로오렌지,공급사 미상(source21),55000
올담식품,모로오렌지추출분말,분말,이탈리아산,★공급사 미상 → 후보,보통,적재,모로오렌지,공급사 미상(source21),18000
올담식품,모링가추출분말,분말,인도네시아산,★공급사 미상 → 후보,확실,적재,모링가추출분말,공급사 미상(source21),15000
올담식품,모링가추출분말,분말,인도네시아산,★공급사 미상 → 후보,확실,적재,모링가추출분말,공급사 미상(source21),21000
올담식품,모링가추출분말,분말,인도네시아산,타공급사 보유,확실,적재,모링가 추출분말,새롬비앤에프,21000
올담식품,무착즙분말,분말,국산,신규(DB에 없음),,적재,,,
올담식품,무화과추출분말,분말,터키산,신규(DB에 없음),,적재,,,
올담식품,미강추출분말,분말,국산,★공급사 미상 → 후보,확실,적재,미강추출분말,공급사 미상(source21),26000
올담식품,미강추출분말,분말,국산,타공급사 보유,확실,적재,미강추출분말,하이베이스,26000
올담식품,미강추출분말,분말,국산,타공급사 보유,확실,적재,미강추출분말,엘본에이치앤비,26000
올담식품,미슬토추출분말,분말,국산,신규(DB에 없음),,적재,,,
올담식품,민들레추출분말,분말,국산,★공급사 미상 → 후보,확실,적재,민들레추출분말,공급사 미상(source21),24000
올담식품,민들레추출분말,분말,국산,타공급사 보유,확실,적재,민들레추출분말,하이베이스,24000
올담식품,민들레추출분말,분말,국산,동일공급사 기등록,확실,적재,민들레추출분말,올담식품,16500
올담식품,밀추출물분말,분말,국산,신규(DB에 없음),,적재,,,
올담식품,바나나농축분말01,분말,필리핀산,신규(DB에 없음),,적재,,,
올담식품,바나나추출분말,분말,이스라엘산,신규(DB에 없음),,적재,,,
올담식품,바나바잎추출분말,분말,인도네시아산,신규(DB에 없음),,적재,,,
올담식품,바닐라추출분말,분말,마다가스카르산,신규(DB에 없음),,적재,,,
올담식품,바질추출분말,분말,이집트산,신규(DB에 없음),,적재,,,
올담식품,발효구기자추출분말,분말,국산,★공급사 미상 → 후보,확실,적재,발효구기자추출분말,공급사 미상(source21),32000
올담식품,발효구기자추출분말,분말,국산,타공급사 보유,확실,적재,발효구기자추출분말,해찬솔,32000
올담식품,발효구기자추출분말,분말,국산,★공급사 미상 → 후보,높음,적재,구기자추출분말,공급사 미상(source21),30000
올담식품,발효구기자추출분말,분말,국산,★공급사 미상 → 후보,높음,적재,구기자추출분말,공급사 미상(source21),35000
올담식품,발효구기자추출분말,분말,국산,★공급사 미상 → 후보,높음,적재,구기자추출분말,공급사 미상(source21),29700
올담식품,발효구기자추출분말,분말,국산,타공급사 보유,높음,적재,구기자추출분말,해찬솔,30000
올담식품,발효구기자추출분말,분말,국산,타공급사 보유,높음,적재,구기자추출분말,하이베이스,35000
올담식품,발효구기자추출분말,분말,국산,타공급사 보유,높음,적재,구기자추출분말,선일에프앤씨,29700
올담식품,발효매실추출분말,분말,국산,★공급사 미상 → 후보,높음,적재,매실추출분말,공급사 미상(source21),17000
올담식품,발효매실추출분말,분말,국산,★공급사 미상 → 후보,높음,적재,매실추출분말,공급사 미상(source21),19000
올담식품,발효매실추출분말,분말,국산,★공급사 미상 → 후보,높음,적재,매실추출분말,공급사 미상(source21),18000
올담식품,발효매실추출분말,분말,국산,타공급사 보유,높음,적재,매실 추출분말,해찬솔,17000
올담식품,발효매실추출분말,분말,국산,타공급사 보유,높음,적재,매실 추출분말,새롬비앤에프,19000
올담식품,발효매실추출분말,분말,국산,타공급사 보유,높음,적재,매실 추출분말,하이베이스,18000
올담식품,발효미강추출분말,분말,국산,★공급사 미상 → 후보,높음,적재,미강추출분말,공급사 미상(source21),26000
올담식품,발효미강추출분말,분말,국산,타공급사 보유,높음,적재,미강추출분말,하이베이스,26000
올담식품,발효미강추출분말,분말,국산,타공급사 보유,높음,적재,미강추출분말,엘본에이치앤비,26000
올담식품,발효새싹보리추출분말,분말,국산,★공급사 미상 → 후보,높음,적재,새싹보리추출분말,공급사 미상(source21),29000
올담식품,발효여주추출분말,분말,국산,신규(DB에 없음),,적재,,,
올담식품,발효우슬추출분말,분말,국산,동일공급사 기등록,높음,적재,우슬추출분말,올담식품,22500
올담식품,발효율피농축분말,분말,국산,신규(DB에 없음),,적재,,,
올담식품,발효율피추출분말,분말,국산,★공급사 미상 → 후보,확실,적재,발효율피추출분말,공급사 미상(source21),19000
올담식품,발효허니부쉬추출분말,분말,남아공산,신규(DB에 없음),,적재,,,
올담식품,발효황기추출분말,분말,국산,타공급사 보유,높음,적재,황기추출분말,해찬솔,21000
올담식품,발효황기추출분말,분말,국산,타공급사 보유,높음,적재,황기추출분말,해찬솔,23000
올담식품,발효흑마늘농축분말,분말,국산,신규(DB에 없음),,적재,,,
올담식품,밤추출분말,분말,국산,★공급사 미상 → 후보,높음,적재,레몬밤추출분말,공급사 미상(source21),15000
올담식품,방풍나물추출분말,분말,국산,신규(DB에 없음),,적재,,,
올담식품,배농축분말,분말,국산,신규(DB에 없음),,적재,,,
올담식품,배즙분말,분말,국산,신규(DB에 없음),,적재,,,
올담식품,백(청)포도농축분말,분말,칠레산,신규(DB에 없음),,적재,,,
올담식품,백년초농축분말,분말,국산,신규(DB에 없음),,적재,,,
올담식품,백수오추출분말,분말,국산,★공급사 미상 → 후보,확실,적재,백수오추출분말,공급사 미상(source21),43000
올담식품,백수오추출분말,분말,국산,타공급사 보유,확실,적재,백수오추출분말,하이베이스,43000
올담식품,백태추출분말,분말,국산,신규(DB에 없음),,적재,,,
올담식품,버섯혼합추출분말,분말,국산,신규(DB에 없음),,적재,,,
올담식품,벌나무추출분말,분말,국산,신규(DB에 없음),,적재,,,
올담식품,베르가못추출분말,분말,국산,타공급사 보유,확실,적재,베르가못추출분말,엔바이오텍,120000
올담식품,베르가못추출분말,분말,국산,타공급사 보유,확실,적재,베르가못추출분말,해찬솔,18000
올담식품,병아리콩농축분말,분말,캐나다산,신규(DB에 없음),,적재,,,
올담식품,병풀추출분말,분말,인도네시아산,신규(DB에 없음),,적재,,,
올담식품,보검선인자농축분말,분말,국산,신규(DB에 없음),,적재,,,
올담식품,보리추출분말-1,분말,국산,신규(DB에 없음),,적재,,,
올담식품,보이즌베리농축분말,분말,미국산,신규(DB에 없음),,적재,,,
올담식품,보이차추출분말,분말,중국산,★공급사 미상 → 후보,확실,적재,보이차추출분말,공급사 미상(source21),17000
올담식품,보이차추출분말,분말,중국산,타공급사 보유,확실,적재,보이차추출분말,태성,17000
올담식품,복분자추출분말,분말,국산,신규(DB에 없음),,적재,,,
올담식품,복숭아과즙분말,분말,국산,신규(DB에 없음),,적재,,,
올담식품,복숭아농축분말,분말,이스라엘산,타공급사 보유,확실,적재,복숭아농축분말,해찬솔,15000
올담식품,복숭아농축분말,분말,미국/이스라엘,타공급사 보유,확실,적재,복숭아농축분말,해찬솔,15000
올담식품,볶은현미추출분말,분말,국산,신규(DB에 없음),,적재,,,
올담식품,브로콜리농축분말,분말,스페인산,신규(DB에 없음),,적재,,,
올담식품,블랙마카추출분말,분말,페루산,신규(DB에 없음),,적재,,,
올담식품,블랙베리과즙분말,분말,독일산,신규(DB에 없음),,적재,,,
올담식품,블랙보리추출분말,분말,국산,신규(DB에 없음),,적재,,,
올담식품,블랙커런트농축분말,분말,독일산,타공급사 보유,확실,적재,블랙커런트농축분말,새롬비앤에프,27000
올담식품,블루베리농축분말,분말,미국산,★공급사 미상 → 후보,확실,적재,블루베리농축분말,공급사 미상(source21),24000
올담식품,블루베리농축분말,분말,미국산,타공급사 보유,확실,적재,"블루베리농축분말
(cos10817)",엘본에이치앤비,24000
올담식품,블루베리농축분말,분말,미국산,타공급사 보유,확실,적재,블루베리 농축분말,새롬비앤에프,23000
올담식품,블루베리농축분말,분말,미국산,타공급사 보유,확실,적재,블루베리 농축분말,해찬솔,15000
올담식품,블루베리농축분말,분말,미국산,타공급사 보유,확실,적재,블루베리 농축분말,새롬비앤에프,24000
올담식품,블루베리농축분말,분말,미국산,타공급사 보유,확실,적재,블루베리 농축분말,하이베이스,40000
올담식품,비수리(야관문)추출분말,분말,국산,신규(DB에 없음),,적재,,,
올담식품,빌베리농축분말,분말,오스트리아산,신규(DB에 없음),,적재,,,
올담식품,뽕잎추출분말,분말,국산,신규(DB에 없음),,적재,,,
올담식품,사과농축분말,분말,국산,★공급사 미상 → 후보,확실,적재,사과농축분말(풋),공급사 미상(source21),14000
올담식품,사과농축분말,분말,국산,★공급사 미상 → 후보,확실,적재,사과농축분말(청),공급사 미상(source21),15000
올담식품,사과농축분말,분말,국산,타공급사 보유,확실,적재,사과 농축분말,해찬솔,14000
올담식품,사과농축분말,분말,국산,타공급사 보유,확실,적재,사과 농축분말,새롬비앤에프,15000
올담식품,사과농축분말,분말,국산,타공급사 보유,확실,적재,사과농축분말,하이베이스,16000
올담식품,사과농축분말,분말,국산,타공급사 보유,확실,적재,사과농축분말(SR-20395),하이베이스,18000
올담식품,사과농축분말,분말,국산,타공급사 보유,높음,적재,풋사과농축분말,해찬솔,14000
올담식품,사과농축분말,분말,국산,타공급사 보유,높음,적재,청사과농축분말,새롬비앤에프,15000
올담식품,사과초모식초분말,분말,국산,★공급사 미상 → 후보,확실,적재,사과초모식초분말,공급사 미상(source21),32000
올담식품,사상자추출분말,분말,국산,신규(DB에 없음),,적재,,,
올담식품,산사자추출분말,분말,국산,★공급사 미상 → 후보,확실,적재,산사자추출분말,공급사 미상(source21),19000
올담식품,산사자추출분말,분말,국산,★공급사 미상 → 후보,높음,적재,서양산사자추출분말,공급사 미상(source21),70000
올담식품,산수유추출분말,분말,국산,★공급사 미상 → 후보,확실,적재,산수유추출분말,공급사 미상(source21),25000
올담식품,산수유추출분말,분말,국산,★공급사 미상 → 후보,확실,적재,산수유추출분말,공급사 미상(source21),32000
올담식품,산수유추출분말,분말,국산,타공급사 보유,확실,적재,산수유추출분말,해찬솔,25000
올담식품,산수유추출분말,분말,국산,타공급사 보유,확실,적재,산수유추출분말,새롬비앤에프,35000
올담식품,산수유추출분말,분말,국산,★공급사 미상 → 후보,높음,적재,산수유추출분말',공급사 미상(source21),35000
올담식품,살구추출분말,분말,튀르키예산,신규(DB에 없음),,적재,,,
올담식품,삼백초추출분말,분말,국산,신규(DB에 없음),,적재,,,
올담식품,상추추출분말,분말,국산,신규(DB에 없음),,적재,,,
올담식품,상황버섯추출분말,분말,중국산,신규(DB에 없음),,적재,,,
올담식품,새싹귀리추출분말,분말,국산,타공급사 보유,확실,적재,새싹귀리추출분말,해찬솔,16000
올담식품,새싹보리추출분말,분말,국산,★공급사 미상 → 후보,확실,적재,새싹보리추출분말,공급사 미상(source21),29000
올담식품,생강추출분말,분말,국산,타공급사 보유,확실,적재,생강추출분말,해찬솔,22000
올담식품,생강추출분말,분말,국산,타공급사 보유,확실,적재,생강추출분말,하이베이스,28000
올담식품,생강추출분말,분말,국산,타공급사 보유,확실,적재,생강추출분말,새롬비앤에프,40000
올담식품,샤인머스캣혼합농축분말,분말,혼합,신규(DB에 없음),,적재,,,
올담식품,서리태추출분말,분말,국산,신규(DB에 없음),,적재,,,
올담식품,석류농축분말,분말,터키산,신규(DB에 없음),,적재,,,
올담식품,석류농축분말01,분말,이란산,신규(DB에 없음),,적재,,,
올담식품,세븐베리농축분말,분말,혼합,신규(DB에 없음),,적재,,,
올담식품,셀러리추출분말,분말,국산,신규(DB에 없음),,적재,,,
올담식품,쇠뜨기추출분말,분말,국산,★공급사 미상 → 후보,확실,적재,쇠뜨기추출분말,공급사 미상(source21),42000
올담식품,쇠뜨기추출분말,분말,국산,타공급사 보유,확실,적재,쇠뜨기추출분말,태성,42000
올담식품,수국잎열수추출분말,분말,국산,타공급사 보유,확실,적재,수국잎 열수 추출분말,해찬솔,50000
올담식품,수국잎열수추출분말,분말,국산,타공급사 보유,확실,적재,수국잎 열수 추출분말,하이베이스,52000
올담식품,수국잎열수추출분말,분말,국산,타공급사 보유,확실,적재,수국잎 열수 추출분말,하이베이스,16000
올담식품,수박과피추출분말,분말,국산,★공급사 미상 → 후보,확실,적재,수박과피추출분말,공급사 미상(source21),99000
올담식품,수박과피추출분말,분말,국산,타공급사 보유,확실,적재,수박과피추출분말,하이베이스,95000
올담식품,수박과피추출분말,분말,국산,타공급사 보유,보통,적재,수박과피,해찬솔,21000
올담식품,수박추출분말,분말,국산,신규(DB에 없음),,적재,,,
올담식품,수세미오이추출분말,분말,국산,신규(DB에 없음),,적재,,,
올담식품,수수추출분말,분말,국산,★공급사 미상 → 후보,높음,적재,옥수수추출분말,공급사 미상(source21),15000
올담식품,수수추출분말,분말,국산,타공급사 보유,높음,적재,옥수수추출분말,해찬솔,15000
올담식품,시금치추출분말,분말,국산,신규(DB에 없음),,적재,,,
올담식품,식물혼합추출농축분말01,분말,혼합,신규(DB에 없음),,적재,,,
올담식품,식물혼합추출분말,분말,혼합,신규(DB에 없음),,적재,,,
올담식품,식물혼합추출분말A,분말,국산,신규(DB에 없음),,적재,,,
올담식품,쌍화농축분말,분말,혼합,신규(DB에 없음),,적재,,,
올담식품,쌍화농축분말-1,분말,혼합,신규(DB에 없음),,적재,,,
올담식품,쑥추출분말,분말,국산,★공급사 미상 → 후보,높음,적재,인진쑥추출분말,공급사 미상(source21),32000
올담식품,아로니아농축분말,분말,폴란드산,타공급사 보유,확실,적재,아로니아농축분말,하이베이스,17000
올담식품,아로니아농축분말,분말,폴란드산,타공급사 보유,확실,적재,아로니아농축분말,해찬솔,15500
올담식품,아보카도추출분말,분말,페루산,타공급사 보유,확실,적재,아보카도 추출분말,하이베이스,19000
올담식품,아사아베리주스분말,분말,브라질산,신규(DB에 없음),,적재,,,
올담식품,아삭이오이고추추출분말,분말,국산,신규(DB에 없음),,적재,,,
올담식품,아세로라추출분말,분말,미국산,신규(DB에 없음),,적재,,,
올담식품,아카시아꿀분말,분말,국산,★공급사 미상 → 후보,높음,적재,아카시아꿀,공급사 미상(source21),10000
올담식품,애플망고과즙분말,분말,인도산,신규(DB에 없음),,적재,,,
올담식품,양배추추출분말,분말,국산,신규(DB에 없음),,적재,,,
올담식품,양파껍질추출분말,분말,국산,신규(DB에 없음),,적재,,,
올담식품,어성초추출분말,분말,중국산,★공급사 미상 → 후보,확실,적재,어성초추출분말,공급사 미상(source21),50000
올담식품,어성초추출분말,분말,중국산,★공급사 미상 → 후보,확실,적재,어성초추출분말,공급사 미상(source21),16000
올담식품,어성초추출분말,분말,중국산,타공급사 보유,확실,적재,어성초추출분말,엘본에이치앤비,50000
올담식품,얼그레이홍차추출분말,분말,스리랑카산,★공급사 미상 → 후보,보통,적재,홍차추출분말(얼그레이),공급사 미상(source21),16000
올담식품,얼그레이홍차추출분말,분말,스리랑카산,★공급사 미상 → 후보,보통,적재,홍차추출분말(우바),공급사 미상(source21),45000
올담식품,엘더베리농축분말,분말,오스트리아산,타공급사 보유,확실,적재,엘더베리농축분말,해찬솔,20000
올담식품,여주농축분말,분말,국산,신규(DB에 없음),,적재,,,
올담식품,여주추출분말,분말,국산,신규(DB에 없음),,적재,,,
올담식품,여주추출분말-1,분말,국산,신규(DB에 없음),,적재,,,
올담식품,연자육추출분말,분말,베트남산,★공급사 미상 → 후보,확실,적재,연자육추출분말,공급사 미상(source21),31000
올담식품,연자육추출분말,분말,베트남산,타공급사 보유,확실,적재,연자육추출분말,하이베이스,31000
올담식품,열대과일혼합농축분말,분말,이스라엘산,신규(DB에 없음),,적재,,,
올담식품,영지버섯추출분말,분말,국산,신규(DB에 없음),,적재,,,
올담식품,오디농축분말,분말,국산,★공급사 미상 → 후보,확실,적재,오디농축분말,공급사 미상(source21),32000
올담식품,오렌지농축분말,분말,스페인산,★공급사 미상 → 후보,확실,적재,오렌지농축분말,공급사 미상(source21),15000
올담식품,오렌지농축분말,분말,스페인산,★공급사 미상 → 후보,확실,적재,오렌지농축분말,공급사 미상(source21),18000
올담식품,오렌지농축분말,분말,스페인산,타공급사 보유,확실,적재,오렌지농축분말,해찬솔,15000
올담식품,오렌지농축분말,분말,스페인산,타공급사 보유,확실,적재,오렌지농축분말,새롬비앤에프,15000
올담식품,오렌지농축분말,분말,스페인산,타공급사 보유,확실,적재,오렌지농축분말,하이베이스,18000
올담식품,오리나무추출분말,분말,국산,신규(DB에 없음),,적재,,,
올담식품,오미자추출분말,분말,국산,★공급사 미상 → 후보,확실,적재,오미자추출분말,공급사 미상(source21),34000
올담식품,오미자추출분말,분말,국산,★공급사 미상 → 후보,확실,적재,오미자추출분말,공급사 미상(source21),19000
올담식품,오자농축분말,분말,중국산,신규(DB에 없음),,적재,,,
올담식품,옥수수수염추출분말,분말,국산,★공급사 미상 → 후보,확실,적재,옥수수수염추출분말,공급사 미상(source21),25000
올담식품,옥수수수염추출분말,분말,국산,타공급사 보유,확실,적재,옥수수수염추출분말,해찬솔,25000
올담식품,옥수수수염추출분말,분말,국산,★공급사 미상 → 후보,보통,적재,옥수수수염,공급사 미상(source21),42000
올담식품,옥수수추출분말,분말,국산,★공급사 미상 → 후보,확실,적재,옥수수추출분말,공급사 미상(source21),15000
올담식품,옥수수추출분말,분말,국산,타공급사 보유,확실,적재,옥수수추출분말,해찬솔,15000
올담식품,우바홍차추출분말,분말,스리랑카산,★공급사 미상 → 후보,높음,적재,홍차추출분말(얼그레이),공급사 미상(source21),16000
올담식품,우바홍차추출분말,분말,스리랑카산,★공급사 미상 → 후보,높음,적재,홍차추출분말(우바),공급사 미상(source21),45000
올담식품,우슬농축분말,분말,국산,신규(DB에 없음),,적재,,,
올담식품,우슬추출분말,분말,국산,동일공급사 기등록,확실,적재,우슬추출분말,올담식품,22500
올담식품,우엉농축분말,분말,국산,동일공급사 기등록,확실,적재,우엉농축분말,올담식품,21500
올담식품,울금농축분말,분말,국산,신규(DB에 없음),,적재,,,
올담식품,울금추출분말,분말,인도네시아산,★공급사 미상 → 후보,확실,적재,울금추출분말,공급사 미상(source21),29000
올담식품,월계수추출분말,분말,터키산,신규(DB에 없음),,적재,,,
올담식품,유근피추출분말,분말,국산,★공급사 미상 → 후보,확실,적재,유근피추출분말,공급사 미상(source21),75000
올담식품,유근피추출분말,분말,국산,★공급사 미상 → 후보,확실,적재,유근피추출분말,공급사 미상(source21),50000
올담식품,유자과즙분말,분말,국산,★공급사 미상 → 후보,확실,적재,유자과즙분말,공급사 미상(source21),29000
올담식품,유자과즙분말,분말,국산,★공급사 미상 → 후보,확실,적재,유자과즙분말,공급사 미상(source21),28000
올담식품,유자과즙분말,분말,국산,타공급사 보유,확실,적재,유자과즙분말,해찬솔,29000
올담식품,유자과즙분말,분말,국산,타공급사 보유,확실,적재,유자과즙분말,하이베이스,28000
올담식품,율무추출분말,분말,국산,신규(DB에 없음),,적재,,,
올담식품,인삼추출분말,분말,국산,신규(DB에 없음),,적재,,,
올담식품,자두농축분말,분말,칠레산,신규(DB에 없음),,적재,,,
올담식품,자몽과즙분말,분말,미국산,신규(DB에 없음),,적재,,,
올담식품,자몽농축분말,분말,스페인산,신규(DB에 없음),,적재,,,
올담식품,자몽농축분말01,분말,이스라엘산,신규(DB에 없음),,적재,,,
올담식품,작두콩추출분말,분말,국산,★공급사 미상 → 후보,확실,적재,작두콩추출분말,공급사 미상(source21),30000
올담식품,작약추출물분말,분말,국산,★공급사 미상 → 후보,높음,적재,작약추출물,공급사 미상(source21),250000
올담식품,작약추출물분말,분말,국산,★공급사 미상 → 후보,높음,적재,작약추출물,공급사 미상(source21),360000
올담식품,잔대농축분말,분말,중국산,신규(DB에 없음),,적재,,,
올담식품,쟈스민추출분말,분말,중국산,신규(DB에 없음),,적재,,,
올담식품,적포도농축분말,분말,칠레산,신규(DB에 없음),,적재,,,
올담식품,진득찰추출분말,분말,국산,신규(DB에 없음),,적재,,,
올담식품,진피추출분말,분말,국산,★공급사 미상 → 후보,확실,적재,진피추출분말,공급사 미상(source21),21000
올담식품,진피추출분말,분말,국산,타공급사 보유,확실,적재,진피 추출분말,하이베이스,21000
올담식품,차가버섯추출농축분말,분말,러시아산,신규(DB에 없음),,적재,,,
올담식품,차즈기추출분말,분말,국산,★공급사 미상 → 후보,확실,적재,차즈기추출분말,공급사 미상(source21),16000
올담식품,차즈기추출분말,분말,국산,★공급사 미상 → 후보,확실,적재,차즈기추출분말,공급사 미상(source21),18000
올담식품,참당귀추출분말,분말,국산,★공급사 미상 → 후보,높음,적재,당귀추출분말,공급사 미상(source21),24000
올담식품,천년초추출분말,분말,국산,신규(DB에 없음),,적재,,,
올담식품,천마추출분말,분말,국산,★공급사 미상 → 후보,높음,적재,마추출분말,공급사 미상(source21),23000
올담식품,천마추출분말,분말,국산,★공급사 미상 → 후보,높음,적재,마추출분말,공급사 미상(source21),29000
올담식품,천마추출분말,분말,국산,타공급사 보유,높음,적재,마추출분말,해찬솔,23000
올담식품,천마추출분말,분말,국산,타공급사 보유,높음,적재,마추출분말,하이베이스,29000
올담식품,청(풋)사과농축분말,분말,칠레산,타공급사 보유,확실,적재,청사과농축분말,새롬비앤에프,15000
올담식품,청(풋)사과농축분말,분말,칠레산,★공급사 미상 → 후보,높음,적재,사과농축분말(풋),공급사 미상(source21),14000
올담식품,청(풋)사과농축분말,분말,칠레산,★공급사 미상 → 후보,높음,적재,사과농축분말(청),공급사 미상(source21),15000
올담식품,청(풋)사과농축분말,분말,칠레산,타공급사 보유,높음,적재,사과 농축분말,해찬솔,14000
올담식품,청(풋)사과농축분말,분말,칠레산,타공급사 보유,높음,적재,사과 농축분말,새롬비앤에프,15000
올담식품,청(풋)사과농축분말,분말,칠레산,타공급사 보유,높음,적재,사과농축분말,하이베이스,16000
올담식품,청(풋)사과농축분말,분말,칠레산,타공급사 보유,높음,적재,사과농축분말(SR-20395),하이베이스,18000
올담식품,청귤농축분말,분말,국산,신규(DB에 없음),,적재,,,
올담식품,청포도농축분말,분말,아르헨티나산,★공급사 미상 → 후보,확실,적재,청포도농축분말,공급사 미상(source21),15000
올담식품,청포도농축분말,분말,아르헨티나산,타공급사 보유,확실,적재,청포도 농축분말,해찬솔,15000
올담식품,청포도농축분말,분말,아르헨티나산,타공급사 보유,확실,적재,청포도 농축분말,새롬비앤에프,15000
올담식품,체리농축분말,분말,오스트리아산,신규(DB에 없음),,적재,,,
올담식품,초당옥수수농축분말,분말,국산,신규(DB에 없음),,적재,,,
올담식품,치자농축분말,분말,중국산,타공급사 보유,확실,적재,치자 농축분말,하이베이스,27000
올담식품,치자농축분말,분말,중국산,타공급사 보유,확실,적재,치자농축분말,해찬솔,23000
올담식품,치자농축분말,분말,중국산,타공급사 보유,보통,적재,치자농축분말/ 치자농축액,하이베이스,25000
올담식품,치커리뿌리추출물분말,분말,국산,신규(DB에 없음),,적재,,,
올담식품,치커리추출분말,분말,국산,신규(DB에 없음),,적재,,,
올담식품,침향추출분말,분말,인도네시아산,신규(DB에 없음),,적재,,,
올담식품,칸탈로프멜론분말,분말,이탈리아산,신규(DB에 없음),,적재,,,
올담식품,캐모마일추출분말,분말,크로아티아산,신규(DB에 없음),,적재,,,
올담식품,커피추출분말,분말,콜롬비아산,신규(DB에 없음),,적재,,,
올담식품,케일추출분말,분말,국산,타공급사 보유,확실,적재,케일추출분말,하이베이스,18000
올담식품,콜라비추출분말,분말,국산,신규(DB에 없음),,적재,,,
올담식품,콤부차분말,분말,혼합,★공급사 미상 → 후보,보통,적재,콤부차,공급사 미상(source21),25000
올담식품,콩나물추출분말,분말,국산,신규(DB에 없음),,적재,,,
올담식품,크랜베리농축분말,분말,미국산,신규(DB에 없음),,적재,,,
올담식품,크랜베리농축분말,분말,칠레산,신규(DB에 없음),,적재,,,
올담식품,키위농축분말,분말,뉴질랜드산,신규(DB에 없음),,적재,,,
올담식품,타트체리농축분말,분말,미국산,신규(DB에 없음),,적재,,,
올담식품,타히보추출물분말,분말,브라질산,신규(DB에 없음),,적재,,,
올담식품,탱자열매추출분말,분말,국산,신규(DB에 없음),,적재,,,
올담식품,토마토추출분말,분말,칠레산,★공급사 미상 → 후보,확실,적재,토마토추출분말(건식원료)(액상),공급사 미상(source21),600000
올담식품,토마토추출분말,분말,칠레산,★공급사 미상 → 후보,확실,적재,토마토추출분말(건식원료)(액상),공급사 미상(source21),350000
올담식품,토마토추출분말,분말,칠레산,타공급사 보유,확실,적재,토마토 추출분말,해찬솔,15000
올담식품,토마토추출분말,분말,칠레산,타공급사 보유,확실,적재,토마토 추출분말,하이베이스,17000
올담식품,토마토추출분말,분말,칠레산,타공급사 보유,확실,적재,토마토추출분말,해찬솔,15000
올담식품,토마토추출분말,분말,칠레산,타공급사 보유,높음,적재,화이트토마토추출분말,하이베이스,350000
올담식품,파인애플과즙분말,분말,태국산,신규(DB에 없음),,적재,,,
올담식품,파인애플농축분말,분말,필리핀산,신규(DB에 없음),,적재,,,
올담식품,파파야추출분말,분말,필리핀산,신규(DB에 없음),,적재,,,
올담식품,팥추출분말,분말,국산,타공급사 보유,확실,적재,팥추출분말(HCS-6487),해찬솔,16500
올담식품,패션후르츠주스분말,분말,베트남산,신규(DB에 없음),,적재,,,
올담식품,패션후르츠혼합분말,분말,베트남산,신규(DB에 없음),,적재,,,
올담식품,페퍼민트추출분말,분말,이집트산,타공급사 보유,확실,적재,페퍼민트추출분말,해찬솔,17000
올담식품,포도과즙분말,분말,국산,★공급사 미상 → 후보,높음,적재,청포도과즙분말,공급사 미상(source21),22000
올담식품,포도과즙분말,분말,국산,타공급사 보유,높음,적재,청포도 과즙분말,하이베이스,22000
올담식품,표고버섯추출분말,분말,국산,신규(DB에 없음),,적재,,,
올담식품,푸룬농축분말,분말,칠레산,★공급사 미상 → 후보,확실,적재,푸룬농축분말,공급사 미상(source21),19000
올담식품,푸룬농축분말,분말,칠레산,타공급사 보유,확실,적재,푸룬농축분말,하이베이스,6000
올담식품,푸룬농축분말,분말,미국산,★공급사 미상 → 후보,확실,적재,푸룬농축분말,공급사 미상(source21),19000
올담식품,푸룬농축분말,분말,미국산,타공급사 보유,확실,적재,푸룬농축분말,하이베이스,6000
올담식품,핑거루트추출분말,분말,인도네시아산,★공급사 미상 → 후보,확실,적재,핑거루트 추출분말(개별인정형),공급사 미상(source21),330000
올담식품,핑거루트추출분말,분말,인도네시아산,★공급사 미상 → 후보,확실,적재,핑거루트추출분말,공급사 미상(source21),300000
올담식품,핑거루트추출분말,분말,인도네시아산,타공급사 보유,확실,적재,핑거루트추출분말(판두라틴),뉴트리,320000
올담식품,핑거루트추출분말,분말,인도네시아산,타공급사 보유,확실,적재,핑거루트추출분말(판두라틴),하이베이스,30000
올담식품,핑거루트추출분말,분말,인도네시아산,타공급사 보유,확실,적재,핑거루트추출분말(판두라틴),하이베이스,13000
올담식품,한라봉과즙분말,분말,국산,신규(DB에 없음),,적재,,,
올담식품,한속단추출분말,분말,중국산,★공급사 미상 → 후보,확실,적재,한속단추출분말,공급사 미상(source21),90000
올담식품,함초추출분말,분말,국산,신규(DB에 없음),,적재,,,
올담식품,해죽순추출분말,분말,미얀마산,신규(DB에 없음),,적재,,,
올담식품,허니부쉬추출분말,분말,남아공산,신규(DB에 없음),,적재,,,
올담식품,허브혼합분말,분말,이집트/크로아티아,신규(DB에 없음),,적재,,,
올담식품,헛개나무열매추출분말,분말,중국산,타공급사 보유,확실,적재,헛개나무 열매 추출분말,하이베이스,23000
올담식품,헛개나무열매추출분말,분말,국산,타공급사 보유,확실,적재,헛개나무 열매 추출분말,하이베이스,23000
올담식품,헛개나무열매추출분말S,분말,국산,타공급사 보유,높음,적재,헛개나무 열매 추출분말,하이베이스,23000
올담식품,호라산밀추출분말,분말,캐나다산,신규(DB에 없음),,적재,,,
올담식품,호박추출분말,분말,국산,타공급사 보유,확실,적재,호박 추출분말,해찬솔,15500
올담식품,호박추출분말,분말,국산,★공급사 미상 → 후보,높음,적재,단호박추출분말,공급사 미상(source21),15000
올담식품,호박추출분말,분말,국산,타공급사 보유,높음,적재,단호박추출분말,해찬솔,15000
올담식품,홍국발효구기자분말,분말,혼합,타공급사 보유,확실,적재,홍국발효 구기자 분말,해찬솔,32000
올담식품,홍국발효구기자분말,분말,혼합,★공급사 미상 → 후보,보통,적재,구기자분말,공급사 미상(source21),65000
올담식품,홍국발효구기자분말,분말,혼합,타공급사 보유,보통,적재,구기자분말,바이오케어,46000
올담식품,홍국발효구기자분말,분말,혼합,타공급사 보유,보통,적재,구기자분말,바이오케어,17000
올담식품,홍국발효구기자분말,분말,혼합,타공급사 보유,보통,적재,홍국발효구기자분말 hcs-7759,엘본에이치앤비,35000
올담식품,홍삼농축분말,분말,국산,타공급사 보유,확실,적재,홍삼농축분말,하이베이스,180000
올담식품,홍차추출분말,분말,칠레산,★공급사 미상 → 후보,확실,적재,홍차추출분말(얼그레이),공급사 미상(source21),16000
올담식품,홍차추출분말,분말,칠레산,★공급사 미상 → 후보,확실,적재,홍차추출분말(우바),공급사 미상(source21),45000
올담식품,황기추출분말,분말,국산,타공급사 보유,확실,적재,황기추출분말,해찬솔,21000
올담식품,황기추출분말,분말,국산,타공급사 보유,확실,적재,황기추출분말,해찬솔,23000
올담식품,회화나무열매추출분말,분말,중국산,★공급사 미상 → 후보,확실,적재,회화나무열매추출분말,공급사 미상(source21),160000
올담식품,회화나무열매추출분말,분말,중국산,★공급사 미상 → 후보,확실,적재,회화나무열매추출분말,공급사 미상(source21),15000
올담식품,회화나무열매추출분말,분말,중국산,★공급사 미상 → 후보,확실,적재,회화나무열매추출분말,공급사 미상(source21),140000
올담식품,회화나무열매추출분말,분말,중국산,타공급사 보유,확실,적재,회화나무열매추출분말,하이베이스,15000
올담식품,회화나무열매추출분말,분말,중국산,타공급사 보유,확실,적재,회화나무열매추출분말,하이베이스,140000
올담식품,흑마늘농축분말,분말,국산,신규(DB에 없음),,적재,,,
올담식품,흑임자추출분말,분말,국산,신규(DB에 없음),,적재,,,
올담식품,흑임자추출분말,분말,중국산,신규(DB에 없음),,적재,,,
올담식품,흰강낭콩추출분말,분말,캐나다산,★공급사 미상 → 후보,확실,적재,흰강낭콩추출분말,공급사 미상(source21),15000
올담식품,흰강낭콩추출분말,분말,캐나다산,★공급사 미상 → 후보,확실,적재,흰강낭콩추출분말,공급사 미상(source21),45000
올담식품,흰강낭콩추출분말,분말,캐나다산,타공급사 보유,확실,적재,흰강낭콩추출분말,해찬솔,15000
올담식품,흰강낭콩추출분말,분말,캐나다산,타공급사 보유,확실,적재,흰강낭콩추출분말,하이베이스,45000
올담식품,히비스커스추출분말,분말,이집트산,★공급사 미상 → 후보,확실,적재,히비스커스추출분말,공급사 미상(source21),80000
올담식품,레몬과즙,퓨레/당절임,미국산,신규(DB에 없음),,적재,,,
올담식품,레몬퓨레,퓨레/당절임,미국산,신규(DB에 없음),,적재,,,
올담식품,망고퓨레,퓨레/당절임,필리핀산,신규(DB에 없음),,적재,,,
올담식품,바나나퓨레,퓨레/당절임,필리핀산,신규(DB에 없음),,적재,,,
올담식품,배착즙액,퓨레/당절임,국산,신규(DB에 없음),,적재,,,
올담식품,배퓨레,퓨레/당절임,국산,신규(DB에 없음),,적재,,,
올담식품,사과착즙액,퓨레/당절임,국산,신규(DB에 없음),,적재,,,
올담식품,사과퓨레,퓨레/당절임,국산,신규(DB에 없음),,적재,,,
올담식품,생강즙,퓨레/당절임,국산,신규(DB에 없음),,적재,,,
올담식품,유자과즙,퓨레/당절임,국산,★공급사 미상 → 후보,보통,적재,유자과즙분말,공급사 미상(source21),29000
올담식품,유자과즙,퓨레/당절임,국산,★공급사 미상 → 후보,보통,적재,유자과즙분말,공급사 미상(source21),28000
올담식품,유자과즙,퓨레/당절임,국산,타공급사 보유,보통,적재,유자과즙분말,해찬솔,29000
올담식품,유자과즙,퓨레/당절임,국산,타공급사 보유,보통,적재,유자과즙분말,하이베이스,28000
올담식품,유자당절임,퓨레/당절임,국산,신규(DB에 없음),,적재,,,
올담식품,자몽과즙,퓨레/당절임,미국산,신규(DB에 없음),,적재,,,
올담식품,자몽착즙주스,퓨레/당절임,스페인산,신규(DB에 없음),,적재,,,
올담식품,청귤당절임,퓨레/당절임,,신규(DB에 없음),,적재,,,
올담식품,키위퓨레,퓨레/당절임,뉴질랜드산,신규(DB에 없음),,적재,,,
올담식품,파인애플퓨레,퓨레/당절임,필리핀산,신규(DB에 없음),,적재,,,
올담식품,한라봉당절임,퓨레/당절임,국산,신규(DB에 없음),,적재,,,
해찬솔,(14종)식물혼합농축액(BRIX:65),추출/농축액,혼용,신규(DB에 없음),,적재,,,
해찬솔,(14종)식물혼합추출액,추출/농축액,혼용,신규(DB에 없음),,적재,,,
해찬솔,(15종)식물혼합농축액H(BRIX:65),추출/농축액,혼용,신규(DB에 없음),,적재,,,
해찬솔,(32종)식물혼합추출액(고형분:4%이상),추출/농축액,혼용,신규(DB에 없음),,적재,,,
해찬솔,19곡혼합추출농축액(BRIX:65),추출/농축액,국산,신규(DB에 없음),,적재,,,
해찬솔,ABC농축액,추출/농축액,혼용,신규(DB에 없음),,적재,,,
해찬솔,가시오가피농축액(BRIX:20),추출/농축액,국산,신규(DB에 없음),,적재,,,
해찬솔,가시오가피농축액A,추출/농축액,국산,신규(DB에 없음),,적재,,,
해찬솔,가시오가피농축액B,추출/농축액,국산,신규(DB에 없음),,적재,,,
해찬솔,가시오가피농축액H(BRIX:65),추출/농축액,국산,신규(DB에 없음),,적재,,,
해찬솔,갈근(칡)농축액HCS,추출/농축액,국산,★공급사 미상 → 후보,보통,적재,갈근농축액,공급사 미상(source21),30000
해찬솔,감귤농축과즙액,추출/농축액,국산,신규(DB에 없음),,적재,,,
해찬솔,감귤농축액A,추출/농축액,국산,신규(DB에 없음),,적재,,,
해찬솔,감귤농축액C,추출/농축액,국산,신규(DB에 없음),,적재,,,
해찬솔,감초농축액(BRIX:60),추출/농축액,우즈베키스탄산,신규(DB에 없음),,적재,,,
해찬솔,계피농축액(BRIX:60),추출/농축액,베트남,신규(DB에 없음),,적재,,,
해찬솔,고구마페이스트,추출/농축액,국산,신규(DB에 없음),,적재,,,
해찬솔,곶감농축액H(BRIX:65),추출/농축액,국산,신규(DB에 없음),,적재,,,
해찬솔,과일야채혼합농축액A,추출/농축액,혼용,신규(DB에 없음),,적재,,,
해찬솔,과일채소혼합농축액H,추출/농축액,혼용,신규(DB에 없음),,적재,,,
해찬솔,과일혼합농축액H,추출/농축액,혼용,신규(DB에 없음),,적재,,,
해찬솔,구기자농축액(BRIX:62),추출/농축액,국산,★공급사 미상 → 후보,확실,적재,구기자농축액,공급사 미상(source21),28000
해찬솔,구기자농축액(BRIX:62),추출/농축액,국산,동일공급사 기등록,확실,적재,구기자농축액,해찬솔,28000
해찬솔,귀리추출농축액H(BRIX:60),추출/농축액,캐나다산,신규(DB에 없음),,적재,,,
해찬솔,그린혼합농축액,추출/농축액,혼용,신규(DB에 없음),,적재,,,
해찬솔,그린혼합농축액HCS,추출/농축액,혼합,신규(DB에 없음),,적재,,,
해찬솔,노니농축액(BRIX:60),추출/농축액,인도네시아산,신규(DB에 없음),,적재,,,
해찬솔,녹용추출액,추출/농축액,뉴질랜드산,★공급사 미상 → 후보,확실,적재,녹용추출액,공급사 미상(source21),27000
해찬솔,녹용추출액,추출/농축액,뉴질랜드산,동일공급사 기등록,확실,적재,녹용추출액,해찬솔,27000
해찬솔,녹용추출액(고형분:0.1%),추출/농축액,뉴질랜드산,★공급사 미상 → 후보,확실,적재,녹용추출액,공급사 미상(source21),27000
해찬솔,녹용추출액(고형분:0.1%),추출/농축액,뉴질랜드산,동일공급사 기등록,확실,적재,녹용추출액,해찬솔,27000
해찬솔,녹차농축액H(BRIX:60),추출/농축액,국산,신규(DB에 없음),,적재,,,
해찬솔,녹차농축액H(BRIX:60),추출/농축액,제주산,신규(DB에 없음),,적재,,,
해찬솔,늙은호박농축액,추출/농축액,국산,신규(DB에 없음),,적재,,,
해찬솔,늙은호박농축액(BRIX:25),추출/농축액,국산,신규(DB에 없음),,적재,,,
해찬솔,다크스위트체리농축액,추출/농축액,미국산,신규(DB에 없음),,적재,,,
해찬솔,단호박농축액(BRIX:25),추출/농축액,국산,신규(DB에 없음),,적재,,,
해찬솔,단호박페이스트(BRIX:13이상),추출/농축액,국산,신규(DB에 없음),,적재,,,
해찬솔,당귀농축액,추출/농축액,국산,★공급사 미상 → 후보,확실,적재,당귀농축액,공급사 미상(source21),21000
해찬솔,당귀농축액,추출/농축액,국산,동일공급사 기등록,확실,적재,당귀농축액,해찬솔,21000
해찬솔,당근농축액,추출/농축액,터키산,신규(DB에 없음),,적재,,,
해찬솔,당근혼탁농축액,추출/농축액,국산,신규(DB에 없음),,적재,,,
해찬솔,대추농축액(BRIX:65),추출/농축액,국산,★공급사 미상 → 후보,확실,적재,대추농축액,공급사 미상(source21),20000
해찬솔,대추엑스,추출/농축액,국산,신규(DB에 없음),,적재,,,
해찬솔,더덕농축액,추출/농축액,국산,신규(DB에 없음),,적재,,,
해찬솔,도라지농축액,추출/농축액,국산,신규(DB에 없음),,적재,,,
해찬솔,도라지농축액K-1,추출/농축액,국산,신규(DB에 없음),,적재,,,
해찬솔,둥굴레농축액(BRIX:60),추출/농축액,국산,신규(DB에 없음),,적재,,,
해찬솔,딸기농축액(BRIX:60),추출/농축액,국산,신규(DB에 없음),,적재,,,
해찬솔,딸기농축액H,추출/농축액,국산,신규(DB에 없음),,적재,,,
해찬솔,딸기농축액HCS-4062,추출/농축액,이스라엘산,신규(DB에 없음),,적재,,,
해찬솔,라임농축액,추출/농축액,이탈리아산,★공급사 미상 → 후보,확실,적재,라임농축액,공급사 미상(source21),13500
해찬솔,라임농축액,추출/농축액,이탈리아산,★공급사 미상 → 후보,확실,적재,라임농축액,공급사 미상(source21),12000
해찬솔,라임농축액,추출/농축액,이탈리아산,동일공급사 기등록,확실,적재,라임농축액,해찬솔,13500
해찬솔,라임농축액,추출/농축액,이탈리아산,타공급사 보유,확실,적재,라임농축액,새롬비앤에프,12000
해찬솔,라즈베리농축액,추출/농축액,미국산,신규(DB에 없음),,적재,,,
해찬솔,레드비트농축액,추출/농축액,독일산,★공급사 미상 → 후보,확실,적재,레드비트농축액(유기농),공급사 미상(source21),8500
해찬솔,레드자몽농축액,추출/농축액,이스라엘산,신규(DB에 없음),,적재,,,
해찬솔,레드자몽농축액,추출/농축액,스페인산,신규(DB에 없음),,적재,,,
해찬솔,레드자몽농축액HCS,추출/농축액,스페인산,신규(DB에 없음),,적재,,,
해찬솔,레드자몽농축액HCS,추출/농축액,이스라엘산,신규(DB에 없음),,적재,,,
해찬솔,레드혼합과일농축액H,추출/농축액,혼합,신규(DB에 없음),,적재,,,
해찬솔,레몬농축과즙액H,추출/농축액,미국산,신규(DB에 없음),,적재,,,
해찬솔,레몬농축액,추출/농축액,이스라엘산,★공급사 미상 → 후보,확실,적재,레몬농축액,공급사 미상(source21),13000
해찬솔,레몬농축액,추출/농축액,이스라엘산,★공급사 미상 → 후보,확실,적재,레몬농축액,공급사 미상(source21),12000
해찬솔,레몬농축액,추출/농축액,이스라엘산,★공급사 미상 → 후보,확실,적재,레몬농축액,공급사 미상(source21),11000
해찬솔,레몬농축액,추출/농축액,이스라엘산,타공급사 보유,확실,적재,레몬농축액,새롬비앤에프,13000
해찬솔,레몬농축액,추출/농축액,이스라엘산,타공급사 보유,확실,적재,레몬농축액,하이베이스,12000
해찬솔,레몬농축액,추출/농축액,이스라엘산,동일공급사 기등록,확실,적재,레몬농축액,해찬솔,11000
해찬솔,레몬농축액RP,추출/농축액,이스라엘산,★공급사 미상 → 후보,높음,적재,레몬농축액,공급사 미상(source21),13000
해찬솔,레몬농축액RP,추출/농축액,이스라엘산,★공급사 미상 → 후보,높음,적재,레몬농축액,공급사 미상(source21),12000
해찬솔,레몬농축액RP,추출/농축액,이스라엘산,★공급사 미상 → 후보,높음,적재,레몬농축액,공급사 미상(source21),11000
해찬솔,레몬농축액RP,추출/농축액,이스라엘산,타공급사 보유,높음,적재,레몬농축액,새롬비앤에프,13000
해찬솔,레몬농축액RP,추출/농축액,이스라엘산,타공급사 보유,높음,적재,레몬농축액,하이베이스,12000
해찬솔,레몬농축액RP,추출/농축액,이스라엘산,동일공급사 기등록,높음,적재,레몬농축액,해찬솔,11000
해찬솔,레몬라임농축액,추출/농축액,이탈리아산,★공급사 미상 → 후보,높음,적재,라임농축액,공급사 미상(source21),13500
해찬솔,레몬라임농축액,추출/농축액,이탈리아산,★공급사 미상 → 후보,높음,적재,라임농축액,공급사 미상(source21),12000
해찬솔,레몬라임농축액,추출/농축액,이탈리아산,동일공급사 기등록,높음,적재,라임농축액,해찬솔,13500
해찬솔,레몬라임농축액,추출/농축액,이탈리아산,타공급사 보유,높음,적재,라임농축액,새롬비앤에프,12000
해찬솔,레몬착즙농축액(BRIX:65),추출/농축액,이탈리아산,신규(DB에 없음),,적재,,,
해찬솔,레몬추출액,추출/농축액,이스라엘산,신규(DB에 없음),,적재,,,
해찬솔,루이보스추출액,추출/농축액,남아프리카공화국,신규(DB에 없음),,적재,,,
해찬솔,마카농축액(BRIX:50),추출/농축액,페루산,신규(DB에 없음),,적재,,,
해찬솔,마테농축액(BRIX:65),추출/농축액,브라질산,신규(DB에 없음),,적재,,,
해찬솔,망고농축액C,추출/농축액,이스라엘산,신규(DB에 없음),,적재,,,
해찬솔,망고농축액H,추출/농축액,이스라엘산,신규(DB에 없음),,적재,,,
해찬솔,매실농축액,추출/농축액,국산,신규(DB에 없음),,적재,,,
해찬솔,매실농축액F,추출/농축액,국산,신규(DB에 없음),,적재,,,
해찬솔,매실청엑기스,추출/농축액,국산,신규(DB에 없음),,적재,,,
해찬솔,메론농축액,추출/농축액,이스라엘산,신규(DB에 없음),,적재,,,
해찬솔,모과농축과즙(BRIX:65),추출/농축액,국산,신규(DB에 없음),,적재,,,
해찬솔,모로블러드오렌지농축액,추출/농축액,이탈리아산,★공급사 미상 → 후보,확실,적재,모로블러드오렌지농축액,공급사 미상(source21),9700
해찬솔,모로블러드오렌지농축액,추출/농축액,이탈리아산,동일공급사 기등록,확실,적재,모로블러드오렌지농축액,해찬솔,9700
해찬솔,모로블러드오렌지농축액,추출/농축액,이탈리아산,★공급사 미상 → 후보,보통,적재,오렌지농축액,공급사 미상(source21),11000
해찬솔,모로블러드오렌지농축액,추출/농축액,이탈리아산,타공급사 보유,보통,적재,오렌지농축액,하이베이스,11000
해찬솔,무농축액,추출/농축액,국산,★공급사 미상 → 후보,보통,적재,벌나무농축액(산겨릅나무),공급사 미상(source21),40000
해찬솔,무농축액,추출/농축액,국산,타공급사 보유,보통,적재,벌나무농축액,하이베이스,40000
해찬솔,무농축액(BRIX:58),추출/농축액,국산,★공급사 미상 → 후보,보통,적재,벌나무농축액(산겨릅나무),공급사 미상(source21),40000
해찬솔,무농축액(BRIX:58),추출/농축액,국산,타공급사 보유,보통,적재,벌나무농축액,하이베이스,40000
해찬솔,민들레농축액(BRIX:65),추출/농축액,국산,신규(DB에 없음),,적재,,,
해찬솔,바나나농축액,추출/농축액,이스라엘산,신규(DB에 없음),,적재,,,
해찬솔,바닐라시럽,추출/농축액,미국산,신규(DB에 없음),,적재,,,
해찬솔,발효식물혼합농축액(붓기),추출/농축액,국산,신규(DB에 없음),,적재,,,
해찬솔,발효우슬농축액(BRIX:45),추출/농축액,국산,신규(DB에 없음),,적재,,,
해찬솔,발효우슬농축액H(BRIX:45),추출/농축액,국산,신규(DB에 없음),,적재,,,
해찬솔,배과즙농축액(BRIX:70),추출/농축액,국산,신규(DB에 없음),,적재,,,
해찬솔,배농축액(BRIX:70),추출/농축액,국산,★공급사 미상 → 후보,확실,적재,배농축액,공급사 미상(source21),8500
해찬솔,배농축액(BRIX:70),추출/농축액,국산,★공급사 미상 → 후보,확실,적재,배농축액,공급사 미상(source21),5200
해찬솔,배농축액(BRIX:70),추출/농축액,국산,동일공급사 기등록,확실,적재,배농축액,해찬솔,8500
해찬솔,배농축액(BRIX:70),추출/농축액,국산,동일공급사 기등록,확실,적재,배농축액,해찬솔,5200
해찬솔,배농축액(BRIX:70),추출/농축액,국산,타공급사 보유,확실,적재,배농축액(66Brix이상),하이베이스,4400
해찬솔,배농축액(BRIX:70),추출/농축액,국산,타공급사 보유,확실,적재,배농축액,새롬비앤에프,15000
해찬솔,배농축액H,추출/농축액,터키산,★공급사 미상 → 후보,높음,적재,배농축액,공급사 미상(source21),8500
해찬솔,배농축액H,추출/농축액,터키산,★공급사 미상 → 후보,높음,적재,배농축액,공급사 미상(source21),5200
해찬솔,배농축액H,추출/농축액,터키산,동일공급사 기등록,높음,적재,배농축액,해찬솔,8500
해찬솔,배농축액H,추출/농축액,터키산,동일공급사 기등록,높음,적재,배농축액,해찬솔,5200
해찬솔,배농축액H,추출/농축액,터키산,타공급사 보유,높음,적재,배농축액(66Brix이상),하이베이스,4400
해찬솔,배농축액H,추출/농축액,터키산,타공급사 보유,높음,적재,배농축액,새롬비앤에프,15000
해찬솔,백(청)포도농축액,추출/농축액,칠레산,신규(DB에 없음),,적재,,,
해찬솔,백년초농축액HCS(BRIX:15),추출/농축액,국산,신규(DB에 없음),,적재,,,
해찬솔,백복령농축액(BRIX:5),추출/농축액,국산,신규(DB에 없음),,적재,,,
해찬솔,보리농축액(BRIX:60),추출/농축액,국산,신규(DB에 없음),,적재,,,
해찬솔,복분자농축액(BRIX:20),추출/농축액,국산,★공급사 미상 → 후보,확실,적재,복분자농축액,공급사 미상(source21),25000
해찬솔,복분자농축액(BRIX:20),추출/농축액,국산,★공급사 미상 → 후보,확실,적재,복분자농축액(20브릭스),공급사 미상(source21),65000
해찬솔,복분자농축액(BRIX:20),추출/농축액,국산,동일공급사 기등록,확실,적재,복분자 농축액,해찬솔,25000
해찬솔,복분자농축액(BRIX:20),추출/농축액,국산,동일공급사 기등록,확실,적재,복분자 농축액(20BRIX),해찬솔,65000
해찬솔,복분자농축액(BRIX:20),추출/농축액,국산,동일공급사 기등록,확실,적재,복분자 농축액(65BRIX),해찬솔,40000
해찬솔,복분자농축액H(BRIX:65),추출/농축액,국산,★공급사 미상 → 후보,높음,적재,복분자농축액,공급사 미상(source21),25000
해찬솔,복분자농축액H(BRIX:65),추출/농축액,국산,★공급사 미상 → 후보,높음,적재,복분자농축액(20브릭스),공급사 미상(source21),65000
해찬솔,복분자농축액H(BRIX:65),추출/농축액,국산,동일공급사 기등록,높음,적재,복분자 농축액,해찬솔,25000
해찬솔,복분자농축액H(BRIX:65),추출/농축액,국산,동일공급사 기등록,높음,적재,복분자 농축액(20BRIX),해찬솔,65000
해찬솔,복분자농축액H(BRIX:65),추출/농축액,국산,동일공급사 기등록,높음,적재,복분자 농축액(65BRIX),해찬솔,40000
해찬솔,복분자시럽,추출/농축액,국산,신규(DB에 없음),,적재,,,
해찬솔,복숭아농축액,추출/농축액,이스라엘산,★공급사 미상 → 후보,확실,적재,복숭아농축액,공급사 미상(source21),9500
해찬솔,복숭아농축액,추출/농축액,이스라엘산,동일공급사 기등록,확실,적재,복숭아농축액,해찬솔,9500
해찬솔,복숭아농축액,추출/농축액,미국산,★공급사 미상 → 후보,확실,적재,복숭아농축액,공급사 미상(source21),9500
해찬솔,복숭아농축액,추출/농축액,미국산,동일공급사 기등록,확실,적재,복숭아농축액,해찬솔,9500
해찬솔,복숭아농축액H,추출/농축액,국산,★공급사 미상 → 후보,높음,적재,복숭아농축액,공급사 미상(source21),9500
해찬솔,복숭아농축액H,추출/농축액,국산,동일공급사 기등록,높음,적재,복숭아농축액,해찬솔,9500
해찬솔,브로콜리농축액(BRIX:40),추출/농축액,스페인,★공급사 미상 → 후보,확실,적재,브로콜리농축액,공급사 미상(source21),13000
해찬솔,브로콜리농축액(BRIX:40),추출/농축액,스페인,동일공급사 기등록,확실,적재,브로콜리 농축액,해찬솔,13000
해찬솔,브로콜리농축액(BRIX:40),추출/농축액,스페인,타공급사 보유,확실,적재,브로콜리 농축액,하이베이스,40000
해찬솔,블루베리농축액,추출/농축액,미국산,★공급사 미상 → 후보,확실,적재,블루베리농축액,공급사 미상(source21),13000
해찬솔,블루베리농축액,추출/농축액,미국산,동일공급사 기등록,확실,적재,블루베리농축액,해찬솔,12000
해찬솔,블루베리농축액,추출/농축액,미국산,동일공급사 기등록,확실,적재,블루베리농축액,해찬솔,13000
해찬솔,블루베리농축액,추출/농축액,미국산,타공급사 보유,확실,적재,블루베리농축액,하이베이스,22000
해찬솔,블루베리농축액,추출/농축액,미국산,동일공급사 기등록,확실,적재,블루베리농축액,해찬솔,12500
해찬솔,블루베리주스농축액,추출/농축액,미국산,★공급사 미상 → 후보,높음,적재,블루베리주스농축액25,공급사 미상(source21),12000
해찬솔,블루베리주스농축액,추출/농축액,미국산,동일공급사 기등록,높음,적재,블루베리주스농축액 25,해찬솔,12000
해찬솔,비수리(야관문)농축액(BRIX:60),추출/농축액,국산,신규(DB에 없음),,적재,,,
해찬솔,비수리농축액(BRIX:20),추출/농축액,국산,신규(DB에 없음),,적재,,,
해찬솔,비파열매농축액,추출/농축액,국산,신규(DB에 없음),,적재,,,
해찬솔,빌베리농축액,추출/농축액,오스트리아,신규(DB에 없음),,적재,,,
해찬솔,사과과즙농축액,추출/농축액,터키산,신규(DB에 없음),,적재,,,
해찬솔,사과농축액,추출/농축액,국산,★공급사 미상 → 후보,확실,적재,사과농축액,공급사 미상(source21),4400
해찬솔,사과농축액,추출/농축액,국산,★공급사 미상 → 후보,확실,적재,사과농축액,공급사 미상(source21),5700
해찬솔,사과농축액,추출/농축액,국산,동일공급사 기등록,확실,적재,사과 농축액,해찬솔,4400
해찬솔,사과농축액,추출/농축액,국산,동일공급사 기등록,확실,적재,사과 농축액,해찬솔,5700
해찬솔,사과농축액,추출/농축액,국산,타공급사 보유,확실,적재,사과 농축액,하이베이스,7500
해찬솔,사과농축액,추출/농축액,국산,★공급사 미상 → 후보,보통,적재,아누카사과농축액,공급사 미상(source21),18000
해찬솔,사과농축액(BRIX:70),추출/농축액,칠레산,★공급사 미상 → 후보,확실,적재,사과농축액,공급사 미상(source21),4400
해찬솔,사과농축액(BRIX:70),추출/농축액,칠레산,★공급사 미상 → 후보,확실,적재,사과농축액,공급사 미상(source21),5700
해찬솔,사과농축액(BRIX:70),추출/농축액,칠레산,동일공급사 기등록,확실,적재,사과 농축액,해찬솔,4400
해찬솔,사과농축액(BRIX:70),추출/농축액,칠레산,동일공급사 기등록,확실,적재,사과 농축액,해찬솔,5700
해찬솔,사과농축액(BRIX:70),추출/농축액,칠레산,타공급사 보유,확실,적재,사과 농축액,하이베이스,7500
해찬솔,사과농축액(BRIX:70),추출/농축액,칠레산,★공급사 미상 → 후보,보통,적재,아누카사과농축액,공급사 미상(source21),18000
해찬솔,사과농축액RP,추출/농축액,국산,★공급사 미상 → 후보,높음,적재,사과농축액,공급사 미상(source21),4400
해찬솔,사과농축액RP,추출/농축액,국산,★공급사 미상 → 후보,높음,적재,사과농축액,공급사 미상(source21),5700
해찬솔,사과농축액RP,추출/농축액,국산,동일공급사 기등록,높음,적재,사과 농축액,해찬솔,4400
해찬솔,사과농축액RP,추출/농축액,국산,동일공급사 기등록,높음,적재,사과 농축액,해찬솔,5700
해찬솔,사과농축액RP,추출/농축액,국산,타공급사 보유,높음,적재,사과 농축액,하이베이스,7500
해찬솔,산사자농축액H,추출/농축액,중국산,신규(DB에 없음),,적재,,,
해찬솔,산수유농축액(BRIX:65),추출/농축액,중국산,신규(DB에 없음),,적재,,,
해찬솔,산수유농축액(BRIX:65),추출/농축액,국산,신규(DB에 없음),,적재,,,
해찬솔,산약(마)농축액H(BRIX:65),추출/농축액,국산,신규(DB에 없음),,적재,,,
해찬솔,생강농축액(BRIX:20),추출/농축액,국산,★공급사 미상 → 후보,확실,적재,생강농축액,공급사 미상(source21),53000
해찬솔,생강농축액(BRIX:20),추출/농축액,국산,★공급사 미상 → 후보,확실,적재,생강농축액,공급사 미상(source21),9500
해찬솔,생강농축액(BRIX:20),추출/농축액,국산,동일공급사 기등록,확실,적재,생강농축액,해찬솔,53000
해찬솔,생강농축액(BRIX:20),추출/농축액,국산,동일공급사 기등록,확실,적재,생강농축액,해찬솔,9500
해찬솔,생강농축액(BRIX:20),추출/농축액,국산,타공급사 보유,확실,적재,생강농축액(60Brix이상),하이베이스,29000
해찬솔,생강농축액(BRIX:20),추출/농축액,국산,타공급사 보유,확실,적재,생강농축액,새롬비앤에프,42000
해찬솔,생강즙,추출/농축액,국산,신규(DB에 없음),,적재,,,
해찬솔,생강혼합농축액H,추출/농축액,국산,신규(DB에 없음),,적재,,,
해찬솔,샤인머스캣농축액,추출/농축액,국산,신규(DB에 없음),,적재,,,
해찬솔,샤인머스켓혼합농축액(BRIX:60),추출/농축액,혼합,신규(DB에 없음),,적재,,,
해찬솔,석류농축액,추출/농축액,이란산,★공급사 미상 → 후보,확실,적재,석류농축액,공급사 미상(source21),11000
해찬솔,석류농축액,추출/농축액,이란산,★공급사 미상 → 후보,확실,적재,석류농축액,공급사 미상(source21),8000
해찬솔,석류농축액,추출/농축액,이란산,★공급사 미상 → 후보,확실,적재,석류농축액(유기농),공급사 미상(source21),7500
해찬솔,석류농축액,추출/농축액,이란산,★공급사 미상 → 후보,확실,적재,석류농축액,공급사 미상(source21),11000
해찬솔,석류농축액,추출/농축액,이란산,★공급사 미상 → 후보,확실,적재,석류농축액,공급사 미상(source21),8000
해찬솔,석류농축액,추출/농축액,이란산,★공급사 미상 → 후보,확실,적재,석류농축액(유기농),공급사 미상(source21),7500
해찬솔,석류농축액,추출/농축액,혼용,★공급사 미상 → 후보,확실,적재,석류농축액,공급사 미상(source21),11000
해찬솔,석류농축액,추출/농축액,혼용,★공급사 미상 → 후보,확실,적재,석류농축액,공급사 미상(source21),8000
해찬솔,석류농축액,추출/농축액,혼용,★공급사 미상 → 후보,확실,적재,석류농축액(유기농),공급사 미상(source21),7500
해찬솔,솔잎농축액,추출/농축액,국산,신규(DB에 없음),,적재,,,
해찬솔,수박농축액,추출/농축액,미국산,신규(DB에 없음),,적재,,,
해찬솔,수세미오이농축액(BRIX:60),추출/농축액,국산,신규(DB에 없음),,적재,,,
해찬솔,숙지황농축액(BRIX:60),추출/농축액,중국산,★공급사 미상 → 후보,확실,적재,숙지황농축액,공급사 미상(source21),20000
해찬솔,숙지황농축액H(BRIX:60),추출/농축액,국산,★공급사 미상 → 후보,높음,적재,숙지황농축액,공급사 미상(source21),20000
해찬솔,스위트자몽농축액H,추출/농축액,이스라엘산,신규(DB에 없음),,적재,,,
해찬솔,식물혼합농축액,추출/농축액,혼용,신규(DB에 없음),,적재,,,
해찬솔,식물혼합추출농축액,추출/농축액,혼용,신규(DB에 없음),,적재,,,
해찬솔,쌍화농축액(BRIX:65),추출/농축액,혼용,신규(DB에 없음),,적재,,,
해찬솔,쌍화농축액HCS,추출/농축액,혼용,신규(DB에 없음),,적재,,,
해찬솔,아로니아농축액,추출/농축액,폴란드산,★공급사 미상 → 후보,확실,적재,아로니아농축액,공급사 미상(source21),7000
해찬솔,아로니아농축액,추출/농축액,폴란드산,동일공급사 기등록,확실,적재,아로니아농축액,해찬솔,7800
해찬솔,아로니아농축액,추출/농축액,폴란드산,타공급사 보유,확실,적재,아로니아농축액,하이베이스,7000
해찬솔,아로니아농축액,추출/농축액,폴란드산,타공급사 보유,확실,적재,아로니아농축액,새롬비앤에프,12000
해찬솔,아로니아농축액,추출/농축액,폴란드산,★공급사 미상 → 후보,확실,적재,아로니아농축액,공급사 미상(source21),7000
해찬솔,아로니아농축액,추출/농축액,폴란드산,동일공급사 기등록,확실,적재,아로니아농축액,해찬솔,7800
해찬솔,아로니아농축액,추출/농축액,폴란드산,타공급사 보유,확실,적재,아로니아농축액,하이베이스,7000
해찬솔,아로니아농축액,추출/농축액,폴란드산,타공급사 보유,확실,적재,아로니아농축액,새롬비앤에프,12000
해찬솔,애플망고농축액(BRIX:30),추출/농축액,페루산,신규(DB에 없음),,적재,,,
해찬솔,애플망고혼합농축액H,추출/농축액,제주산,신규(DB에 없음),,적재,,,
해찬솔,야채혼합농축액(20종),추출/농축액,독일산,신규(DB에 없음),,적재,,,
해찬솔,양배추농축액,추출/농축액,국산,★공급사 미상 → 후보,확실,적재,양배추농축액,공급사 미상(source21),24000
해찬솔,양배추농축액,추출/농축액,국산,★공급사 미상 → 후보,확실,적재,양배추농축액,공급사 미상(source21),19000
해찬솔,양배추농축액,추출/농축액,국산,동일공급사 기등록,확실,적재,양배추농축액,해찬솔,24000
해찬솔,양배추농축액,추출/농축액,국산,타공급사 보유,확실,적재,양배추농축액,하이베이스,19000
해찬솔,양배추즙농축액(BRIX:20),추출/농축액,국산,★공급사 미상 → 후보,확실,적재,양배추즙농축액,공급사 미상(source21),20000
해찬솔,양배추즙농축액(BRIX:20),추출/농축액,국산,동일공급사 기등록,확실,적재,양배추즙농축액(BRIX:20),해찬솔,20000
해찬솔,어성초농축액(BRIX:20),추출/농축액,국산,신규(DB에 없음),,적재,,,
해찬솔,얼그레이홍차농축액(BRIX:5),추출/농축액,스리랑카,신규(DB에 없음),,적재,,,
해찬솔,엄나무농축액(BRIX:10),추출/농축액,국산,신규(DB에 없음),,적재,,,
해찬솔,엘더베리농축액,추출/농축액,오스트리아,★공급사 미상 → 후보,확실,적재,엘더베리(착즙)농축액(65브릭스),공급사 미상(source21),36000
해찬솔,엘더베리농축액,추출/농축액,오스트리아,타공급사 보유,확실,적재,엘더베리(착즙)농축액(65Brix),하이베이스,36000
해찬솔,열대혼합과일농축액,추출/농축액,이스라엘산,신규(DB에 없음),,적재,,,
해찬솔,엿기름추출액S,추출/농축액,국산,신규(DB에 없음),,적재,,,
해찬솔,영지농축액H,추출/농축액,국산,신규(DB에 없음),,적재,,,
해찬솔,오디농축액(BRIX:50),추출/농축액,국산,신규(DB에 없음),,적재,,,
해찬솔,오렌지농축액,추출/농축액,브라질산,★공급사 미상 → 후보,확실,적재,오렌지농축액,공급사 미상(source21),11000
해찬솔,오렌지농축액,추출/농축액,브라질산,타공급사 보유,확실,적재,오렌지농축액,하이베이스,11000
해찬솔,오렌지농축액,추출/농축액,브라질산,★공급사 미상 → 후보,보통,적재,모로블러드오렌지농축액,공급사 미상(source21),9700
해찬솔,오렌지농축액,추출/농축액,브라질산,동일공급사 기등록,보통,적재,모로블러드오렌지농축액,해찬솔,9700
해찬솔,오렌지농축액,추출/농축액,브라질산,★공급사 미상 → 후보,확실,적재,오렌지농축액,공급사 미상(source21),11000
해찬솔,오렌지농축액,추출/농축액,브라질산,타공급사 보유,확실,적재,오렌지농축액,하이베이스,11000
해찬솔,오렌지농축액,추출/농축액,브라질산,★공급사 미상 → 후보,보통,적재,모로블러드오렌지농축액,공급사 미상(source21),9700
해찬솔,오렌지농축액,추출/농축액,브라질산,동일공급사 기등록,보통,적재,모로블러드오렌지농축액,해찬솔,9700
해찬솔,오렌지농축액,추출/농축액,스페인산,★공급사 미상 → 후보,확실,적재,오렌지농축액,공급사 미상(source21),11000
해찬솔,오렌지농축액,추출/농축액,스페인산,타공급사 보유,확실,적재,오렌지농축액,하이베이스,11000
해찬솔,오렌지농축액,추출/농축액,스페인산,★공급사 미상 → 후보,보통,적재,모로블러드오렌지농축액,공급사 미상(source21),9700
해찬솔,오렌지농축액,추출/농축액,스페인산,동일공급사 기등록,보통,적재,모로블러드오렌지농축액,해찬솔,9700
해찬솔,오렌지농축액,추출/농축액,스페인산,★공급사 미상 → 후보,확실,적재,오렌지농축액,공급사 미상(source21),11000
해찬솔,오렌지농축액,추출/농축액,스페인산,타공급사 보유,확실,적재,오렌지농축액,하이베이스,11000
해찬솔,오렌지농축액,추출/농축액,스페인산,★공급사 미상 → 후보,보통,적재,모로블러드오렌지농축액,공급사 미상(source21),9700
해찬솔,오렌지농축액,추출/농축액,스페인산,동일공급사 기등록,보통,적재,모로블러드오렌지농축액,해찬솔,9700
해찬솔,오렌지농축액H,추출/농축액,미국산,★공급사 미상 → 후보,높음,적재,오렌지농축액,공급사 미상(source21),11000
해찬솔,오렌지농축액H,추출/농축액,미국산,타공급사 보유,높음,적재,오렌지농축액,하이베이스,11000
해찬솔,오렌지농축액K,추출/농축액,브라질산,★공급사 미상 → 후보,높음,적재,오렌지농축액,공급사 미상(source21),11000
해찬솔,오렌지농축액K,추출/농축액,브라질산,타공급사 보유,높음,적재,오렌지농축액,하이베이스,11000
해찬솔,오렌지농축액S,추출/농축액,미국산,★공급사 미상 → 후보,높음,적재,오렌지농축액,공급사 미상(source21),11000
해찬솔,오렌지농축액S,추출/농축액,미국산,타공급사 보유,높음,적재,오렌지농축액,하이베이스,11000
해찬솔,오미자농축액,추출/농축액,국산,신규(DB에 없음),,적재,,,
해찬솔,오미자농축액H(BRIX:30),추출/농축액,문경,신규(DB에 없음),,적재,,,
해찬솔,오미자농축액K,추출/농축액,국산,신규(DB에 없음),,적재,,,
해찬솔,오미자엑기스,추출/농축액,중국산,신규(DB에 없음),,적재,,,
해찬솔,오미자엑기스HCS,추출/농축액,중국산,신규(DB에 없음),,적재,,,
해찬솔,오미자추출액,추출/농축액,국산,신규(DB에 없음),,적재,,,
해찬솔,오자농축액(BRIX:30),추출/농축액,중국산,동일공급사 기등록,확실,적재,오자농축액,해찬솔,20000
해찬솔,오자농축액(BRIX:45),추출/농축액,국산,동일공급사 기등록,확실,적재,오자농축액,해찬솔,20000
해찬솔,옥수수추출농축액(BRIX:50),추출/농축액,국산,신규(DB에 없음),,적재,,,
해찬솔,우바홍차농축액(BRIX:5),추출/농축액,스리랑카,신규(DB에 없음),,적재,,,
해찬솔,우바홍차추출액,추출/농축액,스리랑카,신규(DB에 없음),,적재,,,
해찬솔,우슬농축액H(BRIX:65),추출/농축액,국산,신규(DB에 없음),,적재,,,
해찬솔,유자과즙농축액H,추출/농축액,국산,신규(DB에 없음),,적재,,,
해찬솔,유자과즙농축액H-1,추출/농축액,국산,신규(DB에 없음),,적재,,,
해찬솔,유자농축액,추출/농축액,국산,신규(DB에 없음),,적재,,,
해찬솔,유자시럽B,추출/농축액,국산,신규(DB에 없음),,적재,,,
해찬솔,유자시럽H,추출/농축액,국산,신규(DB에 없음),,적재,,,
해찬솔,유자청A,추출/농축액,국산,신규(DB에 없음),,적재,,,
해찬솔,유자청추출물,추출/농축액,국산,신규(DB에 없음),,적재,,,
해찬솔,은행농축액,추출/농축액,국산,신규(DB에 없음),,적재,,,
해찬솔,인삼농축액(BRIX:20),추출/농축액,국산,★공급사 미상 → 후보,높음,적재,인삼농축액분말(6년근),공급사 미상(source21),350000
해찬솔,인진쑥농축액H(BRIX:65),추출/농축액,국산,타공급사 보유,보통,적재,쑥 농축액,새롬비앤에프,16000
해찬솔,자두농축액,추출/농축액,칠레산,신규(DB에 없음),,적재,,,
해찬솔,자소엽농축액(BRIX:60),추출/농축액,국산,신규(DB에 없음),,적재,,,
해찬솔,적포도농축액,추출/농축액,칠레산,★공급사 미상 → 후보,확실,적재,적포도농축액,공급사 미상(source21),6400
해찬솔,적포도농축액,추출/농축액,칠레산,동일공급사 기등록,확실,적재,적포도농축액,해찬솔,6400
해찬솔,적포도농축액,추출/농축액,칠레산,★공급사 미상 → 후보,확실,적재,적포도농축액,공급사 미상(source21),6400
해찬솔,적포도농축액,추출/농축액,칠레산,동일공급사 기등록,확실,적재,적포도농축액,해찬솔,6400
해찬솔,정향추출액,추출/농축액,인도네시아산,타공급사 보유,확실,적재,정향 추출액,하이베이스,35000
해찬솔,진생베리농축액(BRIX:25),추출/농축액,국산,신규(DB에 없음),,적재,,,
해찬솔,진피농축액(BRIX:55),추출/농축액,국산,신규(DB에 없음),,적재,,,
해찬솔,차가버섯농축액(BRIX:60),추출/농축액,러시아,신규(DB에 없음),,적재,,,
해찬솔,차이농축액(BRIX:40),추출/농축액,혼합,신규(DB에 없음),,적재,,,
해찬솔,천궁농축액(BRIX:65),추출/농축액,중국산,신규(DB에 없음),,적재,,,
해찬솔,청사과농축액,추출/농축액,칠레산,★공급사 미상 → 후보,높음,적재,사과농축액,공급사 미상(source21),4400
해찬솔,청사과농축액,추출/농축액,칠레산,★공급사 미상 → 후보,높음,적재,사과농축액,공급사 미상(source21),5700
해찬솔,청사과농축액,추출/농축액,칠레산,동일공급사 기등록,높음,적재,사과 농축액,해찬솔,4400
해찬솔,청사과농축액,추출/농축액,칠레산,동일공급사 기등록,높음,적재,사과 농축액,해찬솔,5700
해찬솔,청사과농축액,추출/농축액,칠레산,타공급사 보유,높음,적재,사과 농축액,하이베이스,7500
해찬솔,청포도농축액,추출/농축액,아르헨티나산,신규(DB에 없음),,적재,,,
해찬솔,체리농축액H,추출/농축액,오스트리아산,신규(DB에 없음),,적재,,,
해찬솔,캐모마일농축액(BRIX:10),추출/농축액,크로아티아산,신규(DB에 없음),,적재,,,
해찬솔,캐모마일추출액(고형분:1.5%),추출/농축액,크로아티아산,신규(DB에 없음),,적재,,,
해찬솔,크랜베리농축액,추출/농축액,미국산,신규(DB에 없음),,적재,,,
해찬솔,키위농축액H,추출/농축액,뉴질랜드산,신규(DB에 없음),,적재,,,
해찬솔,타트체리농축액H,추출/농축액,터키산,★공급사 미상 → 후보,높음,적재,타트체리농축액,공급사 미상(source21),4800
해찬솔,타트체리농축액H,추출/농축액,터키산,★공급사 미상 → 후보,높음,적재,타트체리농축액,공급사 미상(source21),6800
해찬솔,토마토농축액(BRIX:65),추출/농축액,칠레산,신규(DB에 없음),,적재,,,
해찬솔,파인애플농축액,추출/농축액,태국산,신규(DB에 없음),,적재,,,
해찬솔,파인애플농축액,추출/농축액,태국산,신규(DB에 없음),,적재,,,
해찬솔,파인애플주스농축액,추출/농축액,이스라엘산,신규(DB에 없음),,적재,,,
해찬솔,파인애플주스농축액,추출/농축액,필리핀산,신규(DB에 없음),,적재,,,
해찬솔,팥농축액(BRIX:65),추출/농축액,국산,신규(DB에 없음),,적재,,,
해찬솔,패션후르츠농축액(BRIX:60),추출/농축액,베트남산,신규(DB에 없음),,적재,,,
해찬솔,퍼플혼합과일농축액,추출/농축액,혼합,신규(DB에 없음),,적재,,,
해찬솔,페퍼민트농축액(BRIX:20),추출/농축액,이집트산,신규(DB에 없음),,적재,,,
해찬솔,포도농축과즙,추출/농축액,국산,신규(DB에 없음),,적재,,,
해찬솔,포도농축액(BRIX:65),추출/농축액,국산,★공급사 미상 → 후보,높음,적재,적포도농축액,공급사 미상(source21),6400
해찬솔,포도농축액(BRIX:65),추출/농축액,국산,동일공급사 기등록,높음,적재,적포도농축액,해찬솔,6400
해찬솔,표고버섯농축액(고형분:55%이상),추출/농축액,국산,신규(DB에 없음),,적재,,,
해찬솔,푸룬농축액,추출/농축액,미국산,신규(DB에 없음),,적재,,,
해찬솔,푸룬농축액,추출/농축액,칠레산,신규(DB에 없음),,적재,,,
해찬솔,한라봉농축액,추출/농축액,국산,신규(DB에 없음),,적재,,,
해찬솔,한라봉농축액(BRIX:65),추출/농축액,국산,신규(DB에 없음),,적재,,,
해찬솔,한라봉농축액HCS,추출/농축액,제주산,신규(DB에 없음),,적재,,,
해찬솔,헛개나무열매농축액(BRIX:60),추출/농축액,중국산,★공급사 미상 → 후보,확실,적재,헛개나무열매농축액,공급사 미상(source21),78000
해찬솔,헛개나무열매농축액A,추출/농축액,중국산,★공급사 미상 → 후보,높음,적재,헛개나무열매농축액,공급사 미상(source21),78000
해찬솔,헛개나무열매농축액H(BRIX:60),추출/농축액,국산,★공급사 미상 → 후보,높음,적재,헛개나무열매농축액,공급사 미상(source21),78000
해찬솔,호두페이스트(BRIX:60),추출/농축액,미국산,신규(DB에 없음),,적재,,,
해찬솔,호박맛엑기스,추출/농축액,국산,신규(DB에 없음),,적재,,,
해찬솔,호박추출농축액,추출/농축액,국산,신규(DB에 없음),,적재,,,
해찬솔,홍삼농축액,추출/농축액,국산,★공급사 미상 → 후보,확실,적재,홍삼농축액,공급사 미상(source21),170000
해찬솔,홍삼농축액,추출/농축액,국산,★공급사 미상 → 후보,확실,적재,홍삼농축액(6년근),공급사 미상(source21),210000
해찬솔,홍삼농축액,추출/농축액,국산,타공급사 보유,확실,적재,홍삼농축액(6년근),현대바이오랜드,210000
해찬솔,홍삼농축액,추출/농축액,국산,타공급사 보유,확실,적재,홍삼농축액,선일에프앤비,123000
해찬솔,홍삼농축액,추출/농축액,국산,타공급사 보유,확실,적재,홍삼농축액,선일에프앤비,145000
해찬솔,홍삼농축액,추출/농축액,국산,★공급사 미상 → 후보,높음,적재,발효홍삼농축액(6년근),공급사 미상(source21),250000
해찬솔,홍삼농축액,추출/농축액,국산,★공급사 미상 → 후보,높음,적재,홍삼농축액분말(4년근),공급사 미상(source21),310000
해찬솔,홍삼농축액,추출/농축액,국산,★공급사 미상 → 후보,높음,적재,홍삼농축액분말(6년근),공급사 미상(source21),330000
해찬솔,홍삼농축액,추출/농축액,국산,타공급사 보유,높음,적재,홍삼농축액분말(4년근),현대바이오랜드,310000
해찬솔,홍삼농축액,추출/농축액,국산,타공급사 보유,높음,적재,홍삼농축액분말(6년근),현대바이오랜드,330000
해찬솔,홍삼농축액,추출/농축액,국산,타공급사 보유,높음,적재,발효홍삼농축액(6년근),현대바이오랜드,250000
해찬솔,홍삼농축액,추출/농축액,국산,★공급사 미상 → 후보,보통,적재,발효홍삼농축액분말(6년근),공급사 미상(source21),260000
해찬솔,홍삼농축액,추출/농축액,국산,타공급사 보유,보통,적재,발효홍삼농축액분말(6년근),현대바이오랜드,260000
해찬솔,홍삼추출액(고형분:0.2%이상),추출/농축액,국산,신규(DB에 없음),,적재,,,
해찬솔,황기농축액,추출/농축액,중국산,신규(DB에 없음),,적재,,,
해찬솔,후레쉬깔라만시과즙액,추출/농축액,베트남산,신규(DB에 없음),,적재,,,
해찬솔,흑마늘농축액(BRIX:65),추출/농축액,국산,신규(DB에 없음),,적재,,,
해찬솔,흑마늘농축액HCS(BRIX:65),추출/농축액,국산,신규(DB에 없음),,적재,,,
해찬솔,히비스커스농축액(BRIX:25),추출/농축액,이집트산,신규(DB에 없음),,적재,,,
해찬솔,히비스커스추출물,추출/농축액,이집트산,신규(DB에 없음),,적재,,,
해찬솔,(11종)베리믹스파우더,스프레이분말,혼용,신규(DB에 없음),,적재,,,
해찬솔,(32종)식물혼합추출분말,스프레이분말,혼용,신규(DB에 없음),,적재,,,
해찬솔,(4종)식물혼합추출분말,스프레이분말,혼용,신규(DB에 없음),,적재,,,
해찬솔,(5종)식물혼합추출분말H,스프레이분말,혼용,신규(DB에 없음),,적재,,,
해찬솔,17곡혼합추출분말,스프레이분말,국산,신규(DB에 없음),,적재,,,
해찬솔,19곡혼합추출분말,스프레이분말,국산,신규(DB에 없음),,적재,,,
해찬솔,20야채혼합농축분말,스프레이분말,독일산,★공급사 미상 → 후보,확실,적재,20야채혼합농축분말,공급사 미상(source21),17000
해찬솔,20야채혼합농축분말,스프레이분말,독일산,타공급사 보유,확실,적재,20야채혼합농축분말,하이베이스,17000
해찬솔,20야채혼합농축분말,스프레이분말,독일산,★공급사 미상 → 후보,높음,적재,야채혼합농축분말(20종),공급사 미상(source21),17000
해찬솔,20야채혼합농축분말,스프레이분말,독일산,★공급사 미상 → 후보,높음,적재,야채혼합농축분말(27종야채),공급사 미상(source21),23000
해찬솔,27종 과일야채혼합농축분말,스프레이분말,혼용,★공급사 미상 → 후보,확실,적재,27종과일야채혼합농축분말,공급사 미상(source21),23000
해찬솔,27종 과일야채혼합농축분말,스프레이분말,혼용,동일공급사 기등록,확실,적재,27종 과일야채혼합농축분말,해찬솔,23000
해찬솔,27종 과일야채혼합농축분말,스프레이분말,혼용,타공급사 보유,확실,적재,27종과일야채혼합농축분말,하이베이스,23000
해찬솔,27종 과일야채혼합농축분말,스프레이분말,혼용,★공급사 미상 → 후보,보통,적재,야채혼합농축분말(20종),공급사 미상(source21),17000
해찬솔,27종 과일야채혼합농축분말,스프레이분말,혼용,★공급사 미상 → 후보,보통,적재,야채혼합농축분말(27종야채),공급사 미상(source21),23000
해찬솔,ABC분말,스프레이분말,혼용,신규(DB에 없음),,적재,,,
해찬솔,MCT올리고펙틴분말,스프레이분말,혼용,신규(DB에 없음),,적재,,,
해찬솔,가시오갈피추출물분말,스프레이분말,국산,신규(DB에 없음),,적재,,,
해찬솔,갈근추출분말,스프레이분말,국산,타공급사 보유,확실,적재,갈근추출분말,하이베이스,22000
해찬솔,갈랑갈추출분말,스프레이분말,태국산,신규(DB에 없음),,적재,,,
해찬솔,감귤농축분말,스프레이분말,국산,동일공급사 기등록,확실,적재,감귤 농축분말,해찬솔,15000
해찬솔,감귤농축분말,스프레이분말,국산,타공급사 보유,확실,적재,감귤 농축분말,새롬비앤에프,13000
해찬솔,감초농축분말,스프레이분말,우즈벡,타공급사 보유,확실,적재,감초농축분말,올담식품,17500
해찬솔,감태추출물H,스프레이분말,제주산,타공급사 보유,높음,적재,감태추출물,유트라,787500
해찬솔,감태추출물H,스프레이분말,제주산,★공급사 미상 → 후보,높음,적재,감태추출물,공급사 미상(source21),750000
해찬솔,감태추출분말,스프레이분말,제주산,★공급사 미상 → 후보,확실,적재,감태추출분말,공급사 미상(source21),48000
해찬솔,감태추출분말,스프레이분말,제주산,동일공급사 기등록,확실,적재,감태추출분말,해찬솔,20000
해찬솔,강황추출분말H,스프레이분말,인도네시아산,★공급사 미상 → 후보,높음,적재,강황추출분말,공급사 미상(source21),28000
해찬솔,강황추출분말H,스프레이분말,인도네시아산,★공급사 미상 → 후보,높음,적재,강황추출분말,공급사 미상(source21),190000
해찬솔,강황추출분말H,스프레이분말,인도네시아산,타공급사 보유,높음,적재,강황추출분말,올담식품,14500
해찬솔,강황추출분말H,스프레이분말,인도네시아산,★공급사 미상 → 후보,높음,적재,강황추출분말,공급사 미상(source21),195000
해찬솔,강황추출분말H,스프레이분말,인도네시아산,★공급사 미상 → 후보,높음,적재,강황추출분말,공급사 미상(source21),24000
해찬솔,검정콩추출분말,스프레이분말,국산,신규(DB에 없음),,적재,,,
해찬솔,결명자추출분말,스프레이분말,국산,신규(DB에 없음),,적재,,,
해찬솔,계피추출분말,스프레이분말,베트남산,★공급사 미상 → 후보,확실,적재,계피추출분말,공급사 미상(source21),26000
해찬솔,계피추출분말,스프레이분말,베트남산,★공급사 미상 → 후보,확실,적재,계피추출분말,공급사 미상(source21),16000
해찬솔,계피추출분말,스프레이분말,베트남산,★공급사 미상 → 후보,확실,적재,계피추출분말,공급사 미상(source21),15500
해찬솔,계피추출분말,스프레이분말,베트남산,타공급사 보유,확실,적재,계피 추출분말,하이베이스,26000
해찬솔,계피추출분말,스프레이분말,베트남산,타공급사 보유,확실,적재,계피 추출분말,하이베이스,16000
해찬솔,계피추출분말,스프레이분말,베트남산,동일공급사 기등록,확실,적재,계피추출분말,해찬솔,15500
해찬솔,계피추출분말,스프레이분말,베트남산,타공급사 보유,확실,적재,계피추출분말,올담식품,15000
해찬솔,고구마농축분말,스프레이분말,국산,신규(DB에 없음),,적재,,,
해찬솔,곰보배추추출분말,스프레이분말,국산,신규(DB에 없음),,적재,,,
해찬솔,곰피추출분말,스프레이분말,국산,신규(DB에 없음),,적재,,,
해찬솔,곶감추출분말,스프레이분말,국산,신규(DB에 없음),,적재,,,
해찬솔,과일야채혼합분말,스프레이분말,혼용,타공급사 보유,확실,적재,과일야채혼합분말,하이베이스,84000
해찬솔,과일야채혼합분말,스프레이분말,혼용,★공급사 미상 → 후보,높음,적재,야채혼합분말(과일),공급사 미상(source21),84000
해찬솔,과일야채혼합분말,스프레이분말,혼용,★공급사 미상 → 후보,높음,적재,과일야채혼합분말(유기농)12종,공급사 미상(source21),100000
해찬솔,과일야채혼합분말,스프레이분말,혼용,타공급사 보유,높음,적재,유기농과일야채혼합분말,하이베이스,82000
해찬솔,과일야채혼합분말,스프레이분말,혼용,★공급사 미상 → 후보,높음,적재,유기농과일야채혼합분말,공급사 미상(source21),121000
해찬솔,구기자추출분말,스프레이분말,국산,★공급사 미상 → 후보,확실,적재,구기자추출분말,공급사 미상(source21),30000
해찬솔,구기자추출분말,스프레이분말,국산,★공급사 미상 → 후보,확실,적재,구기자추출분말,공급사 미상(source21),35000
해찬솔,구기자추출분말,스프레이분말,국산,★공급사 미상 → 후보,확실,적재,구기자추출분말,공급사 미상(source21),29700
해찬솔,구기자추출분말,스프레이분말,국산,동일공급사 기등록,확실,적재,구기자추출분말,해찬솔,30000
해찬솔,구기자추출분말,스프레이분말,국산,타공급사 보유,확실,적재,구기자추출분말,하이베이스,35000
해찬솔,구기자추출분말,스프레이분말,국산,타공급사 보유,확실,적재,구기자추출분말,선일에프앤씨,29700
해찬솔,구기자추출분말,스프레이분말,국산,★공급사 미상 → 후보,높음,적재,발효구기자추출분말,공급사 미상(source21),32000
해찬솔,구기자추출분말,스프레이분말,국산,동일공급사 기등록,높음,적재,발효구기자추출분말,해찬솔,32000
해찬솔,구절초추출분말,스프레이분말,국산,★공급사 미상 → 후보,확실,적재,구절초추출분말,공급사 미상(source21),18000
해찬솔,구절초추출분말,스프레이분말,국산,동일공급사 기등록,확실,적재,구절초추출분말,해찬솔,15000
해찬솔,구절초추출분말,스프레이분말,국산,타공급사 보유,확실,적재,구절초추출분말,하이베이스,18000
해찬솔,금은화추출분말,스프레이분말,중국산,신규(DB에 없음),,적재,,,
해찬솔,깔라만시주스분말,스프레이분말,베트남산,신규(DB에 없음),,적재,,,
해찬솔,꽃송이버섯추출분말,스프레이분말,국산,신규(DB에 없음),,적재,,,
해찬솔,꾸지뽕열매추출분말,스프레이분말,국산,신규(DB에 없음),,적재,,,
해찬솔,꾸지뽕잎추출분말,스프레이분말,국산,신규(DB에 없음),,적재,,,
해찬솔,꿀분말,스프레이분말,국산,신규(DB에 없음),,적재,,,
해찬솔,꿀분말H,스프레이분말,국산,신규(DB에 없음),,적재,,,
해찬솔,남가새추출분말,스프레이분말,인도산,동일공급사 기등록,확실,적재,남가새추출분말,해찬솔,16000
해찬솔,남가새추출분말,스프레이분말,인도산,타공급사 보유,확실,적재,남가새추출분말,하이베이스,40000
해찬솔,납작복숭아추출분말,스프레이분말,스페인산,★공급사 미상 → 후보,높음,적재,복숭아추출분말,공급사 미상(source21),27000
해찬솔,노니농축분말,스프레이분말,인도네시아산,신규(DB에 없음),,적재,,,
해찬솔,노루궁뎅이버섯추출분말,스프레이분말,국산,동일공급사 기등록,확실,적재,노루궁뎅이버섯추출분말,해찬솔,21000
해찬솔,녹용추출분말,스프레이분말,뉴질랜드산,★공급사 미상 → 후보,확실,적재,녹용추출분말,공급사 미상(source21),140000
해찬솔,녹용추출분말,스프레이분말,뉴질랜드산,★공급사 미상 → 후보,확실,적재,녹용추출분말,공급사 미상(source21),65000
해찬솔,녹용추출분말,스프레이분말,뉴질랜드산,동일공급사 기등록,확실,적재,녹용추출분말,해찬솔,65000
해찬솔,녹차추출분말H,스프레이분말,국산,타공급사 보유,높음,적재,녹차추출분말(카테킨함량70%),하이베이스,80000
해찬솔,녹차추출분말H,스프레이분말,국산,타공급사 보유,높음,적재,녹차추출분말(카테킨함량70%),하이베이스,77000
해찬솔,녹차추출분말H,스프레이분말,국산,타공급사 보유,높음,적재,녹차추출분말(카테킨함량75%),하이베이스,88000
해찬솔,녹차추출분말H,스프레이분말,국산,타공급사 보유,높음,적재,녹차추출분말(카테킨함량70%),엘본에이치앤비,79000
해찬솔,녹차추출분말H,스프레이분말,국산,타공급사 보유,높음,적재,녹차추출분말,올담식품,16000
해찬솔,눈꽃동충하초추출분말,스프레이분말,국산,신규(DB에 없음),,적재,,,
해찬솔,다시마추출분말,스프레이분말,국산,★공급사 미상 → 후보,높음,적재,마추출분말,공급사 미상(source21),23000
해찬솔,다시마추출분말,스프레이분말,국산,★공급사 미상 → 후보,높음,적재,마추출분말,공급사 미상(source21),29000
해찬솔,다시마추출분말,스프레이분말,국산,동일공급사 기등록,높음,적재,마추출분말,해찬솔,23000
해찬솔,다시마추출분말,스프레이분말,국산,타공급사 보유,높음,적재,마추출분말,하이베이스,29000
해찬솔,다크스위트체리농축분말,스프레이분말,미국산,신규(DB에 없음),,적재,,,
해찬솔,단삼추출분말,스프레이분말,중국산,신규(DB에 없음),,적재,,,
해찬솔,단호박추출분말H,스프레이분말,국산,★공급사 미상 → 후보,높음,적재,단호박추출분말,공급사 미상(source21),15000
해찬솔,단호박추출분말H,스프레이분말,국산,동일공급사 기등록,높음,적재,단호박추출분말,해찬솔,15000
해찬솔,단호박추출분말H,스프레이분말,국산,동일공급사 기등록,높음,적재,호박 추출분말,해찬솔,15500
해찬솔,당귀농축분말,스프레이분말,국산,신규(DB에 없음),,적재,,,
해찬솔,당근착즙액분말,스프레이분말,국산,동일공급사 기등록,확실,적재,당근착즙액 분말,해찬솔,24000
해찬솔,대나무잎추출분말,스프레이분말,국산,신규(DB에 없음),,적재,,,
해찬솔,대두추출분말,스프레이분말,중국산,★공급사 미상 → 후보,확실,적재,대두추출분말,공급사 미상(source21),58000
해찬솔,대추추출분말,스프레이분말,국산,신규(DB에 없음),,적재,,,
해찬솔,더덕추출분말,스프레이분말,국산,신규(DB에 없음),,적재,,,
해찬솔,도라지추출분말,스프레이분말,국산,신규(DB에 없음),,적재,,,
해찬솔,돼자김자추출분말,스프레이분말,국산,신규(DB에 없음),,적재,,,
해찬솔,두충추출분말,스프레이분말,국산,타공급사 보유,확실,적재,두충추출분말,올담식품,14500
해찬솔,두충추출분말,스프레이분말,국산,★공급사 미상 → 후보,보통,적재,두충추출분말고형분30%,공급사 미상(source21),40000
해찬솔,둥굴레농축분말,스프레이분말,국산,신규(DB에 없음),,적재,,,
해찬솔,딸기과즙농축분말,스프레이분말,국산,신규(DB에 없음),,적재,,,
해찬솔,라벤더추출분말,스프레이분말,프랑스산,신규(DB에 없음),,적재,,,
해찬솔,라임농축분말,스프레이분말,이탈리아산,신규(DB에 없음),,적재,,,
해찬솔,라즈베리농축분말,스프레이분말,미국산,신규(DB에 없음),,적재,,,
해찬솔,레드비트농축분말,스프레이분말,독일산,★공급사 미상 → 후보,확실,적재,레드비트농축분말,공급사 미상(source21),18000
해찬솔,레드비트농축분말,스프레이분말,독일산,★공급사 미상 → 후보,확실,적재,레드비트농축분말,공급사 미상(source21),17000
해찬솔,레드비트농축분말,스프레이분말,독일산,동일공급사 기등록,확실,적재,레드비트농축분말,해찬솔,17000
해찬솔,레드비트농축분말,스프레이분말,독일산,타공급사 보유,확실,적재,레드비트농축분말,새롬비앤에프,16000
해찬솔,레몬과즙분말,스프레이분말,미국산,신규(DB에 없음),,적재,,,
해찬솔,레몬과즙분말HCS-5946,스프레이분말,미국산,신규(DB에 없음),,적재,,,
해찬솔,레몬농축분말,스프레이분말,아르헨티나산,신규(DB에 없음),,적재,,,
해찬솔,레몬밤추출분말,스프레이분말,이집트산,★공급사 미상 → 후보,확실,적재,레몬밤추출분말,공급사 미상(source21),15000
해찬솔,로즈마리추출분말,스프레이분말,이집트산,동일공급사 기등록,확실,적재,로즈마리 추출분말,해찬솔,16000
해찬솔,로즈힙추출분말,스프레이분말,칠레산,★공급사 미상 → 후보,확실,적재,로즈힙추출분말,공급사 미상(source21),20000
해찬솔,로즈힙추출분말,스프레이분말,칠레산,★공급사 미상 → 후보,확실,적재,로즈힙추출분말,공급사 미상(source21),60000
해찬솔,로즈힙추출분말,스프레이분말,칠레산,동일공급사 기등록,확실,적재,로즈힙추출분말,해찬솔,20000
해찬솔,로즈힙추출분말,스프레이분말,칠레산,타공급사 보유,확실,적재,로즈힙추출분말,하이베이스,60000
해찬솔,로즈힙추출분말,스프레이분말,칠레산,동일공급사 기등록,확실,적재,로즈힙 추출분말,해찬솔,20000
해찬솔,로즈힙추출분말,스프레이분말,칠레산,타공급사 보유,높음,적재,유기농로즈힙추출분말,태성,38000
해찬솔,루바브추출물분말,스프레이분말,국산,신규(DB에 없음),,적재,,,
해찬솔,루이보스추출분말,스프레이분말,남아공산,신규(DB에 없음),,적재,,,
해찬솔,리치농축분말,스프레이분말,대만산,신규(DB에 없음),,적재,,,
해찬솔,링곤베리주스분말,스프레이분말,핀란드산,신규(DB에 없음),,적재,,,
해찬솔,마리골드추출분말,스프레이분말,이집트산,★공급사 미상 → 후보,확실,적재,마리골드추출분말,공급사 미상(source21),80000
해찬솔,마리골드추출분말,스프레이분말,이집트산,★공급사 미상 → 후보,보통,적재,마리골드,공급사 미상(source21),95000
해찬솔,마추출분말,스프레이분말,국산,★공급사 미상 → 후보,확실,적재,마추출분말,공급사 미상(source21),23000
해찬솔,마추출분말,스프레이분말,국산,★공급사 미상 → 후보,확실,적재,마추출분말,공급사 미상(source21),29000
해찬솔,마추출분말,스프레이분말,국산,동일공급사 기등록,확실,적재,마추출분말,해찬솔,23000
해찬솔,마추출분말,스프레이분말,국산,타공급사 보유,확실,적재,마추출분말,하이베이스,29000
해찬솔,마카농축분말,스프레이분말,페루산,신규(DB에 없음),,적재,,,
해찬솔,마카농축분말H,스프레이분말,페루산,신규(DB에 없음),,적재,,,
해찬솔,마테추출물분말,스프레이분말,브라질산,신규(DB에 없음),,적재,,,
해찬솔,마테추출분말,스프레이분말,브라질산,★공급사 미상 → 후보,확실,적재,마테추출분말,공급사 미상(source21),16000
해찬솔,마테추출분말,스프레이분말,브라질산,★공급사 미상 → 후보,확실,적재,마테추출분말,공급사 미상(source21),50000
해찬솔,마테추출분말,스프레이분말,브라질산,동일공급사 기등록,확실,적재,마테추출분말,해찬솔,16000
해찬솔,마테추출분말,스프레이분말,브라질산,타공급사 보유,확실,적재,마테추출분말,하이베이스,50000
해찬솔,말차추출분말,스프레이분말,보성,신규(DB에 없음),,적재,,,
해찬솔,망고농축분말,스프레이분말,멕시코산,신규(DB에 없음),,적재,,,
해찬솔,망고스틴농축분말H,스프레이분말,베트남산,★공급사 미상 → 후보,높음,적재,망고스틴농축분말,공급사 미상(source21),22000
해찬솔,망고스틴농축분말H,스프레이분말,베트남산,동일공급사 기등록,높음,적재,망고스틴농축분말,해찬솔,22000
해찬솔,망고추출분말,스프레이분말,필리핀산,★공급사 미상 → 후보,보통,적재,와일드망고추출분말,공급사 미상(source21),34000
해찬솔,망고추출분말,스프레이분말,필리핀산,★공급사 미상 → 후보,보통,적재,와일드망고추출분말,공급사 미상(source21),32000
해찬솔,망고추출분말,스프레이분말,필리핀산,타공급사 보유,보통,적재,와일드망고추출분말,하이베이스,32000
해찬솔,매실추출분말,스프레이분말,국산,★공급사 미상 → 후보,확실,적재,매실추출분말,공급사 미상(source21),17000
해찬솔,매실추출분말,스프레이분말,국산,★공급사 미상 → 후보,확실,적재,매실추출분말,공급사 미상(source21),19000
해찬솔,매실추출분말,스프레이분말,국산,★공급사 미상 → 후보,확실,적재,매실추출분말,공급사 미상(source21),18000
해찬솔,매실추출분말,스프레이분말,국산,동일공급사 기등록,확실,적재,매실 추출분말,해찬솔,17000
해찬솔,매실추출분말,스프레이분말,국산,타공급사 보유,확실,적재,매실 추출분말,새롬비앤에프,19000
해찬솔,매실추출분말,스프레이분말,국산,타공급사 보유,확실,적재,매실 추출분말,하이베이스,18000
해찬솔,맥문동추출분말H,스프레이분말,국산,신규(DB에 없음),,적재,,,
해찬솔,맥아추출분말,스프레이분말,국산,★공급사 미상 → 후보,확실,적재,맥아추출분말,공급사 미상(source21),25000
해찬솔,맥아추출분말,스프레이분말,국산,★공급사 미상 → 후보,확실,적재,맥아추출분말,공급사 미상(source21),23500
해찬솔,멜론농축분말H,스프레이분말,이스라엘산,신규(DB에 없음),,적재,,,
해찬솔,모과추출분말,스프레이분말,국산,타공급사 보유,확실,적재,모과추출분말,올담식품,14000
해찬솔,모로블러드오렌지추출분말,스프레이분말,이탈리아산,★공급사 미상 → 후보,확실,적재,모로블러드오렌지추출분말,공급사 미상(source21),16000
해찬솔,모로오렌지추출분말,스프레이분말,이스라엘산,타공급사 보유,확실,적재,모로오렌지추출분말,새롬비앤에프,15000
해찬솔,모로오렌지추출분말,스프레이분말,이스라엘산,타공급사 보유,확실,적재,모로오렌지추출분말,하이베이스,55000
해찬솔,모로오렌지추출분말,스프레이분말,이스라엘산,타공급사 보유,확실,적재,모로오렌지추출분말,하이베이스,18000
해찬솔,모로오렌지추출분말,스프레이분말,이스라엘산,동일공급사 기등록,확실,적재,모로오렌지 추출분말,해찬솔,16500
해찬솔,모로오렌지추출분말,스프레이분말,이스라엘산,타공급사 보유,확실,적재,모로오렌지 추출분말,하이베이스,55000
해찬솔,모로오렌지추출분말,스프레이분말,이스라엘산,타공급사 보유,확실,적재,모로오렌지 추출분말,하이베이스,18000
해찬솔,모로오렌지추출분말,스프레이분말,이스라엘산,★공급사 미상 → 후보,확실,적재,모로오렌지추출분말,공급사 미상(source21),17000
해찬솔,모로오렌지추출분말,스프레이분말,이스라엘산,타공급사 보유,보통,적재,모로오렌지추출분말 hcs7565,엘본에이치앤비,16000
해찬솔,모로오렌지추출분말,스프레이분말,이스라엘산,★공급사 미상 → 후보,보통,적재,모로오렌지,공급사 미상(source21),75000
해찬솔,모로오렌지추출분말,스프레이분말,이스라엘산,★공급사 미상 → 후보,보통,적재,모로오렌지,공급사 미상(source21),16000
해찬솔,모로오렌지추출분말,스프레이분말,이스라엘산,★공급사 미상 → 후보,보통,적재,모로오렌지,공급사 미상(source21),15000
해찬솔,모로오렌지추출분말,스프레이분말,이스라엘산,★공급사 미상 → 후보,보통,적재,모로오렌지,공급사 미상(source21),55000
해찬솔,모로오렌지추출분말,스프레이분말,이스라엘산,★공급사 미상 → 후보,보통,적재,모로오렌지,공급사 미상(source21),18000
해찬솔,모시대농축분말,스프레이분말,중국산,신규(DB에 없음),,적재,,,
해찬솔,무엑기스분말,스프레이분말,국산,신규(DB에 없음),,적재,,,
해찬솔,무화과농축분말,스프레이분말,튀르키예산,신규(DB에 없음),,적재,,,
해찬솔,미강추출분말,스프레이분말,국산,★공급사 미상 → 후보,확실,적재,미강추출분말,공급사 미상(source21),26000
해찬솔,미강추출분말,스프레이분말,국산,타공급사 보유,확실,적재,미강추출분말,하이베이스,26000
해찬솔,미강추출분말,스프레이분말,국산,타공급사 보유,확실,적재,미강추출분말,엘본에이치앤비,26000
해찬솔,미슬토추출분말,스프레이분말,국산,신규(DB에 없음),,적재,,,
해찬솔,미역추출분말,스프레이분말,국산,★공급사 미상 → 후보,확실,적재,미역추출분말,공급사 미상(source21),75000
해찬솔,미역추출분말,스프레이분말,국산,★공급사 미상 → 후보,확실,적재,미역추출분말,공급사 미상(source21),15000
해찬솔,미역추출분말,스프레이분말,국산,동일공급사 기등록,확실,적재,미역추출분말,해찬솔,15000
해찬솔,미역추출분말,스프레이분말,국산,타공급사 보유,확실,적재,미역추출분말,하이베이스,70000
해찬솔,민들레추출분말,스프레이분말,국산,★공급사 미상 → 후보,확실,적재,민들레추출분말,공급사 미상(source21),24000
해찬솔,민들레추출분말,스프레이분말,국산,타공급사 보유,확실,적재,민들레추출분말,하이베이스,24000
해찬솔,민들레추출분말,스프레이분말,국산,타공급사 보유,확실,적재,민들레추출분말,올담식품,16500
해찬솔,바나나엑기스분말,스프레이분말,필리핀산,★공급사 미상 → 후보,확실,적재,바나나 엑기스분말,공급사 미상(source21),18000
해찬솔,바나나엑기스분말,스프레이분말,필리핀산,동일공급사 기등록,확실,적재,바나나 엑기스분말,해찬솔,18000
해찬솔,바나나엑기스분말,스프레이분말,필리핀산,동일공급사 기등록,확실,적재,바나나엑기스분말,해찬솔,18000
해찬솔,바나바잎추출분말,스프레이분말,인도네시아산,신규(DB에 없음),,적재,,,
해찬솔,바닐라추출분말,스프레이분말,마다가스카르산,신규(DB에 없음),,적재,,,
해찬솔,발효구기자추출분말,스프레이분말,국산,★공급사 미상 → 후보,확실,적재,발효구기자추출분말,공급사 미상(source21),32000
해찬솔,발효구기자추출분말,스프레이분말,국산,동일공급사 기등록,확실,적재,발효구기자추출분말,해찬솔,32000
해찬솔,발효구기자추출분말,스프레이분말,국산,★공급사 미상 → 후보,높음,적재,구기자추출분말,공급사 미상(source21),30000
해찬솔,발효구기자추출분말,스프레이분말,국산,★공급사 미상 → 후보,높음,적재,구기자추출분말,공급사 미상(source21),35000
해찬솔,발효구기자추출분말,스프레이분말,국산,★공급사 미상 → 후보,높음,적재,구기자추출분말,공급사 미상(source21),29700
해찬솔,발효구기자추출분말,스프레이분말,국산,동일공급사 기등록,높음,적재,구기자추출분말,해찬솔,30000
해찬솔,발효구기자추출분말,스프레이분말,국산,타공급사 보유,높음,적재,구기자추출분말,하이베이스,35000
해찬솔,발효구기자추출분말,스프레이분말,국산,타공급사 보유,높음,적재,구기자추출분말,선일에프앤씨,29700
해찬솔,발효여주추출분말,스프레이분말,국산,신규(DB에 없음),,적재,,,
해찬솔,발효우슬추출분말,스프레이분말,국산,타공급사 보유,높음,적재,우슬추출분말,올담식품,22500
해찬솔,발효율피추출분말,스프레이분말,국산,★공급사 미상 → 후보,확실,적재,발효율피추출분말,공급사 미상(source21),19000
해찬솔,밤추출분말,스프레이분말,국산,★공급사 미상 → 후보,높음,적재,레몬밤추출분말,공급사 미상(source21),15000
해찬솔,배모과혼합분말,스프레이분말,국산,신규(DB에 없음),,적재,,,
해찬솔,배즙분말,스프레이분말,국산,신규(DB에 없음),,적재,,,
해찬솔,백년초농축분말,스프레이분말,국산,신규(DB에 없음),,적재,,,
해찬솔,백복령추출분말,스프레이분말,중국산,★공급사 미상 → 후보,확실,적재,백복령추출분말,공급사 미상(source21),48000
해찬솔,백복령추출분말H,스프레이분말,국산,★공급사 미상 → 후보,높음,적재,백복령추출분말,공급사 미상(source21),48000
해찬솔,버섯혼합추출분말,스프레이분말,국산,신규(DB에 없음),,적재,,,
해찬솔,벌나무추출분말,스프레이분말,국산,신규(DB에 없음),,적재,,,
해찬솔,벚꽃추출분말,스프레이분말,국산,신규(DB에 없음),,적재,,,
해찬솔,베르가못추출분말,스프레이분말,국산,타공급사 보유,확실,적재,베르가못추출분말,엔바이오텍,120000
해찬솔,베르가못추출분말,스프레이분말,국산,동일공급사 기등록,확실,적재,베르가못추출분말,해찬솔,18000
해찬솔,병아리콩추출분말H,스프레이분말,캐나다산,동일공급사 기등록,높음,적재,병아리콩추출분말,해찬솔,14000
해찬솔,병풀추출분말,스프레이분말,인도네시아산,신규(DB에 없음),,적재,,,
해찬솔,보리추출분말,스프레이분말,국산,★공급사 미상 → 후보,높음,적재,새싹보리추출분말,공급사 미상(source21),29000
해찬솔,보이즌베리농축분말,스프레이분말,미국산,신규(DB에 없음),,적재,,,
해찬솔,보이차추출분말,스프레이분말,중국산,★공급사 미상 → 후보,확실,적재,보이차추출분말,공급사 미상(source21),17000
해찬솔,보이차추출분말,스프레이분말,중국산,타공급사 보유,확실,적재,보이차추출분말,태성,17000
해찬솔,복분자추출분말,스프레이분말,국산,신규(DB에 없음),,적재,,,
해찬솔,복숭아농축분말,스프레이분말,미국/이스라엘,동일공급사 기등록,확실,적재,복숭아농축분말,해찬솔,15000
해찬솔,브로콜리농축분말,스프레이분말,스페인산,신규(DB에 없음),,적재,,,
해찬솔,블랙마카추출분말,스프레이분말,페루산,신규(DB에 없음),,적재,,,
해찬솔,블루베리농축분말,스프레이분말,미국산,★공급사 미상 → 후보,확실,적재,블루베리농축분말,공급사 미상(source21),24000
해찬솔,블루베리농축분말,스프레이분말,미국산,타공급사 보유,확실,적재,"블루베리농축분말
(cos10817)",엘본에이치앤비,24000
해찬솔,블루베리농축분말,스프레이분말,미국산,타공급사 보유,확실,적재,블루베리 농축분말,새롬비앤에프,23000
해찬솔,블루베리농축분말,스프레이분말,미국산,동일공급사 기등록,확실,적재,블루베리 농축분말,해찬솔,15000
해찬솔,블루베리농축분말,스프레이분말,미국산,타공급사 보유,확실,적재,블루베리 농축분말,새롬비앤에프,24000
해찬솔,블루베리농축분말,스프레이분말,미국산,타공급사 보유,확실,적재,블루베리 농축분말,하이베이스,40000
해찬솔,비수리(야관문)추출분말,스프레이분말,국산,신규(DB에 없음),,적재,,,
해찬솔,비타민나무열매추출분말,스프레이분말,국산,신규(DB에 없음),,적재,,,
해찬솔,빌베리농축분말,스프레이분말,오스트리아산,신규(DB에 없음),,적재,,,
해찬솔,뽕잎추출분말,스프레이분말,국산,신규(DB에 없음),,적재,,,
해찬솔,사과농축분말,스프레이분말,국산,★공급사 미상 → 후보,확실,적재,사과농축분말(풋),공급사 미상(source21),14000
해찬솔,사과농축분말,스프레이분말,국산,★공급사 미상 → 후보,확실,적재,사과농축분말(청),공급사 미상(source21),15000
해찬솔,사과농축분말,스프레이분말,국산,동일공급사 기등록,확실,적재,사과 농축분말,해찬솔,14000
해찬솔,사과농축분말,스프레이분말,국산,타공급사 보유,확실,적재,사과 농축분말,새롬비앤에프,15000
해찬솔,사과농축분말,스프레이분말,국산,타공급사 보유,확실,적재,사과농축분말,하이베이스,16000
해찬솔,사과농축분말,스프레이분말,국산,타공급사 보유,확실,적재,사과농축분말(SR-20395),하이베이스,18000
해찬솔,사과농축분말,스프레이분말,국산,동일공급사 기등록,높음,적재,풋사과농축분말,해찬솔,14000
해찬솔,사과농축분말,스프레이분말,국산,타공급사 보유,높음,적재,청사과농축분말,새롬비앤에프,15000
해찬솔,사과발효식초분말,스프레이분말,국산,신규(DB에 없음),,적재,,,
해찬솔,사과초모식초분말,스프레이분말,국산,★공급사 미상 → 후보,확실,적재,사과초모식초분말,공급사 미상(source21),32000
해찬솔,사과초모식초분말H,스프레이분말,국산,★공급사 미상 → 후보,높음,적재,사과초모식초분말,공급사 미상(source21),32000
해찬솔,산수유추출분말,스프레이분말,국산,★공급사 미상 → 후보,확실,적재,산수유추출분말,공급사 미상(source21),25000
해찬솔,산수유추출분말,스프레이분말,국산,★공급사 미상 → 후보,확실,적재,산수유추출분말,공급사 미상(source21),32000
해찬솔,산수유추출분말,스프레이분말,국산,동일공급사 기등록,확실,적재,산수유추출분말,해찬솔,25000
해찬솔,산수유추출분말,스프레이분말,국산,타공급사 보유,확실,적재,산수유추출분말,새롬비앤에프,35000
해찬솔,산수유추출분말,스프레이분말,국산,★공급사 미상 → 후보,높음,적재,산수유추출분말',공급사 미상(source21),35000
해찬솔,산조인추출분말,스프레이분말,중국산,신규(DB에 없음),,적재,,,
해찬솔,삼백초추출분말,스프레이분말,국산,신규(DB에 없음),,적재,,,
해찬솔,상추추출분말,스프레이분말,국산,신규(DB에 없음),,적재,,,
해찬솔,상황버섯추출분말,스프레이분말,중국산,신규(DB에 없음),,적재,,,
해찬솔,상황버섯추출분말H,스프레이분말,국산,신규(DB에 없음),,적재,,,
해찬솔,새싹귀리추출분말,스프레이분말,국산,동일공급사 기등록,확실,적재,새싹귀리추출분말,해찬솔,16000
해찬솔,새싹보리추출분말H,스프레이분말,국산,★공급사 미상 → 후보,높음,적재,새싹보리추출분말,공급사 미상(source21),29000
해찬솔,생강추출분말,스프레이분말,국산,동일공급사 기등록,확실,적재,생강추출분말,해찬솔,22000
해찬솔,생강추출분말,스프레이분말,국산,타공급사 보유,확실,적재,생강추출분말,하이베이스,28000
해찬솔,생강추출분말,스프레이분말,국산,타공급사 보유,확실,적재,생강추출분말,새롬비앤에프,40000
해찬솔,생강추출액분말,스프레이분말,국산,동일공급사 기등록,확실,적재,생강추출액분말,해찬솔,21000
해찬솔,샤인머스캣혼합농축분말,스프레이분말,혼용,신규(DB에 없음),,적재,,,
해찬솔,서트푸드,스프레이분말,혼용,신규(DB에 없음),,적재,,,
해찬솔,석류농축분말HCS-4567,스프레이분말,이란산,신규(DB에 없음),,적재,,,
해찬솔,석류농축분말K,스프레이분말,이란산,신규(DB에 없음),,적재,,,
해찬솔,석류농축분말S,스프레이분말,이란산,신규(DB에 없음),,적재,,,
해찬솔,석류농축분말T,스프레이분말,터키,신규(DB에 없음),,적재,,,
해찬솔,석류착즙분말,스프레이분말,터키산,신규(DB에 없음),,적재,,,
해찬솔,석창포추출분말,스프레이분말,중국산,신규(DB에 없음),,적재,,,
해찬솔,세븐베리농축분말,스프레이분말,혼용,신규(DB에 없음),,적재,,,
해찬솔,세이지추출분말,스프레이분말,터키산,신규(DB에 없음),,적재,,,
해찬솔,셀러리추출분말,스프레이분말,국산,신규(DB에 없음),,적재,,,
해찬솔,솔잎추출분말,스프레이분말,국산,신규(DB에 없음),,적재,,,
해찬솔,수국잎열수추출분말,스프레이분말,국산,동일공급사 기등록,확실,적재,수국잎 열수 추출분말,해찬솔,50000
해찬솔,수국잎열수추출분말,스프레이분말,국산,타공급사 보유,확실,적재,수국잎 열수 추출분말,하이베이스,52000
해찬솔,수국잎열수추출분말,스프레이분말,국산,타공급사 보유,확실,적재,수국잎 열수 추출분말,하이베이스,16000
해찬솔,수박과피추출분말,스프레이분말,국산,★공급사 미상 → 후보,확실,적재,수박과피추출분말,공급사 미상(source21),99000
해찬솔,수박과피추출분말,스프레이분말,국산,타공급사 보유,확실,적재,수박과피추출분말,하이베이스,95000
해찬솔,수박과피추출분말,스프레이분말,국산,동일공급사 기등록,보통,적재,수박과피,해찬솔,21000
해찬솔,수박추출분말,스프레이분말,국산,신규(DB에 없음),,적재,,,
해찬솔,숙지황추출분말,스프레이분말,국산,★공급사 미상 → 후보,확실,적재,숙지황추출분말,공급사 미상(source21),38000
해찬솔,숙지황추출분말,스프레이분말,국산,★공급사 미상 → 후보,확실,적재,숙지황추출분말,공급사 미상(source21),40000
해찬솔,숙지황추출분말,스프레이분말,국산,타공급사 보유,확실,적재,숙지황추출분말,하이베이스,38000
해찬솔,숙지황추출분말,스프레이분말,국산,타공급사 보유,확실,적재,숙지황추출분말,선일에프앤씨,24300
해찬솔,숙지황추출분말,스프레이분말,국산,타공급사 보유,확실,적재,숙지황추출분말,하이베이스,40000
해찬솔,시금치추출분말,스프레이분말,국산,신규(DB에 없음),,적재,,,
해찬솔,식물혼합추출농축분말K,스프레이분말,혼용,신규(DB에 없음),,적재,,,
해찬솔,식물혼합추출분말,스프레이분말,국산/수입산,신규(DB에 없음),,적재,,,
해찬솔,쌍화농축분말H,스프레이분말,혼용,신규(DB에 없음),,적재,,,
해찬솔,쌍화농축분말S,스프레이분말,혼용,신규(DB에 없음),,적재,,,
해찬솔,쌍화농축액분말,스프레이분말,혼용,신규(DB에 없음),,적재,,,
해찬솔,쑥부쟁이추출분말,스프레이분말,국산,신규(DB에 없음),,적재,,,
해찬솔,쑥추출분말,스프레이분말,국산,★공급사 미상 → 후보,높음,적재,인진쑥추출분말,공급사 미상(source21),32000
해찬솔,아로니아농축분말,스프레이분말,폴란드산,타공급사 보유,확실,적재,아로니아농축분말,하이베이스,17000
해찬솔,아로니아농축분말,스프레이분말,폴란드산,동일공급사 기등록,확실,적재,아로니아농축분말,해찬솔,15500
해찬솔,아사이베리혼합분말,스프레이분말,브라질산,신규(DB에 없음),,적재,,,
해찬솔,아삭이오이고추추출분말,스프레이분말,국산,신규(DB에 없음),,적재,,,
해찬솔,아스파라거스추출분말H,스프레이분말,중국산,★공급사 미상 → 후보,높음,적재,아스파라거스추출분말,공급사 미상(source21),65000
해찬솔,아스파라거스추출분말H,스프레이분말,중국산,타공급사 보유,높음,적재,아스파라거스추출분말,하이베이스,65000
해찬솔,아카시아꿀분말,스프레이분말,국산,★공급사 미상 → 후보,높음,적재,아카시아꿀,공급사 미상(source21),10000
해찬솔,애플망고추출분말,스프레이분말,페루산,신규(DB에 없음),,적재,,,
해찬솔,애플민트추출분말,스프레이분말,국산,신규(DB에 없음),,적재,,,
해찬솔,약쑥추출분말,스프레이분말,국산,신규(DB에 없음),,적재,,,
해찬솔,양배추추출분말,스프레이분말,국산,신규(DB에 없음),,적재,,,
해찬솔,어성초추출분말,스프레이분말,중국산,★공급사 미상 → 후보,확실,적재,어성초추출분말,공급사 미상(source21),50000
해찬솔,어성초추출분말,스프레이분말,중국산,★공급사 미상 → 후보,확실,적재,어성초추출분말,공급사 미상(source21),16000
해찬솔,어성초추출분말,스프레이분말,중국산,타공급사 보유,확실,적재,어성초추출분말,엘본에이치앤비,50000
해찬솔,어성초추출분말,스프레이분말,국산,★공급사 미상 → 후보,확실,적재,어성초추출분말,공급사 미상(source21),50000
해찬솔,어성초추출분말,스프레이분말,국산,★공급사 미상 → 후보,확실,적재,어성초추출분말,공급사 미상(source21),16000
해찬솔,어성초추출분말,스프레이분말,국산,타공급사 보유,확실,적재,어성초추출분말,엘본에이치앤비,50000
해찬솔,얼그레이홍차추출분말,스프레이분말,스리랑카산,★공급사 미상 → 후보,보통,적재,홍차추출분말(얼그레이),공급사 미상(source21),16000
해찬솔,얼그레이홍차추출분말,스프레이분말,스리랑카산,★공급사 미상 → 후보,보통,적재,홍차추출분말(우바),공급사 미상(source21),45000
해찬솔,엄나무추출분말,스프레이분말,국산,신규(DB에 없음),,적재,,,
해찬솔,엄나무추출분말K,스프레이분말,국산,신규(DB에 없음),,적재,,,
해찬솔,엘더베리농축분말,스프레이분말,오스트리아산,동일공급사 기등록,확실,적재,엘더베리농축분말,해찬솔,20000
해찬솔,여주추출분말,스프레이분말,국산,신규(DB에 없음),,적재,,,
해찬솔,연자육추출분말,스프레이분말,베트남산,★공급사 미상 → 후보,확실,적재,연자육추출분말,공급사 미상(source21),31000
해찬솔,연자육추출분말,스프레이분말,베트남산,타공급사 보유,확실,적재,연자육추출분말,하이베이스,31000
해찬솔,열대과일혼합농축분말,스프레이분말,이스라엘산,신규(DB에 없음),,적재,,,
해찬솔,영지추출분말,스프레이분말,국산,신규(DB에 없음),,적재,,,
해찬솔,오디농축분말,스프레이분말,국산,★공급사 미상 → 후보,확실,적재,오디농축분말,공급사 미상(source21),32000
해찬솔,오렌지농축분말HCS,스프레이분말,스페인산,★공급사 미상 → 후보,높음,적재,오렌지농축분말,공급사 미상(source21),15000
해찬솔,오렌지농축분말HCS,스프레이분말,스페인산,★공급사 미상 → 후보,높음,적재,오렌지농축분말,공급사 미상(source21),18000
해찬솔,오렌지농축분말HCS,스프레이분말,스페인산,동일공급사 기등록,높음,적재,오렌지농축분말,해찬솔,15000
해찬솔,오렌지농축분말HCS,스프레이분말,스페인산,타공급사 보유,높음,적재,오렌지농축분말,새롬비앤에프,15000
해찬솔,오렌지농축분말HCS,스프레이분말,스페인산,타공급사 보유,높음,적재,오렌지농축분말,하이베이스,18000
해찬솔,오렌지농축분말L,스프레이분말,스페인산,★공급사 미상 → 후보,높음,적재,오렌지농축분말,공급사 미상(source21),15000
해찬솔,오렌지농축분말L,스프레이분말,스페인산,★공급사 미상 → 후보,높음,적재,오렌지농축분말,공급사 미상(source21),18000
해찬솔,오렌지농축분말L,스프레이분말,스페인산,동일공급사 기등록,높음,적재,오렌지농축분말,해찬솔,15000
해찬솔,오렌지농축분말L,스프레이분말,스페인산,타공급사 보유,높음,적재,오렌지농축분말,새롬비앤에프,15000
해찬솔,오렌지농축분말L,스프레이분말,스페인산,타공급사 보유,높음,적재,오렌지농축분말,하이베이스,18000
해찬솔,오미자추출분말,스프레이분말,국산,★공급사 미상 → 후보,확실,적재,오미자추출분말,공급사 미상(source21),34000
해찬솔,오미자추출분말,스프레이분말,국산,★공급사 미상 → 후보,확실,적재,오미자추출분말,공급사 미상(source21),19000
해찬솔,오자농축분말,스프레이분말,중국산,신규(DB에 없음),,적재,,,
해찬솔,옥수수수염추출분말,스프레이분말,국산,★공급사 미상 → 후보,확실,적재,옥수수수염추출분말,공급사 미상(source21),25000
해찬솔,옥수수수염추출분말,스프레이분말,국산,동일공급사 기등록,확실,적재,옥수수수염추출분말,해찬솔,25000
해찬솔,옥수수수염추출분말,스프레이분말,국산,★공급사 미상 → 후보,보통,적재,옥수수수염,공급사 미상(source21),42000
해찬솔,옥수수수염추출분말H,스프레이분말,국산,★공급사 미상 → 후보,높음,적재,옥수수수염추출분말,공급사 미상(source21),25000
해찬솔,옥수수수염추출분말H,스프레이분말,국산,동일공급사 기등록,높음,적재,옥수수수염추출분말,해찬솔,25000
해찬솔,옥수수수염추출분말H,스프레이분말,국산,★공급사 미상 → 후보,보통,적재,옥수수수염,공급사 미상(source21),42000
해찬솔,옥수수추출분말,스프레이분말,국산,★공급사 미상 → 후보,확실,적재,옥수수추출분말,공급사 미상(source21),15000
해찬솔,옥수수추출분말,스프레이분말,국산,동일공급사 기등록,확실,적재,옥수수추출분말,해찬솔,15000
해찬솔,올리브잎추출분말,스프레이분말,튀니지산,★공급사 미상 → 후보,확실,적재,올리브잎추출분말,공급사 미상(source21),35000
해찬솔,우롱차추출분말,스프레이분말,중국산,신규(DB에 없음),,적재,,,
해찬솔,우바홍차추출분말,스프레이분말,스리랑카산,★공급사 미상 → 후보,높음,적재,홍차추출분말(얼그레이),공급사 미상(source21),16000
해찬솔,우바홍차추출분말,스프레이분말,스리랑카산,★공급사 미상 → 후보,높음,적재,홍차추출분말(우바),공급사 미상(source21),45000
해찬솔,우바홍차추출분말H,스프레이분말,스리랑카산,★공급사 미상 → 후보,보통,적재,홍차추출분말(얼그레이),공급사 미상(source21),16000
해찬솔,우바홍차추출분말H,스프레이분말,스리랑카산,★공급사 미상 → 후보,보통,적재,홍차추출분말(우바),공급사 미상(source21),45000
해찬솔,우슬추출분말,스프레이분말,국산,타공급사 보유,확실,적재,우슬추출분말,올담식품,22500
해찬솔,우엉농축분말,스프레이분말,국산,타공급사 보유,확실,적재,우엉농축분말,올담식품,21500
해찬솔,울금농축분말K,스프레이분말,국산,신규(DB에 없음),,적재,,,
해찬솔,울금추출분말,스프레이분말,인도네시아산,★공급사 미상 → 후보,확실,적재,울금추출분말,공급사 미상(source21),29000
해찬솔,울금추출분말H,스프레이분말,국산,★공급사 미상 → 후보,높음,적재,울금추출분말,공급사 미상(source21),29000
해찬솔,유근피추출분말,스프레이분말,국산,★공급사 미상 → 후보,확실,적재,유근피추출분말,공급사 미상(source21),75000
해찬솔,유근피추출분말,스프레이분말,국산,★공급사 미상 → 후보,확실,적재,유근피추출분말,공급사 미상(source21),50000
해찬솔,유자과즙분말,스프레이분말,국산,★공급사 미상 → 후보,확실,적재,유자과즙분말,공급사 미상(source21),29000
해찬솔,유자과즙분말,스프레이분말,국산,★공급사 미상 → 후보,확실,적재,유자과즙분말,공급사 미상(source21),28000
해찬솔,유자과즙분말,스프레이분말,국산,동일공급사 기등록,확실,적재,유자과즙분말,해찬솔,29000
해찬솔,유자과즙분말,스프레이분말,국산,타공급사 보유,확실,적재,유자과즙분말,하이베이스,28000
해찬솔,율무추출분말,스프레이분말,국산,신규(DB에 없음),,적재,,,
해찬솔,은행추출분말,스프레이분말,국산,신규(DB에 없음),,적재,,,
해찬솔,인동덩굴추출분말,스프레이분말,국산,신규(DB에 없음),,적재,,,
해찬솔,인삼추출분말,스프레이분말,국산,신규(DB에 없음),,적재,,,
해찬솔,자두농축분말,스프레이분말,칠레산,신규(DB에 없음),,적재,,,
해찬솔,자몽과즙분말,스프레이분말,미국,신규(DB에 없음),,적재,,,
해찬솔,자몽농축분말,스프레이분말,이스라엘산,신규(DB에 없음),,적재,,,
해찬솔,자몽농축분말HCS,스프레이분말,스페인산,신규(DB에 없음),,적재,,,
해찬솔,자몽추출분말,스프레이분말,스페인산,신규(DB에 없음),,적재,,,
해찬솔,작약추출분말,스프레이분말,국산,타공급사 보유,확실,적재,작약추출분말,올담식품,15000
해찬솔,작약추출분말,스프레이분말,국산,★공급사 미상 → 후보,높음,적재,백작약추출분말,공급사 미상(source21),20000
해찬솔,잔대농축분말,스프레이분말,중국산,신규(DB에 없음),,적재,,,
해찬솔,쟈스민추출분말,스프레이분말,중국산,신규(DB에 없음),,적재,,,
해찬솔,적포도농축분말,스프레이분말,칠레산,신규(DB에 없음),,적재,,,
해찬솔,진득찰추출분말,스프레이분말,국산,신규(DB에 없음),,적재,,,
해찬솔,진피엑기스분말,스프레이분말,국산,동일공급사 기등록,확실,적재,진피엑기스분말,해찬솔,23000
해찬솔,질경이추출분말,스프레이분말,국산,신규(DB에 없음),,적재,,,
해찬솔,차가버섯추출물분말-30,스프레이분말,러시아산,신규(DB에 없음),,적재,,,
해찬솔,차전자피추출분말,스프레이분말,인도산,타공급사 보유,보통,적재,차전자피(직수입),ambe,13000
해찬솔,차즈기추출분말H,스프레이분말,국산,★공급사 미상 → 후보,높음,적재,차즈기추출분말,공급사 미상(source21),16000
해찬솔,차즈기추출분말H,스프레이분말,국산,★공급사 미상 → 후보,높음,적재,차즈기추출분말,공급사 미상(source21),18000
해찬솔,참당귀추출분말H,스프레이분말,국산,★공급사 미상 → 후보,높음,적재,당귀추출분말,공급사 미상(source21),24000
해찬솔,천궁추출분말,스프레이분말,국산,신규(DB에 없음),,적재,,,
해찬솔,청(풋)사과농축분말,스프레이분말,칠레산,타공급사 보유,확실,적재,청사과농축분말,새롬비앤에프,15000
해찬솔,청(풋)사과농축분말,스프레이분말,칠레산,★공급사 미상 → 후보,높음,적재,사과농축분말(풋),공급사 미상(source21),14000
해찬솔,청(풋)사과농축분말,스프레이분말,칠레산,★공급사 미상 → 후보,높음,적재,사과농축분말(청),공급사 미상(source21),15000
해찬솔,청(풋)사과농축분말,스프레이분말,칠레산,동일공급사 기등록,높음,적재,사과 농축분말,해찬솔,14000
해찬솔,청(풋)사과농축분말,스프레이분말,칠레산,타공급사 보유,높음,적재,사과 농축분말,새롬비앤에프,15000
해찬솔,청(풋)사과농축분말,스프레이분말,칠레산,타공급사 보유,높음,적재,사과농축분말,하이베이스,16000
해찬솔,청(풋)사과농축분말,스프레이분말,칠레산,타공급사 보유,높음,적재,사과농축분말(SR-20395),하이베이스,18000
해찬솔,청귤농축분말H,스프레이분말,이탈리아산,신규(DB에 없음),,적재,,,
해찬솔,청포도농축분말,스프레이분말,아르헨티나산,★공급사 미상 → 후보,확실,적재,청포도농축분말,공급사 미상(source21),15000
해찬솔,청포도농축분말,스프레이분말,아르헨티나산,동일공급사 기등록,확실,적재,청포도 농축분말,해찬솔,15000
해찬솔,청포도농축분말,스프레이분말,아르헨티나산,타공급사 보유,확실,적재,청포도 농축분말,새롬비앤에프,15000
해찬솔,청포도농축분말H,스프레이분말,칠레산,★공급사 미상 → 후보,높음,적재,청포도농축분말,공급사 미상(source21),15000
해찬솔,청포도농축분말H,스프레이분말,칠레산,동일공급사 기등록,높음,적재,청포도 농축분말,해찬솔,15000
해찬솔,청포도농축분말H,스프레이분말,칠레산,타공급사 보유,높음,적재,청포도 농축분말,새롬비앤에프,15000
해찬솔,초당옥수수추출분말,스프레이분말,국산,★공급사 미상 → 후보,높음,적재,옥수수추출분말,공급사 미상(source21),15000
해찬솔,초당옥수수추출분말,스프레이분말,국산,동일공급사 기등록,높음,적재,옥수수추출분말,해찬솔,15000
해찬솔,치자농축분말,스프레이분말,중국산,타공급사 보유,확실,적재,치자 농축분말,하이베이스,27000
해찬솔,치자농축분말,스프레이분말,중국산,동일공급사 기등록,확실,적재,치자농축분말,해찬솔,23000
해찬솔,치자농축분말,스프레이분말,중국산,타공급사 보유,보통,적재,치자농축분말/ 치자농축액,하이베이스,25000
해찬솔,치커리추출분말,스프레이분말,국산,신규(DB에 없음),,적재,,,
해찬솔,침향추출분말,스프레이분말,인도네시아산,신규(DB에 없음),,적재,,,
해찬솔,카르다몸추출분말,스프레이분말,과테말라산,신규(DB에 없음),,적재,,,
해찬솔,칸탈로프멜론분말,스프레이분말,이탈리아산,신규(DB에 없음),,적재,,,
해찬솔,캐모마일추출분말,스프레이분말,크로아티아,신규(DB에 없음),,적재,,,
해찬솔,케일추출분말,스프레이분말,국산,타공급사 보유,확실,적재,케일추출분말,하이베이스,18000
해찬솔,콜리플라워추출분말,스프레이분말,스페인산,신규(DB에 없음),,적재,,,
해찬솔,콤부차분말,스프레이분말,스리랑카산,★공급사 미상 → 후보,보통,적재,콤부차,공급사 미상(source21),25000
해찬솔,콩코드포도농축분말,스프레이분말,미국산,신규(DB에 없음),,적재,,,
해찬솔,크랜베리농축분말H,스프레이분말,독일산,신규(DB에 없음),,적재,,,
해찬솔,키위농축분말,스프레이분말,뉴질랜드산,신규(DB에 없음),,적재,,,
해찬솔,타트체리농축분말K,스프레이분말,터키산,신규(DB에 없음),,적재,,,
해찬솔,타히보추출분말,스프레이분말,브라질산,신규(DB에 없음),,적재,,,
해찬솔,토마토추출분말,스프레이분말,칠레산,★공급사 미상 → 후보,확실,적재,토마토추출분말(건식원료)(액상),공급사 미상(source21),600000
해찬솔,토마토추출분말,스프레이분말,칠레산,★공급사 미상 → 후보,확실,적재,토마토추출분말(건식원료)(액상),공급사 미상(source21),350000
해찬솔,토마토추출분말,스프레이분말,칠레산,동일공급사 기등록,확실,적재,토마토 추출분말,해찬솔,15000
해찬솔,토마토추출분말,스프레이분말,칠레산,타공급사 보유,확실,적재,토마토 추출분말,하이베이스,17000
해찬솔,토마토추출분말,스프레이분말,칠레산,동일공급사 기등록,확실,적재,토마토추출분말,해찬솔,15000
해찬솔,토마토추출분말,스프레이분말,칠레산,타공급사 보유,높음,적재,화이트토마토추출분말,하이베이스,350000
해찬솔,토사자추출분말,스프레이분말,중국산,신규(DB에 없음),,적재,,,
해찬솔,파인애플농축분말,스프레이분말,필리핀산,신규(DB에 없음),,적재,,,
해찬솔,파인애플농축분말,스프레이분말,태국산,신규(DB에 없음),,적재,,,
해찬솔,파인애플초모식초분말,스프레이분말,인도네시아산,신규(DB에 없음),,적재,,,
해찬솔,파인애플추출분말,스프레이분말,필리핀산,신규(DB에 없음),,적재,,,
해찬솔,파인애플추출분말,스프레이분말,태국산,신규(DB에 없음),,적재,,,
해찬솔,파파야추출분말,스프레이분말,필리핀산,신규(DB에 없음),,적재,,,
해찬솔,팥순추출분말,스프레이분말,국산,신규(DB에 없음),,적재,,,
해찬솔,팥추출분말,스프레이분말,국산,동일공급사 기등록,확실,적재,팥추출분말(HCS-6487),해찬솔,16500
해찬솔,패션프루츠주스분말,스프레이분말,베트남산,신규(DB에 없음),,적재,,,
해찬솔,페퍼민트추출분말,스프레이분말,이집트산,동일공급사 기등록,확실,적재,페퍼민트추출분말,해찬솔,17000
해찬솔,표고버섯추출분말H,스프레이분말,국산,신규(DB에 없음),,적재,,,
해찬솔,푸룬농축분말,스프레이분말,미국산,★공급사 미상 → 후보,확실,적재,푸룬농축분말,공급사 미상(source21),19000
해찬솔,푸룬농축분말,스프레이분말,미국산,타공급사 보유,확실,적재,푸룬농축분말,하이베이스,6000
해찬솔,핑거루트추출분말,스프레이분말,인도네시아산,★공급사 미상 → 후보,확실,적재,핑거루트 추출분말(개별인정형),공급사 미상(source21),330000
해찬솔,핑거루트추출분말,스프레이분말,인도네시아산,★공급사 미상 → 후보,확실,적재,핑거루트추출분말,공급사 미상(source21),300000
해찬솔,핑거루트추출분말,스프레이분말,인도네시아산,타공급사 보유,확실,적재,핑거루트추출분말(판두라틴),뉴트리,320000
해찬솔,핑거루트추출분말,스프레이분말,인도네시아산,타공급사 보유,확실,적재,핑거루트추출분말(판두라틴),하이베이스,30000
해찬솔,핑거루트추출분말,스프레이분말,인도네시아산,타공급사 보유,확실,적재,핑거루트추출분말(판두라틴),하이베이스,13000
해찬솔,한라봉농축분말,스프레이분말,국산,신규(DB에 없음),,적재,,,
해찬솔,함초추출분말,스프레이분말,국산,신규(DB에 없음),,적재,,,
해찬솔,허니부쉬추출분말,스프레이분말,남아공산,신규(DB에 없음),,적재,,,
해찬솔,허브혼합추출분말,스프레이분말,혼용,신규(DB에 없음),,적재,,,
해찬솔,헛개나무열매추출분말,스프레이분말,중국산,타공급사 보유,확실,적재,헛개나무 열매 추출분말,하이베이스,23000
해찬솔,헛개나무열매추출분말,스프레이분말,국산,타공급사 보유,확실,적재,헛개나무 열매 추출분말,하이베이스,23000
해찬솔,호박씨추출분말,스프레이분말,국산,신규(DB에 없음),,적재,,,
해찬솔,호박추출분말,스프레이분말,국산,동일공급사 기등록,확실,적재,호박 추출분말,해찬솔,15500
해찬솔,호박추출분말,스프레이분말,국산,★공급사 미상 → 후보,높음,적재,단호박추출분말,공급사 미상(source21),15000
해찬솔,호박추출분말,스프레이분말,국산,동일공급사 기등록,높음,적재,단호박추출분말,해찬솔,15000
해찬솔,호박혼합추출분말B,스프레이분말,혼용,신규(DB에 없음),,적재,,,
해찬솔,홍국발효구기자분말,스프레이분말,국산,동일공급사 기등록,확실,적재,홍국발효 구기자 분말,해찬솔,32000
해찬솔,홍국발효구기자분말,스프레이분말,국산,★공급사 미상 → 후보,보통,적재,구기자분말,공급사 미상(source21),65000
해찬솔,홍국발효구기자분말,스프레이분말,국산,타공급사 보유,보통,적재,구기자분말,바이오케어,46000
해찬솔,홍국발효구기자분말,스프레이분말,국산,타공급사 보유,보통,적재,구기자분말,바이오케어,17000
해찬솔,홍국발효구기자분말,스프레이분말,국산,타공급사 보유,보통,적재,홍국발효구기자분말 hcs-7759,엘본에이치앤비,35000
해찬솔,홍국발효여주추출분말,스프레이분말,국산,신규(DB에 없음),,적재,,,
해찬솔,홍삼추출분말,스프레이분말,국산,동일공급사 기등록,확실,적재,홍삼추출분말,해찬솔,15000
해찬솔,홍화씨추출분말,스프레이분말,국산,신규(DB에 없음),,적재,,,
해찬솔,황기추출분말,스프레이분말,국산,동일공급사 기등록,확실,적재,황기추출분말,해찬솔,21000
해찬솔,황기추출분말,스프레이분말,국산,동일공급사 기등록,확실,적재,황기추출분말,해찬솔,23000
해찬솔,황칠농축분말,스프레이분말,국산,신규(DB에 없음),,적재,,,
해찬솔,흑마늘농축분말,스프레이분말,국산,신규(DB에 없음),,적재,,,
해찬솔,히비스커스추출분말,스프레이분말,이집트산,★공급사 미상 → 후보,확실,적재,히비스커스추출분말,공급사 미상(source21),80000
해찬솔,감귤향분말,S/D향분말,,신규(DB에 없음),,적재,,,
해찬솔,계피향분말,S/D향분말,,신규(DB에 없음),,적재,,,
해찬솔,구운감자향분말,S/D향분말,,신규(DB에 없음),,적재,,,
해찬솔,군고구마향분말,S/D향분말,,신규(DB에 없음),,적재,,,
해찬솔,누룽지향분말,S/D향분말,,신규(DB에 없음),,적재,,,
해찬솔,단호박향분말,S/D향분말,,신규(DB에 없음),,적재,,,
해찬솔,대추향분말,S/D향분말,,신규(DB에 없음),,적재,,,
해찬솔,딸기향분말,S/D향분말,,타공급사 보유,확실,적재,딸기향분말,올담식품,19000
해찬솔,딸기향분말,S/D향분말,,★공급사 미상 → 후보,보통,적재,딸기향,공급사 미상(source21),11000
해찬솔,땅콩향분말,S/D향분말,,신규(DB에 없음),,적재,,,
해찬솔,라임향분말H,S/D향분말,,신규(DB에 없음),,적재,,,
해찬솔,라즈베리향분말,S/D향분말,,신규(DB에 없음),,적재,,,
해찬솔,레몬향분말H,S/D향분말,,★공급사 미상 → 후보,높음,적재,레몬향분말,공급사 미상(source21),25000
해찬솔,망고향분말,S/D향분말,,신규(DB에 없음),,적재,,,
해찬솔,매실향분말,S/D향분말,,동일공급사 기등록,확실,적재,매실향분말,해찬솔,24000
해찬솔,매실향분말,S/D향분말,,타공급사 보유,확실,적재,매실향분말,새롬비앤에프,30000
해찬솔,메론향분말,S/D향분말,,신규(DB에 없음),,적재,,,
해찬솔,메론향분말H,S/D향분말,,신규(DB에 없음),,적재,,,
해찬솔,모과향분말,S/D향분말,,신규(DB에 없음),,적재,,,
해찬솔,미숫가루향분말,S/D향분말,,신규(DB에 없음),,적재,,,
해찬솔,밀크향분말,S/D향분말,,신규(DB에 없음),,적재,,,
해찬솔,바나나향분말,S/D향분말,,신규(DB에 없음),,적재,,,
해찬솔,바닐라향분말,S/D향분말,,신규(DB에 없음),,적재,,,
해찬솔,벌꿀향분말,S/D향분말,,신규(DB에 없음),,적재,,,
해찬솔,복숭아향분말,S/D향분말,,신규(DB에 없음),,적재,,,
해찬솔,복숭아향분말H,S/D향분말,,신규(DB에 없음),,적재,,,
해찬솔,블루베리향분말,S/D향분말,,신규(DB에 없음),,적재,,,
해찬솔,사과향분말,S/D향분말,,★공급사 미상 → 후보,보통,적재,사과향,공급사 미상(source21),45000
해찬솔,사이다향분말,S/D향분말,,신규(DB에 없음),,적재,,,
해찬솔,샤인머스캣향분말,S/D향분말,,★공급사 미상 → 후보,확실,적재,샤인머스캣향분말,공급사 미상(source21),22000
해찬솔,샤인머스캣향분말,S/D향분말,,★공급사 미상 → 후보,확실,적재,샤인머스캣향분말,공급사 미상(source21),30000
해찬솔,석류향분말,S/D향분말,,★공급사 미상 → 후보,확실,적재,석류향분말,공급사 미상(source21),24000
해찬솔,수박향분말,S/D향분말,,신규(DB에 없음),,적재,,,
해찬솔,쌍화향분말,S/D향분말,,신규(DB에 없음),,적재,,,
해찬솔,애플민트향분말,S/D향분말,,신규(DB에 없음),,적재,,,
해찬솔,열대과일향분말,S/D향분말,,신규(DB에 없음),,적재,,,
해찬솔,오렌지향분말,S/D향분말,,신규(DB에 없음),,적재,,,
해찬솔,옥수수향분말,S/D향분말,,신규(DB에 없음),,적재,,,
해찬솔,옥수수향분말H,S/D향분말,,신규(DB에 없음),,적재,,,
해찬솔,요거트향분말,S/D향분말,,신규(DB에 없음),,적재,,,
해찬솔,요구르트향분말,S/D향분말,,타공급사 보유,확실,적재,요구르트향분말,올담식품,20000
해찬솔,유자향분말,S/D향분말,,동일공급사 기등록,확실,적재,유자향분말,해찬솔,24500
해찬솔,유자향분말,S/D향분말,,타공급사 보유,확실,적재,유자향분말,새롬비앤에프,25000
해찬솔,인절미향분말,S/D향분말,,신규(DB에 없음),,적재,,,
해찬솔,자두향분말,S/D향분말,,신규(DB에 없음),,적재,,,
해찬솔,자몽향분말,S/D향분말,,신규(DB에 없음),,적재,,,
해찬솔,천연곡물향분말,S/D향분말,,신규(DB에 없음),,적재,,,
해찬솔,천연딸기향분말,S/D향분말,,타공급사 보유,높음,적재,딸기향분말,올담식품,19000
해찬솔,천연라즈베리향분말,S/D향분말,,신규(DB에 없음),,적재,,,
해찬솔,천연레몬향분말,S/D향분말,,★공급사 미상 → 후보,높음,적재,레몬향분말,공급사 미상(source21),25000
해찬솔,천연바나나향분말,S/D향분말,,신규(DB에 없음),,적재,,,
해찬솔,천연요구르트향분말,S/D향분말,,타공급사 보유,높음,적재,요구르트향분말,올담식품,20000
해찬솔,천연자몽향분말,S/D향분말,,신규(DB에 없음),,적재,,,
해찬솔,천연체리향분말,S/D향분말,,신규(DB에 없음),,적재,,,
해찬솔,청포도향분말,S/D향분말,,신규(DB에 없음),,적재,,,
해찬솔,청포도향분말HCS,S/D향분말,,신규(DB에 없음),,적재,,,
해찬솔,체리향분말,S/D향분말,,신규(DB에 없음),,적재,,,
해찬솔,초코향분말,S/D향분말,,★공급사 미상 → 후보,확실,적재,초코향분말,공급사 미상(source21),23000
해찬솔,초코향분말,S/D향분말,,★공급사 미상 → 후보,확실,적재,초코향분말,공급사 미상(source21),30500
해찬솔,초코향분말,S/D향분말,,타공급사 보유,확실,적재,초코향분말,새롬비앤에프,23000
해찬솔,초코향분말,S/D향분말,,동일공급사 기등록,확실,적재,초코향분말,해찬솔,30500
해찬솔,초코향분말,S/D향분말,,타공급사 보유,높음,적재,초코향분말01,올담식품,30500
해찬솔,카라멜향분말HCS,S/D향분말,,신규(DB에 없음),,적재,,,
해찬솔,커피향분말,S/D향분말,,타공급사 보유,확실,적재,커피향분말,올담식품,32000
해찬솔,쿠키앤크림향분말,S/D향분말,,신규(DB에 없음),,적재,,,
해찬솔,크랜베리향분말,S/D향분말,,신규(DB에 없음),,적재,,,
해찬솔,키위향분말,S/D향분말,,신규(DB에 없음),,적재,,,
해찬솔,파인애플향분말,S/D향분말,,신규(DB에 없음),,적재,,,
해찬솔,패션후르츠향분말,S/D향분말,,신규(DB에 없음),,적재,,,
해찬솔,페퍼민트향분말,S/D향분말,,신규(DB에 없음),,적재,,,
해찬솔,포도향분말,S/D향분말,,신규(DB에 없음),,적재,,,
해찬솔,풋사과향분말,S/D향분말,,★공급사 미상 → 후보,보통,적재,사과향,공급사 미상(source21),45000
해찬솔,풋사과향분말H,S/D향분말,,신규(DB에 없음),,적재,,,
해찬솔,헤이즐넛향분말,S/D향분말,,신규(DB에 없음),,적재,,,
해찬솔,호두향분말A,S/D향분말,,신규(DB에 없음),,적재,,,
해찬솔,홍삼향분말,S/D향분말,,신규(DB에 없음),,적재,,,
해찬솔,홍차향분말,S/D향분말,,신규(DB에 없음),,적재,,,
해찬솔,히비스커스향분말,S/D향분말,,신규(DB에 없음),,적재,,,
해찬솔,고구마맛분말,맛분말,,타공급사 보유,보통,적재,고구마(자색),하이베이스,19000
해찬솔,깔라만시맛분말,맛분말,,신규(DB에 없음),,적재,,,
해찬솔,단호박맛분말S,맛분말,,신규(DB에 없음),,적재,,,
해찬솔,딸기맛분말HCS-5789,맛분말,,신규(DB에 없음),,적재,,,
해찬솔,레몬맛분말,맛분말,,신규(DB에 없음),,적재,,,
해찬솔,레몬맛콤부차분말,맛분말,,신규(DB에 없음),,적재,,,
해찬솔,레몬홍차맛분말,맛분말,,신규(DB에 없음),,적재,,,
해찬솔,망고맛분말,맛분말,,신규(DB에 없음),,적재,,,
해찬솔,멜론맛분말,맛분말,,신규(DB에 없음),,적재,,,
해찬솔,미숫가루맛분말,맛분말,,신규(DB에 없음),,적재,,,
해찬솔,밀크맛분말,맛분말,,신규(DB에 없음),,적재,,,
해찬솔,바나나맛분말,맛분말,,신규(DB에 없음),,적재,,,
해찬솔,바나나맛분말A,맛분말,,신규(DB에 없음),,적재,,,
해찬솔,바나나맛분말B,맛분말,,신규(DB에 없음),,적재,,,
해찬솔,바나나혼합분말,맛분말,,신규(DB에 없음),,적재,,,
해찬솔,바닐라맛분말,맛분말,,신규(DB에 없음),,적재,,,
해찬솔,박하맛분말,맛분말,,신규(DB에 없음),,적재,,,
해찬솔,베리믹스맛분말,맛분말,,신규(DB에 없음),,적재,,,
해찬솔,복숭아맛분말,맛분말,,신규(DB에 없음),,적재,,,
해찬솔,복숭아맛분말H-1,맛분말,,신규(DB에 없음),,적재,,,
해찬솔,복숭아홍차맛콤부차분말,맛분말,,신규(DB에 없음),,적재,,,
해찬솔,사과맛분말,맛분말,,신규(DB에 없음),,적재,,,
해찬솔,샤인머스캣맛분말H,맛분말,,신규(DB에 없음),,적재,,,
해찬솔,샤인머스캣콤부차분말,맛분말,,신규(DB에 없음),,적재,,,
해찬솔,석류맛분말,맛분말,,신규(DB에 없음),,적재,,,
해찬솔,스위트콘맛분말,맛분말,,신규(DB에 없음),,적재,,,
해찬솔,열대과일혼합맛분말,맛분말,,신규(DB에 없음),,적재,,,
해찬솔,열대과일혼합맛분말H,맛분말,,신규(DB에 없음),,적재,,,
해찬솔,오렌지맛분말,맛분말,,신규(DB에 없음),,적재,,,
해찬솔,요거트맛분말,맛분말,,신규(DB에 없음),,적재,,,
해찬솔,요구르트맛분말,맛분말,,타공급사 보유,높음,적재,요구르트맛분말-1,올담식품,10000
해찬솔,유자맛분말,맛분말,,신규(DB에 없음),,적재,,,
해찬솔,자두맛분말H,맛분말,,신규(DB에 없음),,적재,,,
해찬솔,자몽맛분말,맛분말,,신규(DB에 없음),,적재,,,
해찬솔,청(풋)사과맛분말,맛분말,,신규(DB에 없음),,적재,,,
해찬솔,청포도맛분말,맛분말,,신규(DB에 없음),,적재,,,
해찬솔,체리맛분말,맛분말,,신규(DB에 없음),,적재,,,
해찬솔,초코맛분말A,맛분말,,신규(DB에 없음),,적재,,,
해찬솔,커피맛분말,맛분말,,신규(DB에 없음),,적재,,,
해찬솔,쿠키맛분말H,맛분말,,신규(DB에 없음),,적재,,,
해찬솔,크랜베리맛분말,맛분말,,신규(DB에 없음),,적재,,,
해찬솔,키위맛분말,맛분말,,신규(DB에 없음),,적재,,,
해찬솔,타트체리콤부차분말,맛분말,,신규(DB에 없음),,적재,,,
해찬솔,파인애플맛분말,맛분말,,신규(DB에 없음),,적재,,,
해찬솔,패션후르츠맛분말A,맛분말,,신규(DB에 없음),,적재,,,
해찬솔,패션후르츠맛분말H,맛분말,,신규(DB에 없음),,적재,,,
해찬솔,포도맛분말,맛분말,,신규(DB에 없음),,적재,,,
태왕물산,ANHYDROUS CITRIC ACID (무수구연산),식품첨가물,오스트리아,신규(DB에 없음),,적재,,,
태왕물산,ANHYDROUS CITRIC ACID (무수구연산),식품첨가물,국산,신규(DB에 없음),,적재,,,
태왕물산,ASPATAME (아스파탐),식품첨가물,국산,신규(DB에 없음),,적재,,,
태왕물산,"AVICEL M101 (MCC,아비셀,미결정셀룰로오스)",식품첨가물,대만,신규(DB에 없음),,적재,,,
태왕물산,"AVICELM102 (MCC,아비셀,미결정셀룰로오스)",식품첨가물,대만,신규(DB에 없음),,적재,,,
태왕물산,CAL-LACTATE,식품첨가물,네덜란드,신규(DB에 없음),,적재,,,
태왕물산,CMC-CA(식),식품첨가물,국산,신규(DB에 없음),,적재,,,
태왕물산,CORN STARCH,식품첨가물,국산,신규(DB에 없음),,적재,,,
태왕물산,DHA 40%,식품첨가물,미국,신규(DB에 없음),,적재,,,
태왕물산,DHA 40% 오일,식품첨가물,미국,신규(DB에 없음),,적재,,,
태왕물산,EPA 및 DHA 함유 유지,식품첨가물,,신규(DB에 없음),,적재,,,
태왕물산,DL-α-TOCOPHEROL-ACETATE,식품첨가물,스위스,신규(DB에 없음),,적재,,,
태왕물산,D-α-TOCOPHEROL,식품첨가물,미국,신규(DB에 없음),,적재,,,
태왕물산,Fish Collagen 저분자피쉬콜라겐,식품첨가물,"국내제조, 수입",신규(DB에 없음),,적재,,,
태왕물산,피쉬콜라겐,식품첨가물,인도,타공급사 보유,확실,적재,피쉬콜라겐,세일인터내셔널,42000
태왕물산,피쉬콜라겐,식품첨가물,인도,타공급사 보유,보통,적재,저분자피쉬콜라겐,테이스트메이커코리아,34000
태왕물산,피쉬콜라겐,식품첨가물,인도,타공급사 보유,보통,적재,저분자피쉬콜라겐,테이스트메이커코리아,32000
태왕물산,피쉬콜라겐,식품첨가물,인도,타공급사 보유,보통,적재,저분자피쉬콜라겐,테이스트메이커코리아,29000
태왕물산,피쉬콜라겐,식품첨가물,인도,타공급사 보유,보통,적재,저분자피쉬콜라겐,테이스트메이커코리아,27000
태왕물산,피쉬콜라겐,식품첨가물,인도,★공급사 미상 → 후보,보통,적재,콜라겐(당근),공급사 미상(source21),70000
태왕물산,피쉬콜라겐,식품첨가물,인도,★공급사 미상 → 후보,보통,적재,콜라겐(비변성2형),공급사 미상(source21),7700000
태왕물산,피쉬콜라겐,식품첨가물,인도,★공급사 미상 → 후보,보통,적재,콜라겐(어린피쉬),공급사 미상(source21),36000
태왕물산,피쉬콜라겐,식품첨가물,인도,★공급사 미상 → 후보,보통,적재,콜라겐(어린피쉬),공급사 미상(source21),46000
태왕물산,피쉬콜라겐,식품첨가물,인도,★공급사 미상 → 후보,보통,적재,콜라겐(피쉬),공급사 미상(source21),24000
태왕물산,피쉬콜라겐,식품첨가물,인도,★공급사 미상 → 후보,보통,적재,콜라겐(피쉬),공급사 미상(source21),38000
태왕물산,피쉬콜라겐,식품첨가물,인도,★공급사 미상 → 후보,보통,적재,콜라겐(피쉬),공급사 미상(source21),29000
태왕물산,피쉬콜라겐,식품첨가물,인도,★공급사 미상 → 후보,보통,적재,콜라겐(피쉬),공급사 미상(source21),28000
태왕물산,피쉬콜라겐,식품첨가물,인도,타공급사 보유,보통,적재,피쉬콜라겐펩타이드,주영,55000
태왕물산,HPC-L CELNY,식품첨가물,일본,신규(DB에 없음),,적재,,,
태왕물산,HPMC AN6,식품첨가물,국산,★공급사 미상 → 후보,보통,적재,HPMC,공급사 미상(source21),18000
태왕물산,HPMC AN6(식품) Anyaddy,식품첨가물,중국,신규(DB에 없음),,적재,,,
태왕물산,HPMC-P,식품첨가물,국산,★공급사 미상 → 후보,보통,적재,HPMC,공급사 미상(source21),18000
태왕물산,HPMC-P(식),식품첨가물,국산,★공급사 미상 → 후보,보통,적재,HPMC,공급사 미상(source21),18000
태왕물산,LECITHIN (레시틴),식품첨가물,미국,신규(DB에 없음),,적재,,,
태왕물산,L-글루타민,식품첨가물,국산,★공급사 미상 → 후보,보통,적재,글루타민,공급사 미상(source21),16000
태왕물산,L-카르니친,식품첨가물,미국,신규(DB에 없음),,적재,,,
태왕물산,MCT 오일,식품첨가물,롯데푸드,신규(DB에 없음),,적재,,,
태왕물산,Mg Oxide (Light) 경질산화마그네슘,식품첨가물,일본,신규(DB에 없음),,적재,,,
태왕물산,"MG-STEARATE (제조: FACI, 스마그,스테아린산마그네슘)",식품첨가물,이탈리아,신규(DB에 없음),,적재,,,
태왕물산,"MG-STEARATE (제조: SUNACE, 스마그,스테아린산마그네슘)",식품첨가물,싱가포르,신규(DB에 없음),,적재,,,
태왕물산,Neo C-11(카르복시메틸셀룰로오스나트륨),식품첨가물,대만,신규(DB에 없음),,적재,,,
태왕물산,Neocel-11,식품첨가물,대만,신규(DB에 없음),,적재,,,
태왕물산,NICOTINAMIDE (니코틴산아미드),식품첨가물,영국,신규(DB에 없음),,적재,,,
태왕물산,Pectin SF 560 S1(아미드펙틴),식품첨가물,미국,신규(DB에 없음),,적재,,,
태왕물산,r/TG 오메가3,식품첨가물,프랑스,★공급사 미상 → 후보,보통,적재,오메가3(식물성)(알티지),공급사 미상(source21),79000
태왕물산,r/TG 오메가3,식품첨가물,프랑스,타공급사 보유,보통,적재,오메가3(식물성)(알티지),솔루텍스,270000
태왕물산,r/TG 오메가3,식품첨가물,프랑스,타공급사 보유,보통,적재,오메가3(식물성)(알티지),솔루텍스,250000
태왕물산,r/TG 오메가3,식품첨가물,프랑스,★공급사 미상 → 후보,보통,적재,오메가3(알티지)(동물성),공급사 미상(source21),21500
태왕물산,r/TG 오메가3,식품첨가물,프랑스,★공급사 미상 → 후보,보통,적재,오메가3(알티지)(동물성),공급사 미상(source21),82000
태왕물산,r/TG 오메가3,식품첨가물,프랑스,★공급사 미상 → 후보,보통,적재,오메가3(알티지)(동물성),공급사 미상(source21),160000
태왕물산,r/TG 오메가3,식품첨가물,프랑스,타공급사 보유,보통,적재,오메가3(알티지)(동물성),솔루텍스,160000
태왕물산,r/TG 오메가3,식품첨가물,프랑스,★공급사 미상 → 후보,보통,적재,오메가3(알티지)(동물성),공급사 미상(source21),90000
태왕물산,r/TG 오메가3,식품첨가물,프랑스,★공급사 미상 → 후보,보통,적재,오메가3(정제어유분말),공급사 미상(source21),65000
태왕물산,r/TG 오메가3,식품첨가물,프랑스,★공급사 미상 → 후보,보통,적재,오메가3(정제유분말),공급사 미상(source21),46000
태왕물산,r/TG 오메가3,식품첨가물,프랑스,타공급사 보유,보통,적재,오메가3(저가형),솔루텍스,80000
태왕물산,"RTG 오메가(RTG함량 60%, 70%, 80%)",식품첨가물,"뉴질랜드, 미국, 독일",신규(DB에 없음),,적재,,,
태왕물산,"SILICONDIOXIDE (네오질, 이산화규소, Sio2)",식품첨가물,말레이시아,신규(DB에 없음),,적재,,,
태왕물산,SODIUM CITRATE (구연산나트륨),식품첨가물,오스트리아,신규(DB에 없음),,적재,,,
태왕물산,STEARIC ACID 7036(P) (스테아린산 파우더),식품첨가물,말레이시아,신규(DB에 없음),,적재,,,
태왕물산,SUCRALOSE(수크랄로스),식품첨가물,미국,신규(DB에 없음),,적재,,,
태왕물산,TG 오메가3,식품첨가물,노르웨이,★공급사 미상 → 후보,보통,적재,오메가3(식물성)(알티지),공급사 미상(source21),79000
태왕물산,TG 오메가3,식품첨가물,노르웨이,타공급사 보유,보통,적재,오메가3(식물성)(알티지),솔루텍스,270000
태왕물산,TG 오메가3,식품첨가물,노르웨이,타공급사 보유,보통,적재,오메가3(식물성)(알티지),솔루텍스,250000
태왕물산,TG 오메가3,식품첨가물,노르웨이,★공급사 미상 → 후보,보통,적재,오메가3(알티지)(동물성),공급사 미상(source21),21500
태왕물산,TG 오메가3,식품첨가물,노르웨이,★공급사 미상 → 후보,보통,적재,오메가3(알티지)(동물성),공급사 미상(source21),82000
태왕물산,TG 오메가3,식품첨가물,노르웨이,★공급사 미상 → 후보,보통,적재,오메가3(알티지)(동물성),공급사 미상(source21),160000
태왕물산,TG 오메가3,식품첨가물,노르웨이,타공급사 보유,보통,적재,오메가3(알티지)(동물성),솔루텍스,160000
태왕물산,TG 오메가3,식품첨가물,노르웨이,★공급사 미상 → 후보,보통,적재,오메가3(알티지)(동물성),공급사 미상(source21),90000
태왕물산,TG 오메가3,식품첨가물,노르웨이,★공급사 미상 → 후보,보통,적재,오메가3(정제어유분말),공급사 미상(source21),65000
태왕물산,TG 오메가3,식품첨가물,노르웨이,★공급사 미상 → 후보,보통,적재,오메가3(정제유분말),공급사 미상(source21),46000
태왕물산,TG 오메가3,식품첨가물,노르웨이,타공급사 보유,보통,적재,오메가3(저가형),솔루텍스,80000
태왕물산,TWEEN80 (폴리솔베이트80),식품첨가물,싱가폴,신규(DB에 없음),,적재,,,
태왕물산,Vitamin C (Fine P) 비타민C,식품첨가물,영국,신규(DB에 없음),,적재,,,
태왕물산,VITAMINE B1 염산,식품첨가물,영국,신규(DB에 없음),,적재,,,
태왕물산,VITAMINE B1 질산,식품첨가물,영국,신규(DB에 없음),,적재,,,
태왕물산,VITAMINE B2 (리보플라빈),식품첨가물,독일,신규(DB에 없음),,적재,,,
태왕물산,VITAMINE B6 (염산피리독신),식품첨가물,독일,신규(DB에 없음),,적재,,,
태왕물산,가시오가피 - 줄기,식품첨가물,국산,신규(DB에 없음),,적재,,,
태왕물산,갈근농축액,식품첨가물,국산,★공급사 미상 → 후보,확실,적재,갈근농축액,공급사 미상(source21),30000
태왕물산,갈대(노근) - 뿌리,식품첨가물,국산,신규(DB에 없음),,적재,,,
태왕물산,감귤농축액,식품첨가물,국산,신규(DB에 없음),,적재,,,
태왕물산,감나무 -잎,식품첨가물,국산,신규(DB에 없음),,적재,,,
태왕물산,감초(상품) - 뿌리,식품첨가물,국산,신규(DB에 없음),,적재,,,
태왕물산,감초(추출용) - 뿌리,식품첨가물,국산,신규(DB에 없음),,적재,,,
태왕물산,감초농축액,식품첨가물,국산,신규(DB에 없음),,적재,,,
태왕물산,감초추출분말,식품첨가물,국산,신규(DB에 없음),,적재,,,
태왕물산,개다래나무 - 열매,식품첨가물,국산,신규(DB에 없음),,적재,,,
태왕물산,"개똥쑥 - 줄기,잎",식품첨가물,국산,신규(DB에 없음),,적재,,,
태왕물산,건강(건조생강) - 뿌리,식품첨가물,국산,신규(DB에 없음),,적재,,,
태왕물산,"겨우살이 - 잎,줄기",식품첨가물,국산,신규(DB에 없음),,적재,,,
태왕물산,결명자 - 열매,식품첨가물,국산,신규(DB에 없음),,적재,,,
태왕물산,결명자추출분말,식품첨가물,국산,신규(DB에 없음),,적재,,,
태왕물산,계피농축액,식품첨가물,국산,신규(DB에 없음),,적재,,,
태왕물산,고구마추출분말,식품첨가물,국산,★공급사 미상 → 후보,높음,적재,마추출분말,공급사 미상(source21),23000
태왕물산,고구마추출분말,식품첨가물,국산,★공급사 미상 → 후보,높음,적재,마추출분말,공급사 미상(source21),29000
태왕물산,고구마추출분말,식품첨가물,국산,타공급사 보유,높음,적재,마추출분말,해찬솔,23000
태왕물산,고구마추출분말,식품첨가물,국산,타공급사 보유,높음,적재,마추출분말,하이베이스,29000
태왕물산,고본 - 뿌리줄기,식품첨가물,국산,신규(DB에 없음),,적재,,,
태왕물산,고지베리농축분말,식품첨가물,국산,신규(DB에 없음),,적재,,,
태왕물산,곤약분말,식품첨가물,중국,신규(DB에 없음),,적재,,,
태왕물산,공액리놀렌산 (CLA Tonalin TG80),식품첨가물,미국,★공급사 미상 → 후보,높음,적재,공액리놀렌산분말,공급사 미상(source21),65000
태왕물산,공액리놀렌산 (CLA Tonalin TG80),식품첨가물,미국,★공급사 미상 → 후보,높음,적재,공액리놀렌산오닐,공급사 미상(source21),55000
태왕물산,공액리놀렌산 (CLA Tonalin TG80),식품첨가물,미국,★공급사 미상 → 후보,높음,적재,공액리놀렌산오일,공급사 미상(source21),45000
태왕물산,공액리놀렌산 (CLA Tonalin TG80),식품첨가물,미국,타공급사 보유,높음,적재,공액리놀렌산(CLA) 오일,하이베이스,45000
태왕물산,공액리놀렌산 (CLA Tonalin TG80),식품첨가물,미국,타공급사 보유,높음,적재,공액리놀렌산(CLA) 오일,태성,55000
태왕물산,공액리놀렌산 (CLA Tonalin TG80),식품첨가물,미국,타공급사 보유,높음,적재,공액리놀렌산(CLA) 분말,하이베이스,65000
태왕물산,공액리놀렌산 (CLA Tonalin TG80),식품첨가물,미국,타공급사 보유,높음,적재,공액리놀렌산(CLA) 분말,태성,65000
태왕물산,곶감농축액,식품첨가물,국산,신규(DB에 없음),,적재,,,
태왕물산,과일채소혼합농축분말,식품첨가물,국산,신규(DB에 없음),,적재,,,
태왕물산,과일혼합농축액,식품첨가물,국산,신규(DB에 없음),,적재,,,
태왕물산,구기자 - 열매 (상품),식품첨가물,국산,신규(DB에 없음),,적재,,,
태왕물산,구기자 - 열매 (중품),식품첨가물,국산,신규(DB에 없음),,적재,,,
태왕물산,구기자 - 잎,식품첨가물,국산,신규(DB에 없음),,적재,,,
태왕물산,구기자(지골피) - 뿌리,식품첨가물,국산,신규(DB에 없음),,적재,,,
태왕물산,구기자농축액,식품첨가물,국산,★공급사 미상 → 후보,확실,적재,구기자농축액,공급사 미상(source21),28000
태왕물산,구기자농축액,식품첨가물,국산,타공급사 보유,확실,적재,구기자농축액,해찬솔,28000
태왕물산,구기자추출분말,식품첨가물,국산,★공급사 미상 → 후보,확실,적재,구기자추출분말,공급사 미상(source21),30000
태왕물산,구기자추출분말,식품첨가물,국산,★공급사 미상 → 후보,확실,적재,구기자추출분말,공급사 미상(source21),35000
태왕물산,구기자추출분말,식품첨가물,국산,★공급사 미상 → 후보,확실,적재,구기자추출분말,공급사 미상(source21),29700
태왕물산,구기자추출분말,식품첨가물,국산,타공급사 보유,확실,적재,구기자추출분말,해찬솔,30000
태왕물산,구기자추출분말,식품첨가물,국산,타공급사 보유,확실,적재,구기자추출분말,하이베이스,35000
태왕물산,구기자추출분말,식품첨가물,국산,타공급사 보유,확실,적재,구기자추출분말,선일에프앤씨,29700
태왕물산,구기자추출분말,식품첨가물,국산,★공급사 미상 → 후보,높음,적재,발효구기자추출분말,공급사 미상(source21),32000
태왕물산,구기자추출분말,식품첨가물,국산,타공급사 보유,높음,적재,발효구기자추출분말,해찬솔,32000
태왕물산,구아검,식품첨가물,인도,★공급사 미상 → 후보,확실,적재,구아검,공급사 미상(source21),5500
태왕물산,구아검,식품첨가물,인도,타공급사 보유,확실,적재,구아검,하이베이스,5500
태왕물산,구아바 - 잎,식품첨가물,국산,신규(DB에 없음),,적재,,,
태왕물산,구절초 - 전초,식품첨가물,국산,신규(DB에 없음),,적재,,,
태왕물산,국화(감국) - 꽃,식품첨가물,국산,신규(DB에 없음),,적재,,,
태왕물산,귀리(연맥) - 씨앗,식품첨가물,국산,신규(DB에 없음),,적재,,,
태왕물산,귤나무(진피) - 열매껍질,식품첨가물,국산,신규(DB에 없음),,적재,,,
태왕물산,까마중 - 잎,식품첨가물,국산,신규(DB에 없음),,적재,,,
태왕물산,깔라만시과즙분말,식품첨가물,국산,신규(DB에 없음),,적재,,,
태왕물산,깔라만시엑기스농축액,식품첨가물,국산,신규(DB에 없음),,적재,,,
태왕물산,꽃송이버섯(건)-자실체,식품첨가물,국산,신규(DB에 없음),,적재,,,
태왕물산,꾸지뽕나무 - 열매,식품첨가물,국산,신규(DB에 없음),,적재,,,
태왕물산,꾸지뽕나무 - 잎,식품첨가물,국산,신규(DB에 없음),,적재,,,
태왕물산,꾸지뽕나무 - 줄기,식품첨가물,국산,신규(DB에 없음),,적재,,,
태왕물산,꿀풀(하고초) - 꽃대,식품첨가물,국산,신규(DB에 없음),,적재,,,
태왕물산,난백분말,식품첨가물,국내,신규(DB에 없음),,적재,,,
태왕물산,난소화성말토덱스트린분말(fibersol-2),식품첨가물,국산,★공급사 미상 → 후보,높음,적재,난소화성 말토덱스트린,공급사 미상(source21),8000
태왕물산,난소화성말토덱스트린분말(fibersol-2),식품첨가물,국산,타공급사 보유,높음,적재,난소화성 말토덱스트린,하이베이스,6400
태왕물산,난소화성말토덱스트린분말(fibersol-2),식품첨가물,국산,★공급사 미상 → 후보,보통,적재,말토덱스트린,공급사 미상(source21),1800
태왕물산,난소화성말토덱스트린분말(fibersol-2),식품첨가물,국산,★공급사 미상 → 후보,보통,적재,말토덱스트린,공급사 미상(source21),2400
태왕물산,난소화성말토덱스트린분말(fibersol-2),식품첨가물,국산,타공급사 보유,보통,적재,말토덱스트린,해찬솔,1800
태왕물산,난소화성말토덱스트린분말(fibersol-2),식품첨가물,국산,타공급사 보유,보통,적재,말토덱스트린,하이베이스,2400
태왕물산,난소화성말토덱스트린분말(fibersol-2),식품첨가물,국산,타공급사 보유,보통,적재,말토덱스트린,태성,2280
태왕물산,난소화성말토덱스트린분말(fibersol-2),식품첨가물,국산,타공급사 보유,보통,적재,말토덱스트린 (DE15~20),씨에스에프,1180
태왕물산,노니분말,식품첨가물,베트남,신규(DB에 없음),,적재,,,
태왕물산,노루궁뎅이버섯-자실체,식품첨가물,국산,신규(DB에 없음),,적재,,,
태왕물산,녹색입홍합분말,식품첨가물,뉴질랜드,★공급사 미상 → 후보,확실,적재,녹색입홍합분말(동결건조),공급사 미상(source21),65000
태왕물산,녹색입홍합분말,식품첨가물,뉴질랜드,타공급사 보유,보통,적재,동결건조 녹색입홍합 분말,태성,65000
태왕물산,녹차(작설) - 잎,식품첨가물,국산,신규(DB에 없음),,적재,,,
태왕물산,녹차(추출용) - 잎,식품첨가물,국산,신규(DB에 없음),,적재,,,
태왕물산,녹차추출물,식품첨가물,중국,★공급사 미상 → 후보,높음,적재,녹차추출물분말,공급사 미상(source21),100000
태왕물산,녹차추출물,식품첨가물,중국,★공급사 미상 → 후보,높음,적재,녹차추출물분말,공급사 미상(source21),80000
태왕물산,녹차추출물,식품첨가물,중국,★공급사 미상 → 후보,높음,적재,녹차추출물분말,공급사 미상(source21),77000
태왕물산,녹차추출물,식품첨가물,중국,★공급사 미상 → 후보,높음,적재,녹차추출물분말,공급사 미상(source21),26000
태왕물산,녹차추출물,식품첨가물,중국,★공급사 미상 → 후보,높음,적재,녹차추출물분말,공급사 미상(source21),27000
태왕물산,농축유청단백(WPC),식품첨가물,미국,타공급사 보유,확실,적재,농축유청단백(WPC),담원인터내셔널,15500
태왕물산,누에(열풍건조) - 전체,식품첨가물,국산,신규(DB에 없음),,적재,,,
태왕물산,늙은호박농축분말,식품첨가물,국산,신규(DB에 없음),,적재,,,
태왕물산,늙은호박농축액,식품첨가물,국산,신규(DB에 없음),,적재,,,
태왕물산,니코틴산아미드,식품첨가물,인도,타공급사 보유,확실,적재,니코틴산아미드,제일,13500
태왕물산,다크스위트체리농축분말,식품첨가물,국산,신규(DB에 없음),,적재,,,
태왕물산,단호박농축분말,식품첨가물,국산,타공급사 보유,확실,적재,단호박농축분말,하이베이스,21000
태왕물산,단호박농축액,식품첨가물,국산,신규(DB에 없음),,적재,,,
태왕물산,달개비 - 전초,식품첨가물,국산,신규(DB에 없음),,적재,,,
태왕물산,달맞이꽃 - 씨앗,식품첨가물,국산,신규(DB에 없음),,적재,,,
태왕물산,달맞이꽃종자 추출물,식품첨가물,뉴질랜드,신규(DB에 없음),,적재,,,
태왕물산,당귀(상품) - 뿌리,식품첨가물,국산,신규(DB에 없음),,적재,,,
태왕물산,당귀(중품) - 뿌리,식품첨가물,국산,신규(DB에 없음),,적재,,,
태왕물산,당귀농축액,식품첨가물,국산,★공급사 미상 → 후보,확실,적재,당귀농축액,공급사 미상(source21),21000
태왕물산,당귀농축액,식품첨가물,국산,타공급사 보유,확실,적재,당귀농축액,해찬솔,21000
태왕물산,당귀추출분말,식품첨가물,국산,★공급사 미상 → 후보,확실,적재,당귀추출분말,공급사 미상(source21),24000
태왕물산,당근농축분말,식품첨가물,국산,타공급사 보유,확실,적재,당근농축분말,새롬비앤에프,19000
태왕물산,대나무 - 잎,식품첨가물,국산,신규(DB에 없음),,적재,,,
태왕물산,대두유(Non-gmo),식품첨가물,국산,신규(DB에 없음),,적재,,,
태왕물산,대두유-1 100%,식품첨가물,국산,신규(DB에 없음),,적재,,,
태왕물산,대추(상품) - 열매,식품첨가물,국산,신규(DB에 없음),,적재,,,
태왕물산,대추(중품) - 열매,식품첨가물,국산,신규(DB에 없음),,적재,,,
태왕물산,대추농축액,식품첨가물,국산,★공급사 미상 → 후보,확실,적재,대추농축액,공급사 미상(source21),20000
태왕물산,대추슬라이스 - 열매,식품첨가물,국산,신규(DB에 없음),,적재,,,
태왕물산,대추추출분말,식품첨가물,국산,신규(DB에 없음),,적재,,,
태왕물산,더덕 - 뿌리,식품첨가물,국산,신규(DB에 없음),,적재,,,
태왕물산,더덕농축액,식품첨가물,국산,신규(DB에 없음),,적재,,,
태왕물산,더덕추출분말,식품첨가물,국산,신규(DB에 없음),,적재,,,
태왕물산,도꼬마리 - 열매,식품첨가물,국산,신규(DB에 없음),,적재,,,
태왕물산,도라지(미) - 뿌리,식품첨가물,국산,신규(DB에 없음),,적재,,,
태왕물산,도라지(상품) - 뿌리,식품첨가물,국산,신규(DB에 없음),,적재,,,
태왕물산,도라지농축분말,식품첨가물,국산,신규(DB에 없음),,적재,,,
태왕물산,도라지농축액,식품첨가물,국산,신규(DB에 없음),,적재,,,
태왕물산,독활(땅두릅) - 뿌리,식품첨가물,국산,신규(DB에 없음),,적재,,,
태왕물산,동충하초(눈꽃) - 전체,식품첨가물,국산,★공급사 미상 → 후보,보통,적재,동충하초(밀라타리스),공급사 미상(source21),55000
태왕물산,동충하초(밀리타리스),식품첨가물,국산,★공급사 미상 → 후보,확실,적재,동충하초(밀라타리스),공급사 미상(source21),55000
태왕물산,돼지감자 - 덩이줄기,식품첨가물,국산,신규(DB에 없음),,적재,,,
태왕물산,두충 - 잎,식품첨가물,국산,신규(DB에 없음),,적재,,,
태왕물산,두충(볶음) - 껍질,식품첨가물,국산,신규(DB에 없음),,적재,,,
태왕물산,두충(안볶음) - 껍질,식품첨가물,국산,신규(DB에 없음),,적재,,,
태왕물산,둥굴레(볶음) - 뿌리,식품첨가물,국산,신규(DB에 없음),,적재,,,
태왕물산,둥굴레농축액,식품첨가물,국산,신규(DB에 없음),,적재,,,
태왕물산,딸기농축액,식품첨가물,국산,신규(DB에 없음),,적재,,,
태왕물산,딸리농축분말,식품첨가물,국산,신규(DB에 없음),,적재,,,
태왕물산,라임과즙분말,식품첨가물,국산,신규(DB에 없음),,적재,,,
태왕물산,라즈베리농축분말,식품첨가물,국산,신규(DB에 없음),,적재,,,
태왕물산,라즈베리농축액,식품첨가물,국산,신규(DB에 없음),,적재,,,
태왕물산,레드비트농축분말,식품첨가물,국산,★공급사 미상 → 후보,확실,적재,레드비트농축분말,공급사 미상(source21),18000
태왕물산,레드비트농축분말,식품첨가물,국산,★공급사 미상 → 후보,확실,적재,레드비트농축분말,공급사 미상(source21),17000
태왕물산,레드비트농축분말,식품첨가물,국산,타공급사 보유,확실,적재,레드비트농축분말,해찬솔,17000
태왕물산,레드비트농축분말,식품첨가물,국산,타공급사 보유,확실,적재,레드비트농축분말,새롬비앤에프,16000
태왕물산,레드비트주스분말(덱스트린69%),식품첨가물,프랑스,신규(DB에 없음),,적재,,,
태왕물산,레몬과즙분말,식품첨가물,국산,신규(DB에 없음),,적재,,,
태왕물산,레몬농축액,식품첨가물,국산,★공급사 미상 → 후보,확실,적재,레몬농축액,공급사 미상(source21),13000
태왕물산,레몬농축액,식품첨가물,국산,★공급사 미상 → 후보,확실,적재,레몬농축액,공급사 미상(source21),12000
태왕물산,레몬농축액,식품첨가물,국산,★공급사 미상 → 후보,확실,적재,레몬농축액,공급사 미상(source21),11000
태왕물산,레몬농축액,식품첨가물,국산,타공급사 보유,확실,적재,레몬농축액,새롬비앤에프,13000
태왕물산,레몬농축액,식품첨가물,국산,타공급사 보유,확실,적재,레몬농축액,하이베이스,12000
태왕물산,레몬농축액,식품첨가물,국산,타공급사 보유,확실,적재,레몬농축액,해찬솔,11000
태왕물산,루테인 20%,식품첨가물,중국,★공급사 미상 → 후보,확실,적재,루테인,공급사 미상(source21),180000
태왕물산,루테인 20%,식품첨가물,중국,★공급사 미상 → 후보,확실,적재,루테인,공급사 미상(source21),150000
태왕물산,링곤베리추출물분말,식품첨가물,핀란드,신규(DB에 없음),,적재,,,
태왕물산,마(산약)추출분말,식품첨가물,국산,★공급사 미상 → 후보,확실,적재,마추출분말,공급사 미상(source21),23000
태왕물산,마(산약)추출분말,식품첨가물,국산,★공급사 미상 → 후보,확실,적재,마추출분말,공급사 미상(source21),29000
태왕물산,마(산약)추출분말,식품첨가물,국산,타공급사 보유,확실,적재,마추출분말,해찬솔,23000
태왕물산,마(산약)추출분말,식품첨가물,국산,타공급사 보유,확실,적재,마추출분말,하이베이스,29000
태왕물산,"마(산약,절) - 뿌리",식품첨가물,국산,신규(DB에 없음),,적재,,,
태왕물산,"마(산약,통) - 뿌리",식품첨가물,국산,신규(DB에 없음),,적재,,,
태왕물산,마가목 - 껍질,식품첨가물,국산,신규(DB에 없음),,적재,,,
태왕물산,마가목 - 열매,식품첨가물,국산,신규(DB에 없음),,적재,,,
태왕물산,마리골드추출분말,식품첨가물,캐나다,★공급사 미상 → 후보,확실,적재,마리골드추출분말,공급사 미상(source21),80000
태왕물산,마리골드추출분말,식품첨가물,캐나다,★공급사 미상 → 후보,보통,적재,마리골드,공급사 미상(source21),95000
태왕물산,마리골드꽃추출물,식품첨가물,미국,★공급사 미상 → 후보,확실,적재,마리골드꽃추출물,공급사 미상(source21),140000
태왕물산,마리골드꽃추출물,식품첨가물,미국,★공급사 미상 → 후보,확실,적재,마리골드꽃추출물,공급사 미상(source21),130000
태왕물산,마리골드꽃추출물,식품첨가물,미국,타공급사 보유,확실,적재,마리골드꽃추출물 (루테인오일) 20%,미래바이오텍,140000
태왕물산,마리골드꽃추출물,식품첨가물,미국,타공급사 보유,확실,적재,마리골드꽃추출물 (루테인오일) 20%,엘본에이치앤비,130000
태왕물산,마리골드꽃추출물,식품첨가물,미국,★공급사 미상 → 후보,보통,적재,마리골드,공급사 미상(source21),95000
태왕물산,말굽버섯 - 자실체,식품첨가물,국산,신규(DB에 없음),,적재,,,
태왕물산,말토덱스트린,식품첨가물,국산,★공급사 미상 → 후보,확실,적재,말토덱스트린,공급사 미상(source21),1800
태왕물산,말토덱스트린,식품첨가물,국산,★공급사 미상 → 후보,확실,적재,말토덱스트린,공급사 미상(source21),2400
태왕물산,말토덱스트린,식품첨가물,국산,타공급사 보유,확실,적재,말토덱스트린,해찬솔,1800
태왕물산,말토덱스트린,식품첨가물,국산,타공급사 보유,확실,적재,말토덱스트린,하이베이스,2400
태왕물산,말토덱스트린,식품첨가물,국산,타공급사 보유,확실,적재,말토덱스트린,태성,2280
태왕물산,말토덱스트린,식품첨가물,국산,타공급사 보유,확실,적재,말토덱스트린 (DE15~20),씨에스에프,1180
태왕물산,말토덱스트린,식품첨가물,국산,★공급사 미상 → 후보,보통,적재,난소화성 말토덱스트린,공급사 미상(source21),8000
태왕물산,말토덱스트린,식품첨가물,국산,타공급사 보유,보통,적재,난소화성 말토덱스트린,하이베이스,6400
태왕물산,망고농축분말,식품첨가물,국산,신규(DB에 없음),,적재,,,
태왕물산,망고농축액,식품첨가물,국산,신규(DB에 없음),,적재,,,
태왕물산,매실농축액,식품첨가물,국산,신규(DB에 없음),,적재,,,
태왕물산,매실추출분말,식품첨가물,국산,★공급사 미상 → 후보,확실,적재,매실추출분말,공급사 미상(source21),17000
태왕물산,매실추출분말,식품첨가물,국산,★공급사 미상 → 후보,확실,적재,매실추출분말,공급사 미상(source21),19000
태왕물산,매실추출분말,식품첨가물,국산,★공급사 미상 → 후보,확실,적재,매실추출분말,공급사 미상(source21),18000
태왕물산,매실추출분말,식품첨가물,국산,타공급사 보유,확실,적재,매실 추출분말,해찬솔,17000
태왕물산,매실추출분말,식품첨가물,국산,타공급사 보유,확실,적재,매실 추출분말,새롬비앤에프,19000
태왕물산,매실추출분말,식품첨가물,국산,타공급사 보유,확실,적재,매실 추출분말,하이베이스,18000
태왕물산,매실추출분말,식품첨가물,국산,★공급사 미상 → 후보,확실,적재,매실추출분말,공급사 미상(source21),17000
태왕물산,매실추출분말,식품첨가물,국산,★공급사 미상 → 후보,확실,적재,매실추출분말,공급사 미상(source21),19000
태왕물산,매실추출분말,식품첨가물,국산,★공급사 미상 → 후보,확실,적재,매실추출분말,공급사 미상(source21),18000
태왕물산,매실추출분말,식품첨가물,국산,타공급사 보유,확실,적재,매실 추출분말,해찬솔,17000
태왕물산,매실추출분말,식품첨가물,국산,타공급사 보유,확실,적재,매실 추출분말,새롬비앤에프,19000
태왕물산,매실추출분말,식품첨가물,국산,타공급사 보유,확실,적재,매실 추출분말,하이베이스,18000
태왕물산,맥문동(거심) - 뿌리,식품첨가물,국산,신규(DB에 없음),,적재,,,
태왕물산,맥문동(비거심) - 뿌리,식품첨가물,국산,신규(DB에 없음),,적재,,,
태왕물산,맥아/보리(볶음) -씨앗,식품첨가물,국산,신규(DB에 없음),,적재,,,
태왕물산,맥주건조효모(Beer Yeast),식품첨가물,국내제조,★공급사 미상 → 후보,보통,적재,건조효모,공급사 미상(source21),630000
태왕물산,맥주건조효모(Beer Yeast),식품첨가물,국내제조,★공급사 미상 → 후보,보통,적재,건조효모,공급사 미상(source21),13500
태왕물산,맥주건조효모(Beer Yeast),식품첨가물,국내제조,타공급사 보유,보통,적재,건조효모,에스제이디,16700
태왕물산,머루농축액,식품첨가물,국산,신규(DB에 없음),,적재,,,
태왕물산,메밀(껍질유) - 씨앗,식품첨가물,국산,신규(DB에 없음),,적재,,,
태왕물산,멜론농축액,식품첨가물,국산,신규(DB에 없음),,적재,,,
태왕물산,명감나무(토복령) -뿌리,식품첨가물,국산,신규(DB에 없음),,적재,,,
태왕물산,모과나무(목과)-열매(절),식품첨가물,국산,신규(DB에 없음),,적재,,,
태왕물산,모과농축분말,식품첨가물,국산,신규(DB에 없음),,적재,,,
태왕물산,모과농축액,식품첨가물,국산,★공급사 미상 → 후보,확실,적재,모과농축액(65브릭스),공급사 미상(source21),13000
태왕물산,모과농축액,식품첨가물,국산,★공급사 미상 → 후보,확실,적재,모과농축액(65브릭스),공급사 미상(source21),15000
태왕물산,모과농축액,식품첨가물,국산,★공급사 미상 → 후보,확실,적재,모과농축액(65브릭스),공급사 미상(source21),25500
태왕물산,모과농축액,식품첨가물,국산,★공급사 미상 → 후보,확실,적재,모과농축액(60브릭스)100%,공급사 미상(source21),15000
태왕물산,모과농축액,식품첨가물,국산,타공급사 보유,확실,적재,모과농축액 (65브릭스),해찬솔,13000
태왕물산,모과농축액,식품첨가물,국산,타공급사 보유,확실,적재,모과농축액 (65브릭스),새롬비앤에프,15000
태왕물산,모과농축액,식품첨가물,국산,타공급사 보유,확실,적재,모과농축액 (65브릭스),하이베이스,25500
태왕물산,모과농축액,식품첨가물,국산,타공급사 보유,확실,적재,모과농축액 (60브릭스)100%,하이베이스,15000
태왕물산,목화 - 씨,식품첨가물,국산,신규(DB에 없음),,적재,,,
태왕물산,무(내복자) - 씨,식품첨가물,국산,신규(DB에 없음),,적재,,,
태왕물산,무농축액,식품첨가물,국산,★공급사 미상 → 후보,보통,적재,벌나무농축액(산겨릅나무),공급사 미상(source21),40000
태왕물산,무농축액,식품첨가물,국산,타공급사 보유,보통,적재,벌나무농축액,하이베이스,40000
태왕물산,무수결정포도당,식품첨가물,국산,신규(DB에 없음),,적재,,,
태왕물산,무수구연산(40mesh),식품첨가물,오스트리아,★공급사 미상 → 후보,확실,적재,무수구연산,공급사 미상(source21),3000
태왕물산,무수구연산(40mesh),식품첨가물,오스트리아,타공급사 보유,확실,적재,무수구연산,씨에스에프,1450
태왕물산,무수구연산(40mesh),식품첨가물,오스트리아,★공급사 미상 → 후보,보통,적재,구연산,공급사 미상(source21),4500
태왕물산,무수구연산(40mesh)식품,식품첨가물,중국,★공급사 미상 → 후보,높음,적재,무수구연산,공급사 미상(source21),3000
태왕물산,무수구연산(40mesh)식품,식품첨가물,중국,타공급사 보유,높음,적재,무수구연산,씨에스에프,1450
태왕물산,민들레(포공영) - 전초,식품첨가물,국산,신규(DB에 없음),,적재,,,
태왕물산,민들레추출분말,식품첨가물,국산,★공급사 미상 → 후보,확실,적재,민들레추출분말,공급사 미상(source21),24000
태왕물산,민들레추출분말,식품첨가물,국산,타공급사 보유,확실,적재,민들레추출분말,하이베이스,24000
태왕물산,민들레추출분말,식품첨가물,국산,타공급사 보유,확실,적재,민들레추출분말,올담식품,16500
태왕물산,밀크씨슬,식품첨가물,미국,★공급사 미상 → 후보,확실,적재,밀크씨슬,공급사 미상(source21),98000
태왕물산,밀크씨슬,식품첨가물,미국,★공급사 미상 → 후보,확실,적재,밀크씨슬,공급사 미상(source21),72000
태왕물산,밀크씨슬,식품첨가물,미국,★공급사 미상 → 후보,확실,적재,밀크씨슬(유기농),공급사 미상(source21),390000
태왕물산,밀크씨슬,식품첨가물,미국,★공급사 미상 → 후보,확실,적재,밀크씨슬(유기농),공급사 미상(source21),450000
태왕물산,밀크씨슬,식품첨가물,미국,타공급사 보유,확실,적재,밀크씨슬(유기농밀크씨슬분말),태성,22000
태왕물산,밀크씨슬,식품첨가물,미국,타공급사 보유,보통,적재,밀크씨슬추출물,제일,100000
태왕물산,밀크씨슬,식품첨가물,미국,타공급사 보유,보통,적재,밀크씨슬추출물,제일,95000
태왕물산,밀크씨슬,식품첨가물,중국,★공급사 미상 → 후보,확실,적재,밀크씨슬,공급사 미상(source21),98000
태왕물산,밀크씨슬,식품첨가물,중국,★공급사 미상 → 후보,확실,적재,밀크씨슬,공급사 미상(source21),72000
태왕물산,밀크씨슬,식품첨가물,중국,★공급사 미상 → 후보,확실,적재,밀크씨슬(유기농),공급사 미상(source21),390000
태왕물산,밀크씨슬,식품첨가물,중국,★공급사 미상 → 후보,확실,적재,밀크씨슬(유기농),공급사 미상(source21),450000
태왕물산,밀크씨슬,식품첨가물,중국,타공급사 보유,확실,적재,밀크씨슬(유기농밀크씨슬분말),태성,22000
태왕물산,밀크씨슬,식품첨가물,중국,타공급사 보유,보통,적재,밀크씨슬추출물,제일,100000
태왕물산,밀크씨슬,식품첨가물,중국,타공급사 보유,보통,적재,밀크씨슬추출물,제일,95000
태왕물산,밀크씨슬,식품첨가물,미국,★공급사 미상 → 후보,확실,적재,밀크씨슬,공급사 미상(source21),98000
태왕물산,밀크씨슬,식품첨가물,미국,★공급사 미상 → 후보,확실,적재,밀크씨슬,공급사 미상(source21),72000
태왕물산,밀크씨슬,식품첨가물,미국,★공급사 미상 → 후보,확실,적재,밀크씨슬(유기농),공급사 미상(source21),390000
태왕물산,밀크씨슬,식품첨가물,미국,★공급사 미상 → 후보,확실,적재,밀크씨슬(유기농),공급사 미상(source21),450000
태왕물산,밀크씨슬,식품첨가물,미국,타공급사 보유,확실,적재,밀크씨슬(유기농밀크씨슬분말),태성,22000
태왕물산,밀크씨슬,식품첨가물,미국,타공급사 보유,보통,적재,밀크씨슬추출물,제일,100000
태왕물산,밀크씨슬,식품첨가물,미국,타공급사 보유,보통,적재,밀크씨슬추출물,제일,95000
태왕물산,밀크씨슬추출분말(50),식품첨가물,프랑스,타공급사 보유,보통,적재,밀크씨슬추출분말/실리마린50%,씨에스에프,105000
태왕물산,밀크씨슬추출분말(50),식품첨가물,프랑스,★공급사 미상 → 후보,보통,적재,밀크씨슬,공급사 미상(source21),98000
태왕물산,밀크씨슬추출분말(50),식품첨가물,프랑스,★공급사 미상 → 후보,보통,적재,밀크씨슬,공급사 미상(source21),72000
태왕물산,밀크씨슬추출분말(50),식품첨가물,프랑스,★공급사 미상 → 후보,보통,적재,밀크씨슬(유기농),공급사 미상(source21),390000
태왕물산,밀크씨슬추출분말(50),식품첨가물,프랑스,★공급사 미상 → 후보,보통,적재,밀크씨슬(유기농),공급사 미상(source21),450000
태왕물산,밀크씨슬추출분말(50),식품첨가물,프랑스,타공급사 보유,보통,적재,밀크씨슬(유기농밀크씨슬분말),태성,22000
태왕물산,밀크씨슬 추출물,식품첨가물,미국,타공급사 보유,확실,적재,밀크씨슬추출물,제일,100000
태왕물산,밀크씨슬 추출물,식품첨가물,미국,타공급사 보유,확실,적재,밀크씨슬추출물,제일,95000
태왕물산,밀크씨슬 추출물,식품첨가물,미국,★공급사 미상 → 후보,보통,적재,밀크씨슬,공급사 미상(source21),98000
태왕물산,밀크씨슬 추출물,식품첨가물,미국,★공급사 미상 → 후보,보통,적재,밀크씨슬,공급사 미상(source21),72000
태왕물산,밀크씨슬 추출물,식품첨가물,미국,★공급사 미상 → 후보,보통,적재,밀크씨슬(유기농),공급사 미상(source21),390000
태왕물산,밀크씨슬 추출물,식품첨가물,미국,★공급사 미상 → 후보,보통,적재,밀크씨슬(유기농),공급사 미상(source21),450000
태왕물산,밀크씨슬 추출물,식품첨가물,미국,타공급사 보유,보통,적재,밀크씨슬(유기농밀크씨슬분말),태성,22000
태왕물산,밀크칼슘(Calcium Milk),식품첨가물,프랑스,타공급사 보유,확실,적재,밀크칼슘,태성,20000
태왕물산,밀크칼슘(Calcium Milk),식품첨가물,프랑스,타공급사 보유,확실,적재,밀크칼슘,태성,17000
태왕물산,밀크칼슘(Calcium Milk),식품첨가물,프랑스,타공급사 보유,보통,적재,밀크칼슘(유청칼슘)파우더,하이베이스,18000
태왕물산,밀크칼슘(Calcium Milk),식품첨가물,프랑스,★공급사 미상 → 후보,보통,적재,칼슘(구연산),공급사 미상(source21),17000
태왕물산,밀크칼슘(Calcium Milk),식품첨가물,프랑스,★공급사 미상 → 후보,보통,적재,칼슘(밀크칼슘),공급사 미상(source21),20000
태왕물산,밀크칼슘(Calcium Milk),식품첨가물,프랑스,★공급사 미상 → 후보,보통,적재,칼슘(밀크칼슘),공급사 미상(source21),17000
태왕물산,밀크칼슘(Calcium Milk),식품첨가물,프랑스,★공급사 미상 → 후보,보통,적재,칼슘(산호),공급사 미상(source21),20000
태왕물산,밀크칼슘(Calcium Milk),식품첨가물,프랑스,★공급사 미상 → 후보,보통,적재,칼슘(산호),공급사 미상(source21),24000
태왕물산,밀크칼슘(Calcium Milk),식품첨가물,프랑스,★공급사 미상 → 후보,보통,적재,칼슘(어골),공급사 미상(source21),38000
태왕물산,밀크칼슘(Calcium Milk),식품첨가물,프랑스,★공급사 미상 → 후보,보통,적재,칼슘(탄산),공급사 미상(source21),2500
태왕물산,밀크칼슘(Calcium Milk),식품첨가물,프랑스,★공급사 미상 → 후보,보통,적재,칼슘(해조),공급사 미상(source21),9500
태왕물산,바나나농축액,식품첨가물,국산,신규(DB에 없음),,적재,,,
태왕물산,바나나분말,식품첨가물,에콰도르,신규(DB에 없음),,적재,,,
태왕물산,바나나추출분말,식품첨가물,국산,신규(DB에 없음),,적재,,,
태왕물산,바닐라미크론,식품첨가물,국산,신규(DB에 없음),,적재,,,
태왕물산,바이솔(와송)추출분말,식품첨가물,국산,신규(DB에 없음),,적재,,,
태왕물산,박하(상품) - 지상부,식품첨가물,국산,신규(DB에 없음),,적재,,,
태왕물산,박하(중품) - 지상부,식품첨가물,국산,신규(DB에 없음),,적재,,,
태왕물산,밤나무 - 열매속껍질,식품첨가물,국산,신규(DB에 없음),,적재,,,
태왕물산,밤나무(말린밤) - 열매,식품첨가물,국산,신규(DB에 없음),,적재,,,
태왕물산,배농축분말,식품첨가물,국산,신규(DB에 없음),,적재,,,
태왕물산,배농축액,식품첨가물,국산,★공급사 미상 → 후보,확실,적재,배농축액,공급사 미상(source21),8500
태왕물산,배농축액,식품첨가물,국산,★공급사 미상 → 후보,확실,적재,배농축액,공급사 미상(source21),5200
태왕물산,배농축액,식품첨가물,국산,타공급사 보유,확실,적재,배농축액,해찬솔,8500
태왕물산,배농축액,식품첨가물,국산,타공급사 보유,확실,적재,배농축액,해찬솔,5200
태왕물산,배농축액,식품첨가물,국산,타공급사 보유,확실,적재,배농축액(66Brix이상),하이베이스,4400
태왕물산,배농축액,식품첨가물,국산,타공급사 보유,확실,적재,배농축액,새롬비앤에프,15000
태왕물산,배초향(곽향) - 지상부,식품첨가물,국산,신규(DB에 없음),,적재,,,
태왕물산,백년초(생물) - 줄기,식품첨가물,국산,신규(DB에 없음),,적재,,,
태왕물산,백년초농축액,식품첨가물,국산,신규(DB에 없음),,적재,,,
태왕물산,백당(식),식품첨가물,국산,신규(DB에 없음),,적재,,,
태왕물산,백목련(신이화) - 꽃잎,식품첨가물,국산,신규(DB에 없음),,적재,,,
태왕물산,백출(삽주) - 뿌리,식품첨가물,국산,신규(DB에 없음),,적재,,,
태왕물산,백포도농축분말,식품첨가물,국산,신규(DB에 없음),,적재,,,
태왕물산,버드나무 - 가지,식품첨가물,국산,신규(DB에 없음),,적재,,,
태왕물산,버섯추출분말,식품첨가물,국산,타공급사 보유,보통,적재,노루궁뎅이버섯추출분말,해찬솔,21000
태왕물산,베리혼합농축분말,식품첨가물,국산,신규(DB에 없음),,적재,,,
태왕물산,베타글루칸,식품첨가물,국산,신규(DB에 없음),,적재,,,
태왕물산,복령 - 균핵,식품첨가물,국산,신규(DB에 없음),,적재,,,
태왕물산,복분자 - 열매,식품첨가물,국산,신규(DB에 없음),,적재,,,
태왕물산,복분자농축분말,식품첨가물,국산,신규(DB에 없음),,적재,,,
태왕물산,복분자농축액,식품첨가물,국산,★공급사 미상 → 후보,확실,적재,복분자농축액,공급사 미상(source21),25000
태왕물산,복분자농축액,식품첨가물,국산,★공급사 미상 → 후보,확실,적재,복분자농축액(20브릭스),공급사 미상(source21),65000
태왕물산,복분자농축액,식품첨가물,국산,타공급사 보유,확실,적재,복분자 농축액,해찬솔,25000
태왕물산,복분자농축액,식품첨가물,국산,타공급사 보유,확실,적재,복분자 농축액(20BRIX),해찬솔,65000
태왕물산,복분자농축액,식품첨가물,국산,타공급사 보유,확실,적재,복분자 농축액(65BRIX),해찬솔,40000
태왕물산,복숭아농축액,식품첨가물,국산,★공급사 미상 → 후보,확실,적재,복숭아농축액,공급사 미상(source21),9500
태왕물산,복숭아농축액,식품첨가물,국산,타공급사 보유,확실,적재,복숭아농축액,해찬솔,9500
태왕물산,복숭아추출분말,식품첨가물,국산,★공급사 미상 → 후보,확실,적재,복숭아추출분말,공급사 미상(source21),27000
태왕물산,분리유단백분말 (MPI),식품첨가물,미국산,타공급사 보유,높음,적재,분리유단백(MPI),담원인터내셔널,22000
태왕물산,분리유단백분말(MPI),식품첨가물,미국,타공급사 보유,높음,적재,분리유단백(MPI),담원인터내셔널,22000
태왕물산,블랙베리농축액,식품첨가물,국산,신규(DB에 없음),,적재,,,
태왕물산,블랙커런트농축분말,식품첨가물,국산,타공급사 보유,확실,적재,블랙커런트농축분말,새롬비앤에프,27000
태왕물산,블랙커런트농축액,식품첨가물,국산,신규(DB에 없음),,적재,,,
태왕물산,블루베리농축분말,식품첨가물,국산,★공급사 미상 → 후보,확실,적재,블루베리농축분말,공급사 미상(source21),24000
태왕물산,블루베리농축분말,식품첨가물,국산,타공급사 보유,확실,적재,"블루베리농축분말
(cos10817)",엘본에이치앤비,24000
태왕물산,블루베리농축분말,식품첨가물,국산,타공급사 보유,확실,적재,블루베리 농축분말,새롬비앤에프,23000
태왕물산,블루베리농축분말,식품첨가물,국산,타공급사 보유,확실,적재,블루베리 농축분말,해찬솔,15000
태왕물산,블루베리농축분말,식품첨가물,국산,타공급사 보유,확실,적재,블루베리 농축분말,새롬비앤에프,24000
태왕물산,블루베리농축분말,식품첨가물,국산,타공급사 보유,확실,적재,블루베리 농축분말,하이베이스,40000
태왕물산,블루베리농축액,식품첨가물,국산,★공급사 미상 → 후보,확실,적재,블루베리농축액,공급사 미상(source21),13000
태왕물산,블루베리농축액,식품첨가물,국산,타공급사 보유,확실,적재,블루베리농축액,해찬솔,12000
태왕물산,블루베리농축액,식품첨가물,국산,타공급사 보유,확실,적재,블루베리농축액,해찬솔,13000
태왕물산,블루베리농축액,식품첨가물,국산,타공급사 보유,확실,적재,블루베리농축액,하이베이스,22000
태왕물산,블루베리농축액,식품첨가물,국산,타공급사 보유,확실,적재,블루베리농축액,해찬솔,12500
태왕물산,비수리(야관문)농축액,식품첨가물,국산,신규(DB에 없음),,적재,,,
태왕물산,"비수리(야관문)-잎,줄기",식품첨가물,국산,신규(DB에 없음),,적재,,,
태왕물산,비자나무 - 열매,식품첨가물,국산,신규(DB에 없음),,적재,,,
태왕물산,비타민 D3 혼합분말(식품),식품첨가물,스위스,타공급사 보유,보통,적재,비타민D3,하이베이스,60000
태왕물산,비타민 D3 혼합분말(식품),식품첨가물,스위스,타공급사 보유,보통,적재,비타민D3,하이베이스,71500
태왕물산,비타민B1염산염(식),식품첨가물,독일,타공급사 보유,보통,적재,비타민B1,하이베이스,55000
태왕물산,비타민B1질산염,식품첨가물,독일,타공급사 보유,보통,적재,비타민B1,하이베이스,55000
태왕물산,비타민B2,식품첨가물,독일,타공급사 보유,확실,적재,비타민B2,하이베이스,95000
태왕물산,비타민B6염산염,식품첨가물,영국,타공급사 보유,보통,적재,비타민B6,하이베이스,47000
태왕물산,비타민C(Fine powder),식품첨가물,영국,★공급사 미상 → 후보,확실,적재,비타민C,공급사 미상(source21),7500
태왕물산,비타민C(Fine powder),식품첨가물,영국,★공급사 미상 → 후보,확실,적재,비타민C(중성),공급사 미상(source21),70000
태왕물산,비타민C(Fine powder),식품첨가물,영국,★공급사 미상 → 후보,확실,적재,비타민C(리포조말),공급사 미상(source21),150000
태왕물산,비타민C(Fine powder),식품첨가물,영국,★공급사 미상 → 후보,확실,적재,비타민C(리포조말),공급사 미상(source21),170000
태왕물산,비타민C(Fine powder),식품첨가물,영국,타공급사 보유,확실,적재,비타민C ( Luwei ),태성,7500
태왕물산,비타민C(Fine powder),식품첨가물,영국,타공급사 보유,확실,적재,비타민C,서호상사,6500
태왕물산,비타민C(Fine powder),식품첨가물,영국,타공급사 보유,확실,적재,비타민C,선일에프앤씨,4800
태왕물산,비타민C(Fine powder),식품첨가물,영국,타공급사 보유,확실,적재,비타민C (직타용),선일에프앤씨,6800
태왕물산,비타민C(Fine powder),식품첨가물,영국,타공급사 보유,확실,적재,비타민C,하이베이스,7000
태왕물산,비타민C(Fine powder),식품첨가물,영국,★공급사 미상 → 후보,확실,적재,비타민C,공급사 미상(source21),35000
태왕물산,비타민C(Fine powder),식품첨가물,영국,타공급사 보유,확실,적재,비타민C,원아,4300
태왕물산,비타민C(Fine powder),식품첨가물,영국,타공급사 보유,확실,적재,비타민C,씨에스에프,4600
태왕물산,비타민C(Fine powder),식품첨가물,영국,타공급사 보유,보통,적재,중성비타민C,하이베이스,70000
태왕물산,비타민C(Fine powder),식품첨가물,영국,타공급사 보유,보통,적재,중성비타민C,제일,40000
태왕물산,비타민C(Fine powder),식품첨가물,영국,★공급사 미상 → 후보,보통,적재,리포좀비타민C,공급사 미상(source21),140000
태왕물산,비타민C(Fine powder),식품첨가물,영국,★공급사 미상 → 후보,보통,적재,리포좀비타민C70%,공급사 미상(source21),147000
태왕물산,비타민C(Fine powder),식품첨가물,영국,타공급사 보유,보통,적재,비타민C 97% 혼합제제,태성,12000
태왕물산,비타민C(Fine powder),식품첨가물,영국,타공급사 보유,보통,적재,리포조말비타민C,보타닉,110000
태왕물산,비타민미네랄믹스,식품첨가물,국내제조,타공급사 보유,확실,적재,비타민 미네랄믹스,하이베이스,27000
태왕물산,비타민미네랄믹스,식품첨가물,국내제조,★공급사 미상 → 후보,높음,적재,비타민미네랄믹스Fs,공급사 미상(source21),108000
태왕물산,비타민미네랄믹스,식품첨가물,국내제조,★공급사 미상 → 후보,높음,적재,비타민미네랄믹스Fs,공급사 미상(source21),30000
태왕물산,비타민미네랄믹스,식품첨가물,국내제조,타공급사 보유,높음,적재,비타민미네랄믹스fs1,엘본에이치앤비,36000
태왕물산,비파(비파엽) - 잎,식품첨가물,국산,신규(DB에 없음),,적재,,,
태왕물산,빌베리,식품첨가물,핀란드,★공급사 미상 → 후보,보통,적재,빌베리추출물,공급사 미상(source21),77000
태왕물산,빌베리,식품첨가물,핀란드,★공급사 미상 → 후보,보통,적재,빌베리추출물,공급사 미상(source21),950000
태왕물산,뽕나무(상백피) - 껍질,식품첨가물,국산,신규(DB에 없음),,적재,,,
태왕물산,뽕나무(상엽) - 잎,식품첨가물,국산,신규(DB에 없음),,적재,,,
태왕물산,뽕나무(상지) - 가지,식품첨가물,국산,신규(DB에 없음),,적재,,,
태왕물산,사과농축분말,식품첨가물,국산,★공급사 미상 → 후보,확실,적재,사과농축분말(풋),공급사 미상(source21),14000
태왕물산,사과농축분말,식품첨가물,국산,★공급사 미상 → 후보,확실,적재,사과농축분말(청),공급사 미상(source21),15000
태왕물산,사과농축분말,식품첨가물,국산,타공급사 보유,확실,적재,사과 농축분말,해찬솔,14000
태왕물산,사과농축분말,식품첨가물,국산,타공급사 보유,확실,적재,사과 농축분말,새롬비앤에프,15000
태왕물산,사과농축분말,식품첨가물,국산,타공급사 보유,확실,적재,사과농축분말,하이베이스,16000
태왕물산,사과농축분말,식품첨가물,국산,타공급사 보유,확실,적재,사과농축분말(SR-20395),하이베이스,18000
태왕물산,사과농축분말,식품첨가물,국산,타공급사 보유,높음,적재,풋사과농축분말,해찬솔,14000
태왕물산,사과농축분말,식품첨가물,국산,타공급사 보유,높음,적재,청사과농축분말,새롬비앤에프,15000
태왕물산,사과농축분말,식품첨가물,국산,★공급사 미상 → 후보,확실,적재,사과농축분말(풋),공급사 미상(source21),14000
태왕물산,사과농축분말,식품첨가물,국산,★공급사 미상 → 후보,확실,적재,사과농축분말(청),공급사 미상(source21),15000
태왕물산,사과농축분말,식품첨가물,국산,타공급사 보유,확실,적재,사과 농축분말,해찬솔,14000
태왕물산,사과농축분말,식품첨가물,국산,타공급사 보유,확실,적재,사과 농축분말,새롬비앤에프,15000
태왕물산,사과농축분말,식품첨가물,국산,타공급사 보유,확실,적재,사과농축분말,하이베이스,16000
태왕물산,사과농축분말,식품첨가물,국산,타공급사 보유,확실,적재,사과농축분말(SR-20395),하이베이스,18000
태왕물산,사과농축분말,식품첨가물,국산,타공급사 보유,높음,적재,풋사과농축분말,해찬솔,14000
태왕물산,사과농축분말,식품첨가물,국산,타공급사 보유,높음,적재,청사과농축분말,새롬비앤에프,15000
태왕물산,사과농축액,식품첨가물,국산,★공급사 미상 → 후보,확실,적재,사과농축액,공급사 미상(source21),4400
태왕물산,사과농축액,식품첨가물,국산,★공급사 미상 → 후보,확실,적재,사과농축액,공급사 미상(source21),5700
태왕물산,사과농축액,식품첨가물,국산,타공급사 보유,확실,적재,사과 농축액,해찬솔,4400
태왕물산,사과농축액,식품첨가물,국산,타공급사 보유,확실,적재,사과 농축액,해찬솔,5700
태왕물산,사과농축액,식품첨가물,국산,타공급사 보유,확실,적재,사과 농축액,하이베이스,7500
태왕물산,사과농축액,식품첨가물,국산,★공급사 미상 → 후보,보통,적재,아누카사과농축액,공급사 미상(source21),18000
태왕물산,사상자 - 열매,식품첨가물,국산,신규(DB에 없음),,적재,,,
태왕물산,사철쑥(인진쑥) - 지상부,식품첨가물,국산,신규(DB에 없음),,적재,,,
태왕물산,산사나무(산사) - 열매,식품첨가물,국산,신규(DB에 없음),,적재,,,
태왕물산,산사자농축액,식품첨가물,국산,신규(DB에 없음),,적재,,,
태왕물산,산수유(상품) - 열매,식품첨가물,국산,신규(DB에 없음),,적재,,,
태왕물산,산수유(중품) - 열매,식품첨가물,국산,신규(DB에 없음),,적재,,,
태왕물산,산수유농축액,식품첨가물,국산,신규(DB에 없음),,적재,,,
태왕물산,산수유추출분말,식품첨가물,국산,★공급사 미상 → 후보,확실,적재,산수유추출분말,공급사 미상(source21),25000
태왕물산,산수유추출분말,식품첨가물,국산,★공급사 미상 → 후보,확실,적재,산수유추출분말,공급사 미상(source21),32000
태왕물산,산수유추출분말,식품첨가물,국산,타공급사 보유,확실,적재,산수유추출분말,해찬솔,25000
태왕물산,산수유추출분말,식품첨가물,국산,타공급사 보유,확실,적재,산수유추출분말,새롬비앤에프,35000
태왕물산,산수유추출분말,식품첨가물,국산,★공급사 미상 → 후보,높음,적재,산수유추출분말',공급사 미상(source21),35000
태왕물산,산약(마)농축액,식품첨가물,국산,신규(DB에 없음),,적재,,,
태왕물산,산죽(제주조릿대) - 잎,식품첨가물,국산,신규(DB에 없음),,적재,,,
태왕물산,산초나무(산초) - 열매,식품첨가물,국산,신규(DB에 없음),,적재,,,
태왕물산,살구농축액,식품첨가물,국산,신규(DB에 없음),,적재,,,
태왕물산,삼백초 - 전체,식품첨가물,국산,신규(DB에 없음),,적재,,,
태왕물산,상황버섯(참상황),식품첨가물,국산,신규(DB에 없음),,적재,,,
태왕물산,상황버섯(현미상황),식품첨가물,국산,신규(DB에 없음),,적재,,,
태왕물산,새싹귀리분말,식품첨가물,국내,신규(DB에 없음),,적재,,,
태왕물산,새싹보리분말,식품첨가물,국내,타공급사 보유,확실,적재,새싹보리분말,하이베이스,17000
태왕물산,새싹보리분말,식품첨가물,국내,★공급사 미상 → 후보,보통,적재,보리분말,공급사 미상(source21),11000
태왕물산,새싹보리분말,식품첨가물,국내,타공급사 보유,보통,적재,보리 분말(생),하이베이스,4500
태왕물산,새싹보리분말,식품첨가물,국내,타공급사 보유,보통,적재,보리 분말(볶음),하이베이스,5000
태왕물산,생강농축액,식품첨가물,국산,★공급사 미상 → 후보,확실,적재,생강농축액,공급사 미상(source21),53000
태왕물산,생강농축액,식품첨가물,국산,★공급사 미상 → 후보,확실,적재,생강농축액,공급사 미상(source21),9500
태왕물산,생강농축액,식품첨가물,국산,타공급사 보유,확실,적재,생강농축액,해찬솔,53000
태왕물산,생강농축액,식품첨가물,국산,타공급사 보유,확실,적재,생강농축액,해찬솔,9500
태왕물산,생강농축액,식품첨가물,국산,타공급사 보유,확실,적재,생강농축액(60Brix이상),하이베이스,29000
태왕물산,생강농축액,식품첨가물,국산,타공급사 보유,확실,적재,생강농축액,새롬비앤에프,42000
태왕물산,생강추출분말,식품첨가물,국산,타공급사 보유,확실,적재,생강추출분말,해찬솔,22000
태왕물산,생강추출분말,식품첨가물,국산,타공급사 보유,확실,적재,생강추출분말,하이베이스,28000
태왕물산,생강추출분말,식품첨가물,국산,타공급사 보유,확실,적재,생강추출분말,새롬비앤에프,40000
태왕물산,서리태(검은콩) - 씨앗,식품첨가물,국산,신규(DB에 없음),,적재,,,
태왕물산,서목태(쥐눈이콩)-씨앗,식품첨가물,국산,신규(DB에 없음),,적재,,,
태왕물산,석류농축분말,식품첨가물,국산,신규(DB에 없음),,적재,,,
태왕물산,석류농축액,식품첨가물,국산,★공급사 미상 → 후보,확실,적재,석류농축액,공급사 미상(source21),11000
태왕물산,석류농축액,식품첨가물,국산,★공급사 미상 → 후보,확실,적재,석류농축액,공급사 미상(source21),8000
태왕물산,석류농축액,식품첨가물,국산,★공급사 미상 → 후보,확실,적재,석류농축액(유기농),공급사 미상(source21),7500
태왕물산,석류농축액,식품첨가물,스페인,★공급사 미상 → 후보,확실,적재,석류농축액,공급사 미상(source21),11000
태왕물산,석류농축액,식품첨가물,스페인,★공급사 미상 → 후보,확실,적재,석류농축액,공급사 미상(source21),8000
태왕물산,석류농축액,식품첨가물,스페인,★공급사 미상 → 후보,확실,적재,석류농축액(유기농),공급사 미상(source21),7500
태왕물산,석창포 - 뿌리줄기,식품첨가물,국산,신규(DB에 없음),,적재,,,
태왕물산,세븐베리농축혼합분말,식품첨가물,국산,신규(DB에 없음),,적재,,,
태왕물산,셀레늄,식품첨가물,캐나다,신규(DB에 없음),,적재,,,
태왕물산,소나무(솔잎) - 잎,식품첨가물,국산,신규(DB에 없음),,적재,,,
태왕물산,솔비톨액상 (=마나톨 7070),식품첨가물,국산,신규(DB에 없음),,적재,,,
태왕물산,솔비톨파우다60W (60mesh),식품첨가물,중국,신규(DB에 없음),,적재,,,
태왕물산,솔비톨파우더 (10~40mesh),식품첨가물,국산,신규(DB에 없음),,적재,,,
태왕물산,솔비톨파우더PKC 660 (20~60mesh),식품첨가물,중국,신규(DB에 없음),,적재,,,
태왕물산,솔잎농축액,식품첨가물,국산,신규(DB에 없음),,적재,,,
태왕물산,쇠뜨기(쇠뜨기풀) - 잎,식품첨가물,국산,신규(DB에 없음),,적재,,,
태왕물산,쇠비름(마치현) - 잎,식품첨가물,국산,신규(DB에 없음),,적재,,,
태왕물산,수세미 - 열매,식품첨가물,국산,신규(DB에 없음),,적재,,,
태왕물산,수크랄로스(식첨),식품첨가물,미국,★공급사 미상 → 후보,확실,적재,수크랄로스,공급사 미상(source21),44000
태왕물산,수크랄로스(식첨),식품첨가물,미국,타공급사 보유,확실,적재,수크랄로스,씨에스에프,60000
태왕물산,숙지황농축액,식품첨가물,국산,★공급사 미상 → 후보,확실,적재,숙지황농축액,공급사 미상(source21),20000
태왕물산,슈가 파우더,식품첨가물,국산,신규(DB에 없음),,적재,,,
태왕물산,스마그 (식),식품첨가물,말레이시아,신규(DB에 없음),,적재,,,
태왕물산,시금치추출분말,식품첨가물,국산,신규(DB에 없음),,적재,,,
태왕물산,식물혼합농축분말,식품첨가물,국산,신규(DB에 없음),,적재,,,
태왕물산,식물혼합농축액(대보),식품첨가물,국산,신규(DB에 없음),,적재,,,
태왕물산,식용색소 적색40호,식품첨가물,미국,신규(DB에 없음),,적재,,,
태왕물산,식용색소 황색 4호,식품첨가물,미국,신규(DB에 없음),,적재,,,
태왕물산,신선초(명일엽) -잎,식품첨가물,국산,신규(DB에 없음),,적재,,,
태왕물산,쌀발효분말,식품첨가물,국내,타공급사 보유,확실,적재,쌀발효분말,하이베이스,68000
태왕물산,쌍화농축분말,식품첨가물,국산,신규(DB에 없음),,적재,,,
태왕물산,쌍화농축액,식품첨가물,국산,신규(DB에 없음),,적재,,,
태왕물산,씀바귀 - 잎,식품첨가물,국산,신규(DB에 없음),,적재,,,
태왕물산,아가리쿠스버섯,식품첨가물,국산,신규(DB에 없음),,적재,,,
태왕물산,아로니아농축분말,식품첨가물,국산,타공급사 보유,확실,적재,아로니아농축분말,하이베이스,17000
태왕물산,아로니아농축분말,식품첨가물,국산,타공급사 보유,확실,적재,아로니아농축분말,해찬솔,15500
태왕물산,아로니아농축액,식품첨가물,국산,★공급사 미상 → 후보,확실,적재,아로니아농축액,공급사 미상(source21),7000
태왕물산,아로니아농축액,식품첨가물,국산,타공급사 보유,확실,적재,아로니아농축액,해찬솔,7800
태왕물산,아로니아농축액,식품첨가물,국산,타공급사 보유,확실,적재,아로니아농축액,하이베이스,7000
태왕물산,아로니아농축액,식품첨가물,국산,타공급사 보유,확실,적재,아로니아농축액,새롬비앤에프,12000
태왕물산,아르간오일100%(저온압착추출방식),식품첨가물,모로코,신규(DB에 없음),,적재,,,
태왕물산,아사이베리과즙,식품첨가물,국산,신규(DB에 없음),,적재,,,
태왕물산,아사이베리과즙분말,식품첨가물,국산,신규(DB에 없음),,적재,,,
태왕물산,아세로라추출분말 25%,식품첨가물,프랑스,신규(DB에 없음),,적재,,,
태왕물산,아세설팜칼륨 (Acesulfarm K),식품첨가물,싱가포르,신규(DB에 없음),,적재,,,
태왕물산,아세설팜칼륨(식),식품첨가물,싱가폴,신규(DB에 없음),,적재,,,
태왕물산,아세설팜칼륨(식),식품첨가물,독일,신규(DB에 없음),,적재,,,
태왕물산,아스타잔틴 10%,식품첨가물,뉴질랜드,신규(DB에 없음),,적재,,,
태왕물산,아스타잔틴 5%,식품첨가물,뉴질랜드,신규(DB에 없음),,적재,,,
태왕물산,아스파탐,식품첨가물,국산,★공급사 미상 → 후보,확실,적재,아스파탐,공급사 미상(source21),35000
태왕물산,아스파탐,식품첨가물,국산,★공급사 미상 → 후보,확실,적재,아스파탐,공급사 미상(source21),35000
태왕물산,아스파탐(보령제약 납품건),식품첨가물,국산,★공급사 미상 → 후보,확실,적재,아스파탐,공급사 미상(source21),35000
태왕물산,안식향산나트륨,식품첨가물,미국,신규(DB에 없음),,적재,,,
태왕물산,액상과당(고과당),식품첨가물,국산,신규(DB에 없음),,적재,,,
태왕물산,약쑥 (강화쑥) - 잎,식품첨가물,국산,신규(DB에 없음),,적재,,,
태왕물산,약쑥 (애엽) - 잎(상품),식품첨가물,국산,신규(DB에 없음),,적재,,,
태왕물산,약쑥 (애엽) - 잎(중품),식품첨가물,국산,신규(DB에 없음),,적재,,,
태왕물산,어성초(약모밀)-지상부,식품첨가물,국산,신규(DB에 없음),,적재,,,
태왕물산,엄나무 - 줄기,식품첨가물,국산,신규(DB에 없음),,적재,,,
태왕물산,엄나무(해동피) - 껍질,식품첨가물,국산,신규(DB에 없음),,적재,,,
태왕물산,엉겅퀴 - 뿌리,식품첨가물,국산,신규(DB에 없음),,적재,,,
태왕물산,엉겅퀴 - 전초,식품첨가물,국산,신규(DB에 없음),,적재,,,
태왕물산,에리스리톨 P,식품첨가물,국산,타공급사 보유,높음,적재,에리스리톨,씨에스에프,2600
태왕물산,여주 - 열매,식품첨가물,국산,신규(DB에 없음),,적재,,,
태왕물산,연(연근) - 뿌리,식품첨가물,국산,신규(DB에 없음),,적재,,,
태왕물산,연(하엽) - 잎,식품첨가물,국산,신규(DB에 없음),,적재,,,
태왕물산,연잎농축분말,식품첨가물,국산,신규(DB에 없음),,적재,,,
태왕물산,열대과일홉합분말,식품첨가물,국산,신규(DB에 없음),,적재,,,
태왕물산,염화마그네슘,식품첨가물,국산,신규(DB에 없음),,적재,,,
태왕물산,염화마그네슘,식품첨가물,일본,신규(DB에 없음),,적재,,,
태왕물산,엽산(FOLIC ACID),식품첨가물,스위스,★공급사 미상 → 후보,보통,적재,활성엽산,공급사 미상(source21),27500
태왕물산,엽산(FOLIC ACID),식품첨가물,스위스,타공급사 보유,보통,적재,활성엽산,삼오제약,27000
태왕물산,영지농축액,식품첨가물,국산,신규(DB에 없음),,적재,,,
태왕물산,"영지버섯(갓,절)-자실체",식품첨가물,국산,신규(DB에 없음),,적재,,,
태왕물산,"영지버섯(갓,통)-자실체",식품첨가물,국산,신규(DB에 없음),,적재,,,
태왕물산,영지버섯(대공/핀),식품첨가물,국산,타공급사 보유,보통,적재,영지버섯분말,해찬솔,21000
태왕물산,오가피 - 껍질,식품첨가물,국산,신규(DB에 없음),,적재,,,
태왕물산,오가피농축액,식품첨가물,국산,신규(DB에 없음),,적재,,,
태왕물산,오가피추출분말,식품첨가물,국산,★공급사 미상 → 후보,높음,적재,가시오가피추출분말,공급사 미상(source21),30000
태왕물산,오디농축분말,식품첨가물,국산,★공급사 미상 → 후보,확실,적재,오디농축분말,공급사 미상(source21),32000
태왕물산,오디농축액,식품첨가물,국산,신규(DB에 없음),,적재,,,
태왕물산,오렌지농축분말,식품첨가물,국산,★공급사 미상 → 후보,확실,적재,오렌지농축분말,공급사 미상(source21),15000
태왕물산,오렌지농축분말,식품첨가물,국산,★공급사 미상 → 후보,확실,적재,오렌지농축분말,공급사 미상(source21),18000
태왕물산,오렌지농축분말,식품첨가물,국산,타공급사 보유,확실,적재,오렌지농축분말,해찬솔,15000
태왕물산,오렌지농축분말,식품첨가물,국산,타공급사 보유,확실,적재,오렌지농축분말,새롬비앤에프,15000
태왕물산,오렌지농축분말,식품첨가물,국산,타공급사 보유,확실,적재,오렌지농축분말,하이베이스,18000
태왕물산,오렌지농축액,식품첨가물,국산,★공급사 미상 → 후보,확실,적재,오렌지농축액,공급사 미상(source21),11000
태왕물산,오렌지농축액,식품첨가물,국산,타공급사 보유,확실,적재,오렌지농축액,하이베이스,11000
태왕물산,오렌지농축액,식품첨가물,국산,★공급사 미상 → 후보,보통,적재,모로블러드오렌지농축액,공급사 미상(source21),9700
태왕물산,오렌지농축액,식품첨가물,국산,타공급사 보유,보통,적재,모로블러드오렌지농축액,해찬솔,9700
태왕물산,오렌지미크론,식품첨가물,국산,신규(DB에 없음),,적재,,,
태왕물산,오리나무 - 껍질,식품첨가물,국산,신규(DB에 없음),,적재,,,
태왕물산,오미자(냉동) - 열매,식품첨가물,국산,신규(DB에 없음),,적재,,,
태왕물산,오미자(상품) - 열매,식품첨가물,국산,신규(DB에 없음),,적재,,,
태왕물산,오미자(중품) - 열매,식품첨가물,국산,신규(DB에 없음),,적재,,,
태왕물산,오미자농축액,식품첨가물,국산,신규(DB에 없음),,적재,,,
태왕물산,오미자추출분말,식품첨가물,국산,★공급사 미상 → 후보,확실,적재,오미자추출분말,공급사 미상(source21),34000
태왕물산,오미자추출분말,식품첨가물,국산,★공급사 미상 → 후보,확실,적재,오미자추출분말,공급사 미상(source21),19000
태왕물산,오자농축분말,식품첨가물,국산,신규(DB에 없음),,적재,,,
태왕물산,오자농축분말,식품첨가물,국산,신규(DB에 없음),,적재,,,
태왕물산,옥수수(수염) - 암술대,식품첨가물,국산,신규(DB에 없음),,적재,,,
태왕물산,옥수수수염추출분말,식품첨가물,국산,★공급사 미상 → 후보,확실,적재,옥수수수염추출분말,공급사 미상(source21),25000
태왕물산,옥수수수염추출분말,식품첨가물,국산,타공급사 보유,확실,적재,옥수수수염추출분말,해찬솔,25000
태왕물산,옥수수수염추출분말,식품첨가물,국산,★공급사 미상 → 후보,보통,적재,옥수수수염,공급사 미상(source21),42000
태왕물산,올리브유(OIL),식품첨가물,롯데푸드,신규(DB에 없음),,적재,,,
태왕물산,옻나무(상품) - 줄기,식품첨가물,국산,신규(DB에 없음),,적재,,,
태왕물산,옻나무(중품) - 줄기,식품첨가물,국산,신규(DB에 없음),,적재,,,
태왕물산,왕느릅나무(유백피)-껍질,식품첨가물,국산,신규(DB에 없음),,적재,,,
태왕물산,우슬(쇠무릎) - 뿌리,식품첨가물,국산,신규(DB에 없음),,적재,,,
태왕물산,우엉(볶음) - 뿌리,식품첨가물,국산,신규(DB에 없음),,적재,,,
태왕물산,운지버섯 - 자실체,식품첨가물,국산,신규(DB에 없음),,적재,,,
태왕물산,울금 - 뿌리,식품첨가물,국산,신규(DB에 없음),,적재,,,
태왕물산,울금추출분말,식품첨가물,국산,★공급사 미상 → 후보,확실,적재,울금추출분말,공급사 미상(source21),29000
태왕물산,유기농빌베리,식품첨가물,핀란드,신규(DB에 없음),,적재,,,
태왕물산,유기농차가버섯,식품첨가물,핀란드,신규(DB에 없음),,적재,,,
태왕물산,유당(Lactose),식품첨가물,미국,신규(DB에 없음),,적재,,,
태왕물산,유자과즙분말,식품첨가물,국산,★공급사 미상 → 후보,확실,적재,유자과즙분말,공급사 미상(source21),29000
태왕물산,유자과즙분말,식품첨가물,국산,★공급사 미상 → 후보,확실,적재,유자과즙분말,공급사 미상(source21),28000
태왕물산,유자과즙분말,식품첨가물,국산,타공급사 보유,확실,적재,유자과즙분말,해찬솔,29000
태왕물산,유자과즙분말,식품첨가물,국산,타공급사 보유,확실,적재,유자과즙분말,하이베이스,28000
태왕물산,유자농축액,식품첨가물,국산,신규(DB에 없음),,적재,,,
태왕물산,유채씨분말,식품첨가물,미국,신규(DB에 없음),,적재,,,
태왕물산,유청분말(SWP) – 탈염,식품첨가물,"폴란드, 아일랜드",신규(DB에 없음),,적재,,,
태왕물산,유청칼슘(Calcium Sulphate),식품첨가물,뉴질랜드,타공급사 보유,확실,적재,유청칼슘,하이베이스,20000
태왕물산,유청칼슘(Calcium Sulphate),식품첨가물,뉴질랜드,★공급사 미상 → 후보,보통,적재,칼슘(구연산),공급사 미상(source21),17000
태왕물산,유청칼슘(Calcium Sulphate),식품첨가물,뉴질랜드,★공급사 미상 → 후보,보통,적재,칼슘(밀크칼슘),공급사 미상(source21),20000
태왕물산,유청칼슘(Calcium Sulphate),식품첨가물,뉴질랜드,★공급사 미상 → 후보,보통,적재,칼슘(밀크칼슘),공급사 미상(source21),17000
태왕물산,유청칼슘(Calcium Sulphate),식품첨가물,뉴질랜드,★공급사 미상 → 후보,보통,적재,칼슘(산호),공급사 미상(source21),20000
태왕물산,유청칼슘(Calcium Sulphate),식품첨가물,뉴질랜드,★공급사 미상 → 후보,보통,적재,칼슘(산호),공급사 미상(source21),24000
태왕물산,유청칼슘(Calcium Sulphate),식품첨가물,뉴질랜드,★공급사 미상 → 후보,보통,적재,칼슘(어골),공급사 미상(source21),38000
태왕물산,유청칼슘(Calcium Sulphate),식품첨가물,뉴질랜드,★공급사 미상 → 후보,보통,적재,칼슘(탄산),공급사 미상(source21),2500
태왕물산,유청칼슘(Calcium Sulphate),식품첨가물,뉴질랜드,★공급사 미상 → 후보,보통,적재,칼슘(해조),공급사 미상(source21),9500
태왕물산,율무 - 씨앗,식품첨가물,국산,신규(DB에 없음),,적재,,,
태왕물산,율무농축분말,식품첨가물,국산,신규(DB에 없음),,적재,,,
태왕물산,은행나무 - 열매,식품첨가물,국산,신규(DB에 없음),,적재,,,
태왕물산,은행나무 - 잎,식품첨가물,국산,신규(DB에 없음),,적재,,,
태왕물산,은행농축액,식품첨가물,국산,신규(DB에 없음),,적재,,,
태왕물산,은행잎추출물,식품첨가물,미국,★공급사 미상 → 후보,확실,적재,은행잎추출물,공급사 미상(source21),180000
태왕물산,은행잎추출물,식품첨가물,미국,타공급사 보유,확실,적재,은행잎추출물,제일,160000
태왕물산,이질풀(현초) - 잎,식품첨가물,국산,신규(DB에 없음),,적재,,,
태왕물산,익모초 - 지상부,식품첨가물,국산,신규(DB에 없음),,적재,,,
태왕물산,인동(금은화) - 꽃,식품첨가물,국산,신규(DB에 없음),,적재,,,
태왕물산,"인동(인동초) - 잎,줄기",식품첨가물,국산,신규(DB에 없음),,적재,,,
태왕물산,"인삼(4년,검사품) -뿌리",식품첨가물,국산,신규(DB에 없음),,적재,,,
태왕물산,"인삼(4년,원료용) -뿌리",식품첨가물,국산,신규(DB에 없음),,적재,,,
태왕물산,인진쑥농축액,식품첨가물,국산,타공급사 보유,보통,적재,쑥 농축액,새롬비앤에프,16000
태왕물산,인진쑥추출분말,식품첨가물,국산,★공급사 미상 → 후보,확실,적재,인진쑥추출분말,공급사 미상(source21),32000
태왕물산,잎새버섯 - 자실체,식품첨가물,국산,신규(DB에 없음),,적재,,,
태왕물산,자당 지방산에스테르 S-1170,식품첨가물,일본,신규(DB에 없음),,적재,,,
태왕물산,자두농축액,식품첨가물,국산,신규(DB에 없음),,적재,,,
태왕물산,자몽농축분말,식품첨가물,국산,신규(DB에 없음),,적재,,,
태왕물산,자몽농축액,식품첨가물,국산,신규(DB에 없음),,적재,,,
태왕물산,자몽종자추출물 (항균제),식품첨가물,미국,신규(DB에 없음),,적재,,,
태왕물산,자몽종자추출물 (항균제),식품첨가물,브라질,신규(DB에 없음),,적재,,,
태왕물산,자일리톨 (150~300mesh),식품첨가물,중국,★공급사 미상 → 후보,확실,적재,자일리톨,공급사 미상(source21),7500
태왕물산,자일리톨 (150~300mesh),식품첨가물,중국,타공급사 보유,확실,적재,자일리톨,태성,7500
태왕물산,자일리톨 결정,식품첨가물,핀란드,★공급사 미상 → 후보,보통,적재,자일리톨,공급사 미상(source21),7500
태왕물산,자일리톨 결정,식품첨가물,핀란드,타공급사 보유,보통,적재,자일리톨,태성,7500
태왕물산,자일리톨 분말,식품첨가물,핀란드,★공급사 미상 → 후보,보통,적재,자일리톨,공급사 미상(source21),7500
태왕물산,자일리톨 분말,식품첨가물,핀란드,타공급사 보유,보통,적재,자일리톨,태성,7500
태왕물산,작약(상품) - 뿌리,식품첨가물,국산,신규(DB에 없음),,적재,,,
태왕물산,작약(중품) - 뿌리,식품첨가물,국산,신규(DB에 없음),,적재,,,
태왕물산,작약농축액,식품첨가물,국산,신규(DB에 없음),,적재,,,
태왕물산,잔대(사삼) - 뿌리,식품첨가물,국산,신규(DB에 없음),,적재,,,
태왕물산,잔탄검,식품첨가물,오스트리아,★공급사 미상 → 후보,확실,적재,잔탄검,공급사 미상(source21),11500
태왕물산,잔탄검,식품첨가물,오스트리아,★공급사 미상 → 후보,확실,적재,잔탄검,공급사 미상(source21),20000
태왕물산,잔탄검,식품첨가물,오스트리아,타공급사 보유,확실,적재,잔탄검,하이베이스,11500
태왕물산,잔탄검,식품첨가물,오스트리아,타공급사 보유,확실,적재,잔탄검,하이베이스,20000
태왕물산,잔탄검,식품첨가물,오스트리아,타공급사 보유,확실,적재,잔탄검,씨에스에프,9500
태왕물산,"저분자피쉬콜라겐 500DA, 1000DA",식품첨가물,"국내, 수입",신규(DB에 없음),,적재,,,
태왕물산,적색40호,식품첨가물,수입,신규(DB에 없음),,적재,,,
태왕물산,적소두(팥) - 씨앗,식품첨가물,국산,신규(DB에 없음),,적재,,,
태왕물산,적포도농축분말,식품첨가물,국산,신규(DB에 없음),,적재,,,
태왕물산,적포도농축액,식품첨가물,국산,★공급사 미상 → 후보,확실,적재,적포도농축액,공급사 미상(source21),6400
태왕물산,적포도농축액,식품첨가물,국산,타공급사 보유,확실,적재,적포도농축액,해찬솔,6400
태왕물산,정제어유 오메가3,식품첨가물,미국,★공급사 미상 → 후보,보통,적재,오메가3(식물성)(알티지),공급사 미상(source21),79000
태왕물산,정제어유 오메가3,식품첨가물,미국,타공급사 보유,보통,적재,오메가3(식물성)(알티지),솔루텍스,270000
태왕물산,정제어유 오메가3,식품첨가물,미국,타공급사 보유,보통,적재,오메가3(식물성)(알티지),솔루텍스,250000
태왕물산,정제어유 오메가3,식품첨가물,미국,★공급사 미상 → 후보,보통,적재,오메가3(알티지)(동물성),공급사 미상(source21),21500
태왕물산,정제어유 오메가3,식품첨가물,미국,★공급사 미상 → 후보,보통,적재,오메가3(알티지)(동물성),공급사 미상(source21),82000
태왕물산,정제어유 오메가3,식품첨가물,미국,★공급사 미상 → 후보,보통,적재,오메가3(알티지)(동물성),공급사 미상(source21),160000
태왕물산,정제어유 오메가3,식품첨가물,미국,타공급사 보유,보통,적재,오메가3(알티지)(동물성),솔루텍스,160000
태왕물산,정제어유 오메가3,식품첨가물,미국,★공급사 미상 → 후보,보통,적재,오메가3(알티지)(동물성),공급사 미상(source21),90000
태왕물산,정제어유 오메가3,식품첨가물,미국,★공급사 미상 → 후보,보통,적재,오메가3(정제어유분말),공급사 미상(source21),65000
태왕물산,정제어유 오메가3,식품첨가물,미국,★공급사 미상 → 후보,보통,적재,오메가3(정제유분말),공급사 미상(source21),46000
태왕물산,정제어유 오메가3,식품첨가물,미국,타공급사 보유,보통,적재,오메가3(저가형),솔루텍스,80000
태왕물산,정제팜유,식품첨가물,롯데푸드,신규(DB에 없음),,적재,,,
태왕물산,정제포도당,식품첨가물,국산,★공급사 미상 → 후보,확실,적재,정제포도당,공급사 미상(source21),1700
태왕물산,젖산(LATIC ACID),식품첨가물,중국,타공급사 보유,보통,적재,젖산칼슘,하이베이스,4500
태왕물산,젖산나트륨(Sodium Lactic Acid),식품첨가물,중국,신규(DB에 없음),,적재,,,
태왕물산,젖산철(Lactic Acid Iron),식품첨가물,중국,신규(DB에 없음),,적재,,,
태왕물산,젖산칼륨(Potassium Lactate Acid),식품첨가물,중국,신규(DB에 없음),,적재,,,
태왕물산,젖산칼슘,식품첨가물,네덜란드,타공급사 보유,확실,적재,젖산칼슘,하이베이스,4500
태왕물산,젖산칼슘,식품첨가물,네덜란드,★공급사 미상 → 후보,보통,적재,칼슘(구연산),공급사 미상(source21),17000
태왕물산,젖산칼슘,식품첨가물,네덜란드,★공급사 미상 → 후보,보통,적재,칼슘(밀크칼슘),공급사 미상(source21),20000
태왕물산,젖산칼슘,식품첨가물,네덜란드,★공급사 미상 → 후보,보통,적재,칼슘(밀크칼슘),공급사 미상(source21),17000
태왕물산,젖산칼슘,식품첨가물,네덜란드,★공급사 미상 → 후보,보통,적재,칼슘(산호),공급사 미상(source21),20000
태왕물산,젖산칼슘,식품첨가물,네덜란드,★공급사 미상 → 후보,보통,적재,칼슘(산호),공급사 미상(source21),24000
태왕물산,젖산칼슘,식품첨가물,네덜란드,★공급사 미상 → 후보,보통,적재,칼슘(어골),공급사 미상(source21),38000
태왕물산,젖산칼슘,식품첨가물,네덜란드,★공급사 미상 → 후보,보통,적재,칼슘(탄산),공급사 미상(source21),2500
태왕물산,젖산칼슘,식품첨가물,네덜란드,★공급사 미상 → 후보,보통,적재,칼슘(해조),공급사 미상(source21),9500
태왕물산,젖산칼슘(Calcium Lactate),식품첨가물,중국,타공급사 보유,확실,적재,젖산칼슘,하이베이스,4500
태왕물산,젖산칼슘(Calcium Lactate),식품첨가물,중국,★공급사 미상 → 후보,보통,적재,칼슘(구연산),공급사 미상(source21),17000
태왕물산,젖산칼슘(Calcium Lactate),식품첨가물,중국,★공급사 미상 → 후보,보통,적재,칼슘(밀크칼슘),공급사 미상(source21),20000
태왕물산,젖산칼슘(Calcium Lactate),식품첨가물,중국,★공급사 미상 → 후보,보통,적재,칼슘(밀크칼슘),공급사 미상(source21),17000
태왕물산,젖산칼슘(Calcium Lactate),식품첨가물,중국,★공급사 미상 → 후보,보통,적재,칼슘(산호),공급사 미상(source21),20000
태왕물산,젖산칼슘(Calcium Lactate),식품첨가물,중국,★공급사 미상 → 후보,보통,적재,칼슘(산호),공급사 미상(source21),24000
태왕물산,젖산칼슘(Calcium Lactate),식품첨가물,중국,★공급사 미상 → 후보,보통,적재,칼슘(어골),공급사 미상(source21),38000
태왕물산,젖산칼슘(Calcium Lactate),식품첨가물,중국,★공급사 미상 → 후보,보통,적재,칼슘(탄산),공급사 미상(source21),2500
태왕물산,젖산칼슘(Calcium Lactate),식품첨가물,중국,★공급사 미상 → 후보,보통,적재,칼슘(해조),공급사 미상(source21),9500
태왕물산,제이인산나트륨,식품첨가물,국산,신규(DB에 없음),,적재,,,
태왕물산,줄풀(고장초) - 잎,식품첨가물,국산,신규(DB에 없음),,적재,,,
태왕물산,지황(건지황) - 뿌리,식품첨가물,국산,신규(DB에 없음),,적재,,,
태왕물산,지황(숙지황)-포제가공뿌리,식품첨가물,국산,신규(DB에 없음),,적재,,,
태왕물산,진생베리농축액,식품첨가물,국산,신규(DB에 없음),,적재,,,
태왕물산,진생베리추출분말,식품첨가물,국산,신규(DB에 없음),,적재,,,
태왕물산,진피농축분말,식품첨가물,국산,신규(DB에 없음),,적재,,,
태왕물산,진피농축액,식품첨가물,국산,신규(DB에 없음),,적재,,,
태왕물산,질경이(차전초) - 잎,식품첨가물,국산,신규(DB에 없음),,적재,,,
태왕물산,짚신나물(선학초) - 잎,식품첨가물,국산,신규(DB에 없음),,적재,,,
태왕물산,차가버섯,식품첨가물,핀란드,★공급사 미상 → 후보,보통,적재,차가버섯분말,공급사 미상(source21),30000
태왕물산,차가버섯,식품첨가물,핀란드,타공급사 보유,보통,적재,차가버섯분말,바이오케어,30000
태왕물산,차즈기(자소엽) - 잎,식품첨가물,국산,신규(DB에 없음),,적재,,,
태왕물산,참깨(검은깨) - 씨앗,식품첨가물,국산,신규(DB에 없음),,적재,,,
태왕물산,채종샐러드유,식품첨가물,롯데푸드,신규(DB에 없음),,적재,,,
태왕물산,천궁(상품) -뿌리,식품첨가물,국산,신규(DB에 없음),,적재,,,
태왕물산,천궁(중품) - 뿌리,식품첨가물,국산,신규(DB에 없음),,적재,,,
태왕물산,천궁농축액,식품첨가물,국산,신규(DB에 없음),,적재,,,
태왕물산,"천마(대,절) - 뿌리",식품첨가물,국산,신규(DB에 없음),,적재,,,
태왕물산,"천마(소,통) - 뿌리",식품첨가물,국산,신규(DB에 없음),,적재,,,
태왕물산,청포도농축액,식품첨가물,국산,신규(DB에 없음),,적재,,,
태왕물산,청포도향 71334,식품첨가물,국산,신규(DB에 없음),,적재,,,
태왕물산,체리농축분말,식품첨가물,국산,신규(DB에 없음),,적재,,,
태왕물산,체리농축액,식품첨가물,국산,★공급사 미상 → 후보,높음,적재,타트체리농축액,공급사 미상(source21),4800
태왕물산,체리농축액,식품첨가물,국산,★공급사 미상 → 후보,높음,적재,타트체리농축액,공급사 미상(source21),6800
태왕물산,체리후레바 (오더베이스),식품첨가물,국산,신규(DB에 없음),,적재,,,
태왕물산,초록입홍합오일 5%,식품첨가물,뉴질랜드,신규(DB에 없음),,적재,,,
태왕물산,초록입홍합오일 5%,식품첨가물,뉴질랜드,신규(DB에 없음),,적재,,,
태왕물산,초록입홍합추출물,식품첨가물,뉴질랜드,신규(DB에 없음),,적재,,,
태왕물산,초석잠(골뱅이형)-뿌리,식품첨가물,국산,신규(DB에 없음),,적재,,,
태왕물산,초코렛미크론,식품첨가물,국산,신규(DB에 없음),,적재,,,
태왕물산,측백나무(측백엽) - 잎,식품첨가물,국산,신규(DB에 없음),,적재,,,
태왕물산,치자나무(절) - 열매,식품첨가물,국산,신규(DB에 없음),,적재,,,
태왕물산,치자나무(통) - 열매,식품첨가물,국산,신규(DB에 없음),,적재,,,
태왕물산,치커리 - 뿌리,식품첨가물,국산,신규(DB에 없음),,적재,,,
태왕물산,치커리나,식품첨가물,"벨기에, 칠레",신규(DB에 없음),,적재,,,
태왕물산,"칡(갈근,사각) - 뿌리",식품첨가물,국산,신규(DB에 없음),,적재,,,
태왕물산,"칡(갈근,편) - 뿌리",식품첨가물,국산,신규(DB에 없음),,적재,,,
태왕물산,칡(갈용) - 잎,식품첨가물,국산,신규(DB에 없음),,적재,,,
태왕물산,카라멜색소,식품첨가물,국산,신규(DB에 없음),,적재,,,
태왕물산,카제인나트륨(Sodium Kazenate),식품첨가물,"독일,프랑스",신규(DB에 없음),,적재,,,
태왕물산,케피어 (kefir),식품첨가물,국산,신규(DB에 없음),,적재,,,
태왕물산,코엔자임Q10,식품첨가물,미국,★공급사 미상 → 후보,확실,적재,코엔자임Q10,공급사 미상(source21),850000
태왕물산,코엔자임Q10,식품첨가물,미국,★공급사 미상 → 후보,확실,적재,코엔자임Q10,공급사 미상(source21),830000
태왕물산,코엔자임Q10,식품첨가물,미국,★공급사 미상 → 후보,확실,적재,코엔자임Q10,공급사 미상(source21),770000
태왕물산,코엔자임Q10,식품첨가물,미국,타공급사 보유,확실,적재,코엔자임Q10,태성,680000
태왕물산,코엔자임Q10,식품첨가물,미국,★공급사 미상 → 후보,확실,적재,코엔자임Q10,공급사 미상(source21),850000
태왕물산,코엔자임Q10,식품첨가물,미국,★공급사 미상 → 후보,확실,적재,코엔자임Q10,공급사 미상(source21),830000
태왕물산,코엔자임Q10,식품첨가물,미국,★공급사 미상 → 후보,확실,적재,코엔자임Q10,공급사 미상(source21),770000
태왕물산,코엔자임Q10,식품첨가물,미국,타공급사 보유,확실,적재,코엔자임Q10,태성,680000
태왕물산,콜레우스포스콜리추출물,식품첨가물,인도,★공급사 미상 → 후보,확실,적재,콜레우스포스콜리추출물,공급사 미상(source21),290000
태왕물산,콜레우스포스콜리추출물,식품첨가물,인도,타공급사 보유,확실,적재,콜레우스포스콜리추출물(식품),하이베이스,20000
태왕물산,콜레우스포스콜리추출물,식품첨가물,인도,★공급사 미상 → 후보,확실,적재,콜레우스포스콜리추출물(포슬린),공급사 미상(source21),300000
태왕물산,콩식용유,식품첨가물,롯데푸드,신규(DB에 없음),,적재,,,
태왕물산,크랜베리농축분말,식품첨가물,국산,신규(DB에 없음),,적재,,,
태왕물산,크린베리농축액,식품첨가물,국산,신규(DB에 없음),,적재,,,
태왕물산,키위농축분말,식품첨가물,국산,신규(DB에 없음),,적재,,,
태왕물산,키위농축분말,식품첨가물,국산,신규(DB에 없음),,적재,,,
태왕물산,키위농축액,식품첨가물,국산,신규(DB에 없음),,적재,,,
태왕물산,키토산,식품첨가물,베트남,★공급사 미상 → 후보,확실,적재,키토산,공급사 미상(source21),45000
태왕물산,키토산,식품첨가물,베트남,타공급사 보유,확실,적재,키토산,제일,36000
태왕물산,키토산,식품첨가물,베트남,★공급사 미상 → 후보,보통,적재,키토산분말,공급사 미상(source21),58000
태왕물산,키토산,식품첨가물,베트남,★공급사 미상 → 후보,확실,적재,키토산,공급사 미상(source21),45000
태왕물산,키토산,식품첨가물,베트남,타공급사 보유,확실,적재,키토산,제일,36000
태왕물산,키토산,식품첨가물,베트남,★공급사 미상 → 후보,보통,적재,키토산분말,공급사 미상(source21),58000
태왕물산,키토산/키토올리고당,식품첨가물,미국,신규(DB에 없음),,적재,,,
태왕물산,타우린,식품첨가물,국산,★공급사 미상 → 후보,확실,적재,타우린,공급사 미상(source21),6500
태왕물산,타우린,식품첨가물,중국,★공급사 미상 → 후보,확실,적재,타우린,공급사 미상(source21),6500
태왕물산,"타트체리농축분말(몽모랑시, 농축액40%+덱스트린60%)",식품첨가물,"국내제조, 미국",신규(DB에 없음),,적재,,,
태왕물산,타트체리농축액,식품첨가물,"터키, 미국",★공급사 미상 → 후보,확실,적재,타트체리농축액,공급사 미상(source21),4800
태왕물산,타트체리농축액,식품첨가물,"터키, 미국",★공급사 미상 → 후보,확실,적재,타트체리농축액,공급사 미상(source21),6800
태왕물산,타트체리착즙액,식품첨가물,터키,신규(DB에 없음),,적재,,,
태왕물산,타트체리파우더(농축액30%+덱스트린70%),식품첨가물,터키,신규(DB에 없음),,적재,,,
태왕물산,탄산칼슘,식품첨가물,중국,★공급사 미상 → 후보,보통,적재,칼슘(구연산),공급사 미상(source21),17000
태왕물산,탄산칼슘,식품첨가물,중국,★공급사 미상 → 후보,보통,적재,칼슘(밀크칼슘),공급사 미상(source21),20000
태왕물산,탄산칼슘,식품첨가물,중국,★공급사 미상 → 후보,보통,적재,칼슘(밀크칼슘),공급사 미상(source21),17000
태왕물산,탄산칼슘,식품첨가물,중국,★공급사 미상 → 후보,보통,적재,칼슘(산호),공급사 미상(source21),20000
태왕물산,탄산칼슘,식품첨가물,중국,★공급사 미상 → 후보,보통,적재,칼슘(산호),공급사 미상(source21),24000
태왕물산,탄산칼슘,식품첨가물,중국,★공급사 미상 → 후보,보통,적재,칼슘(어골),공급사 미상(source21),38000
태왕물산,탄산칼슘,식품첨가물,중국,★공급사 미상 → 후보,보통,적재,칼슘(탄산),공급사 미상(source21),2500
태왕물산,탄산칼슘,식품첨가물,중국,★공급사 미상 → 후보,보통,적재,칼슘(해조),공급사 미상(source21),9500
태왕물산,태아닌,식품첨가물,중국,신규(DB에 없음),,적재,,,
태왕물산,탱자나무(지실) - 열매,식품첨가물,국산,신규(DB에 없음),,적재,,,
태왕물산,테아닌,식품첨가물,중국,★공급사 미상 → 후보,확실,적재,테아닌,공급사 미상(source21),100000
태왕물산,테아닌,식품첨가물,중국,타공급사 보유,확실,적재,테아닌(L)98%,ambe,67165
태왕물산,테아닌,식품첨가물,중국,타공급사 보유,확실,적재,테아닌,성원에프엔비,65000
태왕물산,토마토농축분말,식품첨가물,국산,타공급사 보유,확실,적재,토마토농축분말,새롬비앤에프,20000
태왕물산,토마토농축액,식품첨가물,국산,신규(DB에 없음),,적재,,,
태왕물산,토사자(갯실새삼)-씨앗,식품첨가물,국산,신규(DB에 없음),,적재,,,
태왕물산,파인애플농축분말,식품첨가물,국산,신규(DB에 없음),,적재,,,
태왕물산,파인애플농축액,식품첨가물,국산,신규(DB에 없음),,적재,,,
태왕물산,파인애플추출물분말 (브로멜라인1200GDU),식품첨가물,태국,신규(DB에 없음),,적재,,,
태왕물산,판토텐산칼슘(식)(Calcium Dipantothenate),식품첨가물,영국,★공급사 미상 → 후보,확실,적재,판토텐산칼슘,공급사 미상(source21),108000
태왕물산,판토텐산칼슘(식)(Calcium Dipantothenate),식품첨가물,영국,타공급사 보유,확실,적재,판토텐산 칼슘,하이베이스,108000
태왕물산,판토텐산칼슘(식)(Calcium Dipantothenate),식품첨가물,영국,타공급사 보유,확실,적재,판토텐산 칼슘,태성,85000
태왕물산,패션프루트농축분말,식품첨가물,국산,신규(DB에 없음),,적재,,,
태왕물산,페퍼민트농축분말,식품첨가물,국산,신규(DB에 없음),,적재,,,
태왕물산,페퍼민트미크론 5010,식품첨가물,국산,신규(DB에 없음),,적재,,,
태왕물산,펙틴(PECTIN) 580 SF S2,식품첨가물,미국,신규(DB에 없음),,적재,,,
태왕물산,포도농축액,식품첨가물,국산,★공급사 미상 → 후보,높음,적재,적포도농축액,공급사 미상(source21),6400
태왕물산,포도농축액,식품첨가물,국산,타공급사 보유,높음,적재,적포도농축액,해찬솔,6400
태왕물산,포도씨유,식품첨가물,스페인,★공급사 미상 → 후보,확실,적재,포도씨유,공급사 미상(source21),7500
태왕물산,포도씨유,식품첨가물,스페인,★공급사 미상 → 후보,보통,적재,포도씨유추출물,공급사 미상(source21),90000
태왕물산,포도씨유,식품첨가물,스페인,★공급사 미상 → 후보,보통,적재,포도씨유추출물,공급사 미상(source21),200000
태왕물산,폴리글리시톨시럽 (마나톨-7020),식품첨가물,국산,신규(DB에 없음),,적재,,,
태왕물산,폴리덱스트로스,식품첨가물,중국,타공급사 보유,확실,적재,폴리덱스트로스,하이베이스,4200
태왕물산,폴리솔베이트 20 (식),식품첨가물,싱가폴,신규(DB에 없음),,적재,,,
태왕물산,폴리솔베이트 60 (식),식품첨가물,싱가폴,신규(DB에 없음),,적재,,,
태왕물산,폴리솔베이트 80 (식),식품첨가물,싱가폴,신규(DB에 없음),,적재,,,
태왕물산,표고버섯(중품)-자실체,식품첨가물,국산,신규(DB에 없음),,적재,,,
태왕물산,푸룬농축분말,식품첨가물,국산,★공급사 미상 → 후보,확실,적재,푸룬농축분말,공급사 미상(source21),19000
태왕물산,푸룬농축분말,식품첨가물,국산,타공급사 보유,확실,적재,푸룬농축분말,하이베이스,6000
태왕물산,푸룬농축분말,식품첨가물,국산,★공급사 미상 → 후보,확실,적재,푸룬농축분말,공급사 미상(source21),19000
태왕물산,푸룬농축분말,식품첨가물,국산,타공급사 보유,확실,적재,푸룬농축분말,하이베이스,6000
태왕물산,프락토화이버,식품첨가물,프랑스,신규(DB에 없음),,적재,,,
태왕물산,프락토올리고당,식품첨가물,중국,★공급사 미상 → 후보,확실,적재,프락토올리고당,공급사 미상(source21),8000
태왕물산,프락토올리고당,식품첨가물,중국,타공급사 보유,높음,적재,프락토올리고당/분말,씨에스에프,6000
태왕물산,프락토올리고당,식품첨가물,중국,타공급사 보유,높음,적재,프락토올리고당/액상,씨에스에프,1750
태왕물산,플루란,식품첨가물,일본,신규(DB에 없음),,적재,,,
태왕물산,핑거루트추출분말,식품첨가물,중국,★공급사 미상 → 후보,확실,적재,핑거루트 추출분말(개별인정형),공급사 미상(source21),330000
태왕물산,핑거루트추출분말,식품첨가물,중국,★공급사 미상 → 후보,확실,적재,핑거루트추출분말,공급사 미상(source21),300000
태왕물산,핑거루트추출분말,식품첨가물,중국,타공급사 보유,확실,적재,핑거루트추출분말(판두라틴),뉴트리,320000
태왕물산,핑거루트추출분말,식품첨가물,중국,타공급사 보유,확실,적재,핑거루트추출분말(판두라틴),하이베이스,30000
태왕물산,핑거루트추출분말,식품첨가물,중국,타공급사 보유,확실,적재,핑거루트추출분말(판두라틴),하이베이스,13000
태왕물산,하수오 - 덩이뿌리,식품첨가물,국산,신규(DB에 없음),,적재,,,
태왕물산,한라봉농축액,식품첨가물,국산,신규(DB에 없음),,적재,,,
태왕물산,한련초 - 잎,식품첨가물,국산,신규(DB에 없음),,적재,,,
태왕물산,한삼덩굴(율초) - 잎,식품첨가물,국산,신규(DB에 없음),,적재,,,
태왕물산,한속단 - 뿌리,식품첨가물,국산,신규(DB에 없음),,적재,,,
태왕물산,함수구연산,식품첨가물,오스트리아,★공급사 미상 → 후보,보통,적재,구연산,공급사 미상(source21),4500
태왕물산,함초(퉁퉁마디) - 줄기,식품첨가물,국산,신규(DB에 없음),,적재,,,
태왕물산,함초농축분말,식품첨가물,국산,신규(DB에 없음),,적재,,,
태왕물산,해바라기레시틴,식품첨가물,인도,신규(DB에 없음),,적재,,,
태왕물산,해바라기유,식품첨가물,롯데푸드,신규(DB에 없음),,적재,,,
태왕물산,해조칼슘(Calcium Seaweeds),식품첨가물,프랑스,★공급사 미상 → 후보,확실,적재,해조칼슘,공급사 미상(source21),10000
태왕물산,해조칼슘(Calcium Seaweeds),식품첨가물,프랑스,타공급사 보유,확실,적재,해조칼슘,엘본에이치앤비,9800
태왕물산,해조칼슘(Calcium Seaweeds),식품첨가물,프랑스,타공급사 보유,확실,적재,해조칼슘,서호상사,11000
태왕물산,해조칼슘(Calcium Seaweeds),식품첨가물,프랑스,타공급사 보유,확실,적재,해조칼슘,하이베이스,26000
태왕물산,해조칼슘(Calcium Seaweeds),식품첨가물,프랑스,타공급사 보유,확실,적재,해조칼슘(아쿠아칼),하이베이스,11000
태왕물산,해조칼슘(Calcium Seaweeds),식품첨가물,프랑스,★공급사 미상 → 후보,보통,적재,칼슘(구연산),공급사 미상(source21),17000
태왕물산,해조칼슘(Calcium Seaweeds),식품첨가물,프랑스,★공급사 미상 → 후보,보통,적재,칼슘(밀크칼슘),공급사 미상(source21),20000
태왕물산,해조칼슘(Calcium Seaweeds),식품첨가물,프랑스,★공급사 미상 → 후보,보통,적재,칼슘(밀크칼슘),공급사 미상(source21),17000
태왕물산,해조칼슘(Calcium Seaweeds),식품첨가물,프랑스,★공급사 미상 → 후보,보통,적재,칼슘(산호),공급사 미상(source21),20000
태왕물산,해조칼슘(Calcium Seaweeds),식품첨가물,프랑스,★공급사 미상 → 후보,보통,적재,칼슘(산호),공급사 미상(source21),24000
태왕물산,해조칼슘(Calcium Seaweeds),식품첨가물,프랑스,★공급사 미상 → 후보,보통,적재,칼슘(어골),공급사 미상(source21),38000
태왕물산,해조칼슘(Calcium Seaweeds),식품첨가물,프랑스,★공급사 미상 → 후보,보통,적재,칼슘(탄산),공급사 미상(source21),2500
태왕물산,해조칼슘(Calcium Seaweeds),식품첨가물,프랑스,★공급사 미상 → 후보,보통,적재,칼슘(해조),공급사 미상(source21),9500
태왕물산,헛개나무 - 줄기,식품첨가물,국산,신규(DB에 없음),,적재,,,
태왕물산,헛개나무(건) - 열매,식품첨가물,국산,신규(DB에 없음),,적재,,,
태왕물산,헛개나무(생) - 열매,식품첨가물,국산,신규(DB에 없음),,적재,,,
태왕물산,헛개나무열매농축액,식품첨가물,국산,★공급사 미상 → 후보,확실,적재,헛개나무열매농축액,공급사 미상(source21),78000
태왕물산,헛개나무열매추출분말,식품첨가물,국산,타공급사 보유,확실,적재,헛개나무 열매 추출분말,하이베이스,23000
태왕물산,형개(상품) - 꽃대,식품첨가물,국산,신규(DB에 없음),,적재,,,
태왕물산,형개(중품) - 꽃대,식품첨가물,국산,신규(DB에 없음),,적재,,,
태왕물산,혼합과일야채농축분말,식품첨가물,국산,신규(DB에 없음),,적재,,,
태왕물산,"홍삼(신,4년근) - 뿌리",식품첨가물,국산,신규(DB에 없음),,적재,,,
태왕물산,"홍삼(신,6년근) - 뿌리",식품첨가물,국산,신규(DB에 없음),,적재,,,
태왕물산,"홍삼(신,미,4년근) -뿌리",식품첨가물,국산,신규(DB에 없음),,적재,,,
태왕물산,"홍삼(신,미,6년근) -뿌리",식품첨가물,국산,신규(DB에 없음),,적재,,,
태왕물산,홍차농축분말,식품첨가물,국산,신규(DB에 없음),,적재,,,
태왕물산,홍화 - 씨앗,식품첨가물,국산,신규(DB에 없음),,적재,,,
태왕물산,화살나무 - 잎,식품첨가물,국산,신규(DB에 없음),,적재,,,
태왕물산,황금 - 뿌리,식품첨가물,국산,신규(DB에 없음),,적재,,,
태왕물산,황기(상품) - 뿌리,식품첨가물,국산,신규(DB에 없음),,적재,,,
태왕물산,황기(중품) - 뿌리,식품첨가물,국산,신규(DB에 없음),,적재,,,
태왕물산,황기농축분말,식품첨가물,국산,신규(DB에 없음),,적재,,,
태왕물산,황기농축액,식품첨가물,국산,신규(DB에 없음),,적재,,,
태왕물산,황기추출분말,식품첨가물,국산,타공급사 보유,확실,적재,황기추출분말,해찬솔,21000
태왕물산,황기추출분말,식품첨가물,국산,타공급사 보유,확실,적재,황기추출분말,해찬솔,23000
태왕물산,황색5호,식품첨가물,국산,신규(DB에 없음),,적재,,,
태왕물산,황칠나무 - 줄기,식품첨가물,국산,신규(DB에 없음),,적재,,,
태왕물산,황칠나무 - 줄기+잎,식품첨가물,국산,신규(DB에 없음),,적재,,,
태왕물산,회향(펜넬) - 열매,식품첨가물,국산,신규(DB에 없음),,적재,,,
태왕물산,흑마늘농축분말,식품첨가물,국산,신규(DB에 없음),,적재,,,
태왕물산,흑마늘농축액,식품첨가물,국산,신규(DB에 없음),,적재,,,
태왕물산,히비스커스추출분말 80%,식품첨가물,이집트산,★공급사 미상 → 후보,확실,적재,히비스커스추출분말,공급사 미상(source21),80000
태왕물산,히알루론산,식품첨가물,중국,★공급사 미상 → 후보,확실,적재,히알루론산,공급사 미상(source21),440000
태왕물산,히알루론산,식품첨가물,중국,★공급사 미상 → 후보,확실,적재,히알루론산,공급사 미상(source21),370000
태왕물산,히알루론산,식품첨가물,중국,★공급사 미상 → 후보,확실,적재,히알루론산,공급사 미상(source21),275000
태왕물산,히알루론산,식품첨가물,중국,★공급사 미상 → 후보,보통,적재,히알루론산혼합제제,공급사 미상(source21),140000
태왕물산,히알루론산 식품첨가물,식품첨가물,중국,★공급사 미상 → 후보,보통,적재,히알루론산,공급사 미상(source21),440000
태왕물산,히알루론산 식품첨가물,식품첨가물,중국,★공급사 미상 → 후보,보통,적재,히알루론산,공급사 미상(source21),370000
태왕물산,히알루론산 식품첨가물,식품첨가물,중국,★공급사 미상 → 후보,보통,적재,히알루론산,공급사 미상(source21),275000
태왕물산,황산망간 35%,식품첨가물,미국,신규(DB에 없음),,적재,,,
태왕물산,산화아연 80%,식품첨가물,미국,신규(DB에 없음),,적재,,,
태왕물산,이산화티타늄,식품첨가물,독일,신규(DB에 없음),,적재,,,
태왕물산,마카(MACA),식품첨가물,페루,★공급사 미상 → 후보,보통,적재,마카분말(블랙),공급사 미상(source21),25000
태왕물산,마카(MACA),식품첨가물,페루,★공급사 미상 → 후보,보통,적재,마카분말(레드),공급사 미상(source21),75000
태왕물산,마카(MACA),식품첨가물,페루,타공급사 보유,보통,적재,레드마카,서호상사,75000
태왕물산,바나바잎 추출물 1%,식품첨가물,인도,★공급사 미상 → 후보,확실,적재,바나바잎추출물,공급사 미상(source21),60000
태왕물산,바나바잎 추출물 1%,식품첨가물,인도,★공급사 미상 → 후보,확실,적재,바나바잎추출물1%,공급사 미상(source21),85000
태왕물산,바나바잎 추출물 1%,식품첨가물,인도,타공급사 보유,확실,적재,바나바잎추출물 1%,제일,45000
태왕물산,바나바잎 추출물 1%,식품첨가물,인도,타공급사 보유,확실,적재,바나바잎추출물 20%,제일,45000
태왕물산,바나바잎 추출물 2%,식품첨가물,인도,★공급사 미상 → 후보,확실,적재,바나바잎추출물,공급사 미상(source21),60000
태왕물산,바나바잎 추출물 2%,식품첨가물,인도,★공급사 미상 → 후보,확실,적재,바나바잎추출물1%,공급사 미상(source21),85000
태왕물산,바나바잎 추출물 2%,식품첨가물,인도,타공급사 보유,확실,적재,바나바잎추출물 1%,제일,45000
태왕물산,바나바잎 추출물 2%,식품첨가물,인도,타공급사 보유,확실,적재,바나바잎추출물 20%,제일,45000
태왕물산,홍경천추출물,식품첨가물,,★공급사 미상 → 후보,확실,적재,홍경천추출물,공급사 미상(source21),380000
태왕물산,홍경천추출물,식품첨가물,,타공급사 보유,확실,적재,홍경천추출물,하이베이스,330000
태왕물산,홍경천추출물,식품첨가물,,타공급사 보유,확실,적재,홍경천추출물,삼오제약,295000
태왕물산,홍경천추출물,식품첨가물,,★공급사 미상 → 후보,보통,적재,홍경천,공급사 미상(source21),330000
태왕물산,헤마토코쿠스추출물,식품첨가물,뉴질랜드,★공급사 미상 → 후보,확실,적재,헤마토코쿠스추출물,공급사 미상(source21),1450000
태왕물산,보라지유,식품첨가물,뉴질랜드,★공급사 미상 → 후보,확실,적재,보라지유,공급사 미상(source21),47000
태왕물산,보라지유,식품첨가물,뉴질랜드,타공급사 보유,확실,적재,(유기농) 보라지유,제일,110000
태왕물산,대두단백,식품첨가물,,★공급사 미상 → 후보,보통,적재,분리대두단백(ISP),공급사 미상(source21),7000
태왕물산,대두단백,식품첨가물,,타공급사 보유,보통,적재,분리대두단백(ISP),담원인터내셔널,6300
태왕물산,대두단백,식품첨가물,,타공급사 보유,보통,적재,분리대두단백(ISP),담원인터내셔널,7500
태왕물산,대두단백,식품첨가물,,타공급사 보유,보통,적재,분리대두단백(ISP),담원인터내셔널,10400
태왕물산,대두단백,식품첨가물,,★공급사 미상 → 후보,보통,적재,분리대두단백질,공급사 미상(source21),9000
태왕물산,대두단백,식품첨가물,,★공급사 미상 → 후보,보통,적재,분리대두단백질,공급사 미상(source21),6300
태왕물산,대두단백,식품첨가물,,★공급사 미상 → 후보,보통,적재,분리대두단백질,공급사 미상(source21),7500
태왕물산,대두단백,식품첨가물,,★공급사 미상 → 후보,보통,적재,대두단백추출분말,공급사 미상(source21),14000
태왕물산,대두단백,식품첨가물,,타공급사 보유,보통,적재,대두단백추출분말,해찬솔,14000
태왕물산,ABC NFC 주스 혼합,유기농원료,터키,신규(DB에 없음),,적재,,,
태왕물산,갈색설탕,유기농원료,아르헨티나,신규(DB에 없음),,적재,,,
태왕물산,건여주,유기농원료,국산,신규(DB에 없음),,적재,,,
태왕물산,골든사과 농축액,유기농원료,터키,★공급사 미상 → 후보,높음,적재,사과농축액,공급사 미상(source21),4400
태왕물산,골든사과 농축액,유기농원료,터키,★공급사 미상 → 후보,높음,적재,사과농축액,공급사 미상(source21),5700
태왕물산,골든사과 농축액,유기농원료,터키,타공급사 보유,높음,적재,사과 농축액,해찬솔,4400
태왕물산,골든사과 농축액,유기농원료,터키,타공급사 보유,높음,적재,사과 농축액,해찬솔,5700
태왕물산,골든사과 농축액,유기농원료,터키,타공급사 보유,높음,적재,사과 농축액,하이베이스,7500
태왕물산,노니 주스,유기농원료,미국,신규(DB에 없음),,적재,,,
태왕물산,당근 NFC,유기농원료,독일,신규(DB에 없음),,적재,,,
태왕물산,당근 NFC,유기농원료,터키,신규(DB에 없음),,적재,,,
태왕물산,당근 농축액,유기농원료,독일,신규(DB에 없음),,적재,,,
태왕물산,당근 농축액,유기농원료,터키,신규(DB에 없음),,적재,,,
태왕물산,당근 농축액,유기농원료,미국,신규(DB에 없음),,적재,,,
태왕물산,당근주스,유기농원료,이탈리아,신규(DB에 없음),,적재,,,
태왕물산,도라지 농축액,유기농원료,국산,신규(DB에 없음),,적재,,,
태왕물산,딸기 농축액,유기농원료,미국,신규(DB에 없음),,적재,,,
태왕물산,딸기농축액,유기농원료,,신규(DB에 없음),,적재,,,
태왕물산,딸기퓨레,유기농원료,,신규(DB에 없음),,적재,,,
태왕물산,라즈베리 NFC,유기농원료,,신규(DB에 없음),,적재,,,
태왕물산,라즈베리농축액,유기농원료,,신규(DB에 없음),,적재,,,
태왕물산,라즈베리퓨레,유기농원료,,신규(DB에 없음),,적재,,,
태왕물산,레드비트 NFC,유기농원료,터키,신규(DB에 없음),,적재,,,
태왕물산,레드비트 NFC,유기농원료,독일,신규(DB에 없음),,적재,,,
태왕물산,레드비트 농축액,유기농원료,터키,★공급사 미상 → 후보,확실,적재,레드비트농축액(유기농),공급사 미상(source21),8500
태왕물산,레드비트 농축액,유기농원료,독일,★공급사 미상 → 후보,확실,적재,레드비트농축액(유기농),공급사 미상(source21),8500
태왕물산,레드비트주스,유기농원료,이탈리아,신규(DB에 없음),,적재,,,
태왕물산,레몬 농축액,유기농원료,터키,★공급사 미상 → 후보,확실,적재,레몬농축액,공급사 미상(source21),13000
태왕물산,레몬 농축액,유기농원료,터키,★공급사 미상 → 후보,확실,적재,레몬농축액,공급사 미상(source21),12000
태왕물산,레몬 농축액,유기농원료,터키,★공급사 미상 → 후보,확실,적재,레몬농축액,공급사 미상(source21),11000
태왕물산,레몬 농축액,유기농원료,터키,타공급사 보유,확실,적재,레몬농축액,새롬비앤에프,13000
태왕물산,레몬 농축액,유기농원료,터키,타공급사 보유,확실,적재,레몬농축액,하이베이스,12000
태왕물산,레몬 농축액,유기농원료,터키,타공급사 보유,확실,적재,레몬농축액,해찬솔,11000
태왕물산,레몬주스,유기농원료,터키,신규(DB에 없음),,적재,,,
태왕물산,마키베리농축,유기농원료,칠레,신규(DB에 없음),,적재,,,
태왕물산,망고퓨레,유기농원료,인도,신규(DB에 없음),,적재,,,
태왕물산,바나나퓨레,유기농원료,영국,신규(DB에 없음),,적재,,,
태왕물산,배 NFC,유기농원료,,신규(DB에 없음),,적재,,,
태왕물산,배 농축액,유기농원료,터키,★공급사 미상 → 후보,확실,적재,배농축액,공급사 미상(source21),8500
태왕물산,배 농축액,유기농원료,터키,★공급사 미상 → 후보,확실,적재,배농축액,공급사 미상(source21),5200
태왕물산,배 농축액,유기농원료,터키,타공급사 보유,확실,적재,배농축액,해찬솔,8500
태왕물산,배 농축액,유기농원료,터키,타공급사 보유,확실,적재,배농축액,해찬솔,5200
태왕물산,배 농축액,유기농원료,터키,타공급사 보유,확실,적재,배농축액(66Brix이상),하이베이스,4400
태왕물산,배 농축액,유기농원료,터키,타공급사 보유,확실,적재,배농축액,새롬비앤에프,15000
태왕물산,배퓨레,유기농원료,,신규(DB에 없음),,적재,,,
태왕물산,백(청)포도착즙주스,유기농원료,스페인,신규(DB에 없음),,적재,,,
태왕물산,백(청)포도착즙주스,유기농원료,이탈리아,신규(DB에 없음),,적재,,,
태왕물산,백설탕,유기농원료,인도,신규(DB에 없음),,적재,,,
태왕물산,백포도 농축액 (Di),유기농원료,터키,신규(DB에 없음),,적재,,,
태왕물산,보라당근 농축액,유기농원료,터키,신규(DB에 없음),,적재,,,
태왕물산,보라당근주스,유기농원료,이탈리아,신규(DB에 없음),,적재,,,
태왕물산,브로콜리주스,유기농원료,터키,신규(DB에 없음),,적재,,,
태왕물산,브로콜리주스,유기농원료,이탈리아,신규(DB에 없음),,적재,,,
태왕물산,블랙 석류 NFC,유기농원료,터키,신규(DB에 없음),,적재,,,
태왕물산,블루베리 NFC,유기농원료,,신규(DB에 없음),,적재,,,
태왕물산,블루베리농축액,유기농원료,,★공급사 미상 → 후보,확실,적재,블루베리농축액,공급사 미상(source21),13000
태왕물산,블루베리농축액,유기농원료,,타공급사 보유,확실,적재,블루베리농축액,해찬솔,12000
태왕물산,블루베리농축액,유기농원료,,타공급사 보유,확실,적재,블루베리농축액,해찬솔,13000
태왕물산,블루베리농축액,유기농원료,,타공급사 보유,확실,적재,블루베리농축액,하이베이스,22000
태왕물산,블루베리농축액,유기농원료,,타공급사 보유,확실,적재,블루베리농축액,해찬솔,12500
태왕물산,블루베리퓨레,유기농원료,,신규(DB에 없음),,적재,,,
태왕물산,사과 NFC,유기농원료,터키,신규(DB에 없음),,적재,,,
태왕물산,사과 NFC,유기농원료,독일,신규(DB에 없음),,적재,,,
태왕물산,사과 NFC,유기농원료,이탈리아,신규(DB에 없음),,적재,,,
태왕물산,사과 농축액,유기농원료,터키,★공급사 미상 → 후보,확실,적재,사과농축액,공급사 미상(source21),4400
태왕물산,사과 농축액,유기농원료,터키,★공급사 미상 → 후보,확실,적재,사과농축액,공급사 미상(source21),5700
태왕물산,사과 농축액,유기농원료,터키,타공급사 보유,확실,적재,사과 농축액,해찬솔,4400
태왕물산,사과 농축액,유기농원료,터키,타공급사 보유,확실,적재,사과 농축액,해찬솔,5700
태왕물산,사과 농축액,유기농원료,터키,타공급사 보유,확실,적재,사과 농축액,하이베이스,7500
태왕물산,사과 농축액,유기농원료,터키,★공급사 미상 → 후보,보통,적재,아누카사과농축액,공급사 미상(source21),18000
태왕물산,사과 농축액,유기농원료,터키,★공급사 미상 → 후보,확실,적재,사과농축액,공급사 미상(source21),4400
태왕물산,사과 농축액,유기농원료,터키,★공급사 미상 → 후보,확실,적재,사과농축액,공급사 미상(source21),5700
태왕물산,사과 농축액,유기농원료,터키,타공급사 보유,확실,적재,사과 농축액,해찬솔,4400
태왕물산,사과 농축액,유기농원료,터키,타공급사 보유,확실,적재,사과 농축액,해찬솔,5700
태왕물산,사과 농축액,유기농원료,터키,타공급사 보유,확실,적재,사과 농축액,하이베이스,7500
태왕물산,사과 농축액,유기농원료,터키,★공급사 미상 → 후보,보통,적재,아누카사과농축액,공급사 미상(source21),18000
태왕물산,상추주스,유기농원료,이탈리아,신규(DB에 없음),,적재,,,
태왕물산,새싹보리 분말,유기농원료,미국,타공급사 보유,확실,적재,새싹보리분말,하이베이스,17000
태왕물산,새싹보리 분말,유기농원료,미국,★공급사 미상 → 후보,보통,적재,보리분말,공급사 미상(source21),11000
태왕물산,새싹보리 분말,유기농원료,미국,타공급사 보유,보통,적재,보리 분말(생),하이베이스,4500
태왕물산,새싹보리 분말,유기농원료,미국,타공급사 보유,보통,적재,보리 분말(볶음),하이베이스,5000
태왕물산,석류 NFC,유기농원료,터키,신규(DB에 없음),,적재,,,
태왕물산,석류 농축액,유기농원료,터키,★공급사 미상 → 후보,확실,적재,석류농축액,공급사 미상(source21),11000
태왕물산,석류 농축액,유기농원료,터키,★공급사 미상 → 후보,확실,적재,석류농축액,공급사 미상(source21),8000
태왕물산,석류 농축액,유기농원료,터키,★공급사 미상 → 후보,확실,적재,석류농축액(유기농),공급사 미상(source21),7500
태왕물산,셀러리주스,유기농원료,터키,신규(DB에 없음),,적재,,,
태왕물산,셀러리주스,유기농원료,이탈리아,신규(DB에 없음),,적재,,,
태왕물산,수박주스,유기농원료,터키,신규(DB에 없음),,적재,,,
태왕물산,시금치주스,유기농원료,이탈리아,신규(DB에 없음),,적재,,,
태왕물산,아가베 시럽,유기농원료,멕시코,★공급사 미상 → 후보,확실,적재,아가베시럽(유기농),공급사 미상(source21),15000
태왕물산,아사이주스,유기농원료,브라질,신규(DB에 없음),,적재,,,
태왕물산,아티쵸크 농축액,유기농원료,프랑스,신규(DB에 없음),,적재,,,
태왕물산,아티쵸크 분말,유기농원료,프랑스,신규(DB에 없음),,적재,,,
태왕물산,알로에베라 겔,유기농원료,멕시코,신규(DB에 없음),,적재,,,
태왕물산,엘더베리농축액,유기농원료,,★공급사 미상 → 후보,확실,적재,엘더베리(착즙)농축액(65브릭스),공급사 미상(source21),36000
태왕물산,엘더베리농축액,유기농원료,,타공급사 보유,확실,적재,엘더베리(착즙)농축액(65Brix),하이베이스,36000
태왕물산,여주 농축액,유기농원료,국산,신규(DB에 없음),,적재,,,
태왕물산,여주 추출액,유기농원료,국산,신규(DB에 없음),,적재,,,
태왕물산,오렌지농축액,유기농원료,멕시코,★공급사 미상 → 후보,확실,적재,오렌지농축액,공급사 미상(source21),11000
태왕물산,오렌지농축액,유기농원료,멕시코,타공급사 보유,확실,적재,오렌지농축액,하이베이스,11000
태왕물산,오렌지농축액,유기농원료,멕시코,★공급사 미상 → 후보,보통,적재,모로블러드오렌지농축액,공급사 미상(source21),9700
태왕물산,오렌지농축액,유기농원료,멕시코,타공급사 보유,보통,적재,모로블러드오렌지농축액,해찬솔,9700
태왕물산,오렌지착즙주스,유기농원료,멕시코,신규(DB에 없음),,적재,,,
태왕물산,오렌지착즙주스,유기농원료,그리스,신규(DB에 없음),,적재,,,
태왕물산,오이주스,유기농원료,터키,신규(DB에 없음),,적재,,,
태왕물산,오이주스,유기농원료,이탈리아,신규(DB에 없음),,적재,,,
태왕물산,자두주스,유기농원료,터키,신규(DB에 없음),,적재,,,
태왕물산,조청,유기농원료,국산,신규(DB에 없음),,적재,,,
태왕물산,케일주스,유기농원료,,신규(DB에 없음),,적재,,,
태왕물산,케일주스,유기농원료,이탈리아,신규(DB에 없음),,적재,,,
태왕물산,콩코드포도농축액,유기농원료,미국,신규(DB에 없음),,적재,,,
태왕물산,크랜베리 NFC,유기농원료,,신규(DB에 없음),,적재,,,
태왕물산,크랜베리농축액,유기농원료,,신규(DB에 없음),,적재,,,
태왕물산,크랜베리퓨레,유기농원료,,신규(DB에 없음),,적재,,,
태왕물산,타트체리 NFC,유기농원료,터키,신규(DB에 없음),,적재,,,
태왕물산,토마토페이스트,유기농원료,터키,신규(DB에 없음),,적재,,,
태왕물산,파인애플농축액,유기농원료,영국,신규(DB에 없음),,적재,,,
태왕물산,푸룬 농축액,유기농원료,미국,신규(DB에 없음),,적재,,,
태왕물산,푸룬 농축액,유기농원료,미국,신규(DB에 없음),,적재,,,
태왕물산,풋사과추출분말,유기농원료,폴란드,신규(DB에 없음),,적재,,,
태왕물산,핑크 석류 NFC,유기농원료,터키,신규(DB에 없음),,적재,,,
태왕물산,유기농 아르간오일,유기농원료,프랑스,신규(DB에 없음),,적재,,,
태왕물산,유기농애플 사이다비니거,유기농원료,미국,신규(DB에 없음),,적재,,,
태왕물산,유기농링곤베리,유기농원료,핀란드,신규(DB에 없음),,적재,,,
태왕물산,유기농차가버섯,유기농원료,핀란드,신규(DB에 없음),,적재,,,
태왕물산,유기농빌베리,유기농원료,핀란드,신규(DB에 없음),,적재,,,
태왕물산,밀크씨슬추출물분말,유기농원료,미국,타공급사 보유,높음,적재,밀크씨슬추출물,제일,100000
태왕물산,밀크씨슬추출물분말,유기농원료,미국,타공급사 보유,높음,적재,밀크씨슬추출물,제일,95000
태왕물산,유기농 17종 야채&과일 혼합분말,유기농원료,,신규(DB에 없음),,적재,,,
태왕물산,유기농 동결건조 와일드블루베리,유기농원료,,신규(DB에 없음),,적재,,,
태왕물산,유기농 동결건조 아사이 분말,유기농원료,,신규(DB에 없음),,적재,,,
태성,가르시니아 캄보지아 추출물 과립형(불용성) GARCINIA CAMBOGIA EXTRACT GRANULES,건강기능식품,인도,신규(DB에 없음),,적재,,,
태성,가르시니아 캄보지아 추출물 GARCINIA CAMBOGIA EXTRACT(WATER SOLUBLE),건강기능식품,인도,신규(DB에 없음),,적재,,,
태성,가르시니아 캄보지아 추출물 GARCINIA CAMBOGIA EXTRACT(WATER SOLUBLE),건강기능식품,인도,신규(DB에 없음),,적재,,,
태성,가르시니아캄보지아 추출물(불용성) GARCINIA CAMBOGIA EXTRACT 60% INSOLUBLE,건강기능식품,인도,신규(DB에 없음),,적재,,,
태성,가르시니아캄보지아 추출물(불용성) GARCINIA CAMBOGIA EXTRACT(INSOLUBLE),건강기능식품,인도,신규(DB에 없음),,적재,,,
태성,구아바잎 추출물분말 GUAVARIN PSIDIUM GUAJAVA LEAF EXTRACT,건강기능식품,인도,신규(DB에 없음),,적재,,,
태성,글루코사민 염산염 분말 GLUCOSAMINE HCL,건강기능식품,중국,신규(DB에 없음),,적재,,,
태성,글루코사민 황산염 분말 D-GLUCOSAMINE SULFATE POWDER,건강기능식품,중국,신규(DB에 없음),,적재,,,
태성,글루코사민 황산염 분말 D-GLUCOSAMINE SULFATE POWDER,건강기능식품,미국,신규(DB에 없음),,적재,,,
태성,녹차추출분말 GREEN TEA EXTRACT POWDER,건강기능식품,중국,신규(DB에 없음),,적재,,,
태성,디메틸설폰 METHYL SULFONYL METHANE,건강기능식품,미국,신규(DB에 없음),,적재,,,
태성,대두레시틴 SOYA LECITHIN,건강기능식품,인도,신규(DB에 없음),,적재,,,
태성,밀크씨슬추출분말 MILK THISTLE EXTRACT POWDER,건강기능식품,중국,신규(DB에 없음),,적재,,,
태성,밀크씨슬추출분말 MILK THISTLE EXTRACT POWDER,건강기능식품,인도,신규(DB에 없음),,적재,,,
태성,밀크씨슬추출분말 MILK THISTLE EXTRACT,건강기능식품,미국,신규(DB에 없음),,적재,,,
태성,바나바잎추출물 BANABA EXTRACT,건강기능식품,인도,신규(DB에 없음),,적재,,,
태성,상어연골추출물분말 SHARK CARTILAGE EXTRACT POWDER,건강기능식품,중국,신규(DB에 없음),,적재,,,
태성,쏘팔메토 열매추출분말 SAW PALMETTO EXTRACT,건강기능식품,중국,신규(DB에 없음),,적재,,,
태성,쏘팔메토 열매추출분말 SAW PALMETTO EXTRACT,건강기능식품,인도,신규(DB에 없음),,적재,,,
태성,쏘팔메토열매추출물 SAW PALMETTO(LAURIC ACID),건강기능식품,인도,신규(DB에 없음),,적재,,,
태성,옥타코사놀 60 OCTACOSANOL 60,건강기능식품,중국,신규(DB에 없음),,적재,,,
태성,옥타코사놀 60 OCTACOSANOL 60,건강기능식품,미국,신규(DB에 없음),,적재,,,
태성,옥타코사놀 OCTACOSANOL,건강기능식품,중국,신규(DB에 없음),,적재,,,
태성,유기농 감마리놀렌산 달맞이꽃종자유 EVENING PRIMROSE OIL PRESSED AND REFINED ORGANIC,건강기능식품,독일,신규(DB에 없음),,적재,,,
태성,은행잎 추출물분말 GINKGO BILOBA EXTRACT,건강기능식품,인도,신규(DB에 없음),,적재,,,
태성,차전자피분말 PSYLLIUM HUSK POWDER,건강기능식품,인도,신규(DB에 없음),,적재,,,
태성,크레아틴 모노하이드레이트 CREATINE MONOHYDRATE,건강기능식품,중국,신규(DB에 없음),,적재,,,
태성,테아닌 L-THEANINE,건강기능식품,중국,신규(DB에 없음),,적재,,,
태성,테아닌 L-THEANINE,건강기능식품,미국,신규(DB에 없음),,적재,,,
태성,프로폴리스추출물분말 PROPOLIS EXTRACT POWDER,건강기능식품,호주,신규(DB에 없음),,적재,,,
태성,포스파티딜세린 70% PHOSPHATIDYLSERINE 70%,건강기능식품,인도,신규(DB에 없음),,적재,,,
태성,홍경천추출분말 RHODIOLA ROSEA EXTRACT,건강기능식품,중국,신규(DB에 없음),,적재,,,
태성,홍국분말 RED YEAST RICE POWDER,건강기능식품,인도,신규(DB에 없음),,적재,,,
태성,홍국분말 RED YEAST RICE POWDER,건강기능식품,미국,신규(DB에 없음),,적재,,,
태성,히알루론산 HYALURONIC ACID,건강기능식품,미국,신규(DB에 없음),,적재,,,
태성,히알루론산 HYALURONIC ACID,건강기능식품,인도,신규(DB에 없음),,적재,,,
태성,홍국분말 RED YEAST RICE POWDER,건강기능식품,인도,신규(DB에 없음),,적재,,,
태성,달맞이꽃종자추출물,건강기능식품,일본,신규(DB에 없음),,적재,,,
태성,L-아스코브산나트륨 SODIUM L-ASCORBATE,식품첨가물,중국,신규(DB에 없음),,적재,,,
태성,구연산칼슘 CALCIUM CITRATE POWDER,식품첨가물,미국,신규(DB에 없음),,적재,,,
태성,구연산칼슘과립형 CALCIUM CITRATE TETRAHYDRATE FCC FINE GRANULAR,식품첨가물,미국,신규(DB에 없음),,적재,,,
태성,글루콘산동 COPPER GLUCONATE,식품첨가물,미국,신규(DB에 없음),,적재,,,
태성,글루콘산마그네슘 MAGNESIUM GLUCONATE,식품첨가물,미국,신규(DB에 없음),,적재,,,
태성,글루콘산마그네슘과립형 MAGNESIUM GLUCONATE USP/FCC GRANULAR,식품첨가물,미국,신규(DB에 없음),,적재,,,
태성,비오틴 BIOTIN,식품첨가물,중국,신규(DB에 없음),,적재,,,
태성,비타민C ASCORBIC ACID,식품첨가물,중국,신규(DB에 없음),,적재,,,
태성,비타민C ASCORBIC ACID FINE POWDER,식품첨가물,중국,신규(DB에 없음),,적재,,,
태성,비타민C97% 과립형 ASCORBIC ACID 97% GRANULATION,식품첨가물,중국,신규(DB에 없음),,적재,,,
태성,산화마그네슘 MAGNESIUM OXIDE,식품첨가물,미국,신규(DB에 없음),,적재,,,
태성,산화마그네슘 MAGNESIUM OXIDE HEAVY POWDER,식품첨가물,일본,신규(DB에 없음),,적재,,,
태성,산화마그네슘 MAGNESIUM OXIDE LIGHT,식품첨가물,중국,신규(DB에 없음),,적재,,,
태성,산화마그네슘과립형 MAGNESIUM OXIDE GRANULAR,식품첨가물,미국,신규(DB에 없음),,적재,,,
태성,산화아연 ZINC OXIDE,식품첨가물,미국,신규(DB에 없음),,적재,,,
태성,요오드칼륨 POTASSIUM IODIDE,식품첨가물,인도,신규(DB에 없음),,적재,,,
태성,황산망간 MANGANESE SULFATE MONOHYDRATE,식품첨가물,미국,신규(DB에 없음),,적재,,,
태성,L-글루타민 L-GLUTAMINE,식품첨가물,중국,신규(DB에 없음),,적재,,,
태성,L-아르지닌 L-ARGININE,식품첨가물,중국,신규(DB에 없음),,적재,,,
태성,L-카르니틴 L-CARNITINE,식품첨가물,중국,신규(DB에 없음),,적재,,,
태성,결정셀룰로스 MICCEL-102 MICROCRYSTALLINE CELLULOSE,식품첨가물,인도,신규(DB에 없음),,적재,,,
태성,글루코만난 GLUCOMANNAN,식품첨가물,중국,신규(DB에 없음),,적재,,,
태성,글리세린 GLYCERINE,식품첨가물,말레이시아,신규(DB에 없음),,적재,,,
태성,스테아린산 마그네슘 MAGNESIUM STEARATE E(RSPO-MB),식품첨가물,싱가포르,신규(DB에 없음),,적재,,,
태성,엘-카르니틴 L-CARNITINE,식품첨가물,미국,신규(DB에 없음),,적재,,,
태성,자일리톨 XYLITOL,식품첨가물,중국,신규(DB에 없음),,적재,,,
태성,케르세틴 QUERCETIN,식품첨가물,미국,신규(DB에 없음),,적재,,,
태성,타우린 TAURINE,식품첨가물,중국,신규(DB에 없음),,적재,,,
태성,레몬껍질추출분말 LEMON PEEL EXTRACT POWDER,일반식품,인도,신규(DB에 없음),,적재,,,
태성,산호칼슘분말 CORAL CALCIUM POWDER,일반식품,미국,신규(DB에 없음),,적재,,,
태성,나한과추출물분말 LUO HAN GUO EXTRACT POWDER,일반식품,중국,신규(DB에 없음),,적재,,,
태성,노니추출분말 NONI EXTRACT POWDER,일반식품,중국,신규(DB에 없음),,적재,,,
태성,동결건조 녹색입홍합 분말 FREEZE DRIED GREEN SHELL MUSSEL POWDER,일반식품,뉴질랜드,신규(DB에 없음),,적재,,,
태성,대나무수액추출물분말 BAMBOO SAP EXTRACT,일반식품,인도,신규(DB에 없음),,적재,,,
태성,대나무수액추출물분말 BAMBOO SAP EXTRACT POWDER,일반식품,인도,신규(DB에 없음),,적재,,,
태성,레몬밤추출분말 LEMON BALM EXTRACT POWDER,일반식품,중국,신규(DB에 없음),,적재,,,
태성,마늘추출분말 GARLIC EXTRACT,일반식품,중국,신규(DB에 없음),,적재,,,
태성,마카분말 GELATINIZED MACA POWDER,일반식품,페루,신규(DB에 없음),,적재,,,
태성,발레리안추출분말 VALERIAN DRY EXTRACT POWDER,일반식품,이탈리아,신규(DB에 없음),,적재,,,
태성,병풀추출물분말 GOTU KOLA EXTRACT POWDER,일반식품,인도,신규(DB에 없음),,적재,,,
태성,보스웰리아 추출분말 BOSWELLIA EXTRACT POWDER,일반식품,인도,신규(DB에 없음),,적재,,,
태성,보이차추출물분말 PU'ER TEA EXTRACT POWDER,일반식품,중국,신규(DB에 없음),,적재,,,
태성,블랙마카분말 GELATINIZED BLACK MACA POWDER,일반식품,페루,신규(DB에 없음),,적재,,,
태성,상어연골분말 SHARK CARTILAGE POWDER,일반식품,호주,신규(DB에 없음),,적재,,,
태성,상어연골분말 SHARK CARTILAGE POWDER,일반식품,중국,신규(DB에 없음),,적재,,,
태성,상어연골(콘드로이친황산20%)분말 SHARK CARTILAGE (CHONDROITIN SULFATE20%) POWDER,일반식품,중국,신규(DB에 없음),,적재,,,
태성,상어연골추출(콘드로이친황산20%)분말 SHARK CARTILAGE EXTRACT (CHONDROITIN SULFATE20%) POWDER,일반식품,중국,신규(DB에 없음),,적재,,,
태성,서양산사자열매추출분말 HAWTHORN BERRY DRY EXTRACT,일반식품,이탈리아,신규(DB에 없음),,적재,,,
태성,송침유 PINE NEEDLE OIL,일반식품,중국,신규(DB에 없음),,적재,,,
태성,수박과피추출물분말 WATERMELON PEEL EXTRACT POWDER,일반식품,중국,신규(DB에 없음),,적재,,,
태성,실크분말 SILK POWDER,일반식품,중국,신규(DB에 없음),,적재,,,
태성,아프리카망고종자추출물분말 AFRICAN MANGO SEED EXTRACT POWDER,일반식품,미국,신규(DB에 없음),,적재,,,
태성,알로에 노회 추출물분말 ALOE FEROX EXTRACT POWDER,일반식품,남아프리카 공화국,신규(DB에 없음),,적재,,,
태성,여주추출물분말 MOMORDICA EXTRACT POWDER,일반식품,인도,신규(DB에 없음),,적재,,,
태성,엘라스틴 가수분해물 ELASTIN,일반식품,미국,★공급사 미상 → 후보,보통,적재,엘라스틴가수분해물,공급사 미상(source21),260000
태성,적포도주농축분말 RED WINE CONCENTRATE POWDER,일반식품,중국,신규(DB에 없음),,적재,,,
태성,전칠삼분말 PANAX NOTOGINSENG POWDER,일반식품,일본,신규(DB에 없음),,적재,,,
태성,차전자피 PSYLLIUM HUSK POWDER,일반식품,인도,신규(DB에 없음),,적재,,,
태성,카세인가수분해물 (CPP) CASEIN HYDROLYSATE,일반식품,뉴질랜드,신규(DB에 없음),,적재,,,
태성,포도씨유 GRAPESEED OIL,일반식품,스페인,신규(DB에 없음),,적재,,,
태성,피쉬콜라겐 FISH COLLAGEN PEPTIDE,일반식품,중국,신규(DB에 없음),,적재,,,
태성,피쉬콜라겐 VINH COLLAGEN,일반식품,베트남,신규(DB에 없음),,적재,,,
태성,핑거루트추출물분말 FINGERROOT EXTRACT POWDER,일반식품,중국,신규(DB에 없음),,적재,,,
태성,효모추출물 (L-글루타치온) L-GLUTATHIONE YEAST EXTRACT,일반식품,중국,신규(DB에 없음),,적재,,,
태성,효모추출물 (L-글루타치온50) YEAST EXTRACT(L-GLUTATHIONE50%),일반식품,중국,신규(DB에 없음),,적재,,,
태성,효모추출물 (L-글루타치온50) YEAST EXTRACT(L-GLUTATHIONE50%),일반식품,인도,신규(DB에 없음),,적재,,,
태성,흰강낭콩추출물분말 WHITE KIDNEY BEAN EXTRACT,일반식품,인도,신규(DB에 없음),,적재,,,
태성,흰강낭콩추출물분말 WHITE KIDNEY BEAN EXTRACT,일반식품,인도,신규(DB에 없음),,적재,,,
태성,달맞이꽃종자추출분말,일반식품,일본,신규(DB에 없음),,적재,,,
동일팜텍,사삼추출물,개별인정,중국,신규(DB에 없음),,적재,,,
동일팜텍,시서스추출물,개별인정,인도산,신규(DB에 없음),,적재,,,
동일팜텍,보스웰리아추출물등복합물,개별인정,인도산,신규(DB에 없음),,적재,,,
동일팜텍,가자추출물,개별인정,인도산,★공급사 미상 → 후보,확실,적재,가자추출물,공급사 미상(source21),980000
동일팜텍,가자추출물,개별인정,인도산,타공급사 보유,확실,적재,가자추출물,하이베이스,980000
동일팜텍,현삼추출물,개별인정,국내산,신규(DB에 없음),,적재,,,
동일팜텍,다이크로스타키스,개별인정,인도산,신규(DB에 없음),,적재,,,
동일팜텍,에키네시아추출물,개별인정,프랑스,신규(DB에 없음),,적재,,,
동일팜텍,돌외잎주정추출분말,개별인정,중국,★공급사 미상 → 후보,확실,적재,돌외잎주정추출분말,공급사 미상(source21),370000
동일팜텍,돌외잎주정추출분말,개별인정,중국,타공급사 보유,확실,적재,돌외잎주정추출분말,티지바이오텍,370000
동일팜텍,돌외잎주정추출분말,개별인정,중국,타공급사 보유,확실,적재,돌외잎주정추출분말,하이베이스,400000
동일팜텍,돌외잎주정추출분말,개별인정,중국,타공급사 보유,확실,적재,돌외잎주정추출분말,하이베이스,15000
동일팜텍,달팽이추출물,신규원료,벨기에,신규(DB에 없음),,적재,,,
동일팜텍,모로블러드오렌지혼합농축액,신규원료,이탈리아,신규(DB에 없음),,적재,,,
동일팜텍,초임계,신규원료,스페인,신규(DB에 없음),,적재,,,
동일팜텍,초임계,신규원료,콜롬비아,신규(DB에 없음),,적재,,,
동일팜텍,수박추출분말,신규원료,중국,신규(DB에 없음),,적재,,,
동일팜텍,수박과피추출분말,신규원료,국산,★공급사 미상 → 후보,확실,적재,수박과피추출분말,공급사 미상(source21),99000
동일팜텍,수박과피추출분말,신규원료,국산,타공급사 보유,확실,적재,수박과피추출분말,하이베이스,95000
동일팜텍,수박과피추출분말,신규원료,국산,타공급사 보유,보통,적재,수박과피,해찬솔,21000
동일팜텍,바나바잎추출분말,신규원료,인도,신규(DB에 없음),,적재,,,
동일팜텍,효모글루타치온,신규원료,중국,★공급사 미상 → 후보,높음,적재,글루타치온(캐나다),공급사 미상(source21),450000
동일팜텍,효모글루타치온,신규원료,중국,★공급사 미상 → 후보,높음,적재,글루타치온(14%)(스위스),공급사 미상(source21),180000
동일팜텍,효모글루타치온,신규원료,중국,★공급사 미상 → 후보,높음,적재,글루타치온,공급사 미상(source21),350000
동일팜텍,효모글루타치온,신규원료,중국,타공급사 보유,높음,적재,글루타치온 85%,뉴다바이오,800000
동일팜텍,효모글루타치온,신규원료,중국,타공급사 보유,높음,적재,글루타치온(50%),태성,320000
동일팜텍,효모글루타치온,신규원료,중국,타공급사 보유,높음,적재,글루타치온,하람,380000
동일팜텍,효모글루타치온,신규원료,중국,★공급사 미상 → 후보,높음,적재,글루타치온50%,공급사 미상(source21),380000
동일팜텍,효모글루타치온,신규원료,중국,★공급사 미상 → 후보,높음,적재,글루타치온50%,공급사 미상(source21),250000
동일팜텍,효모글루타치온,신규원료,중국,타공급사 보유,높음,적재,글루타치온 50%(영국산),원아,265000
동일팜텍,효모글루타치온,신규원료,중국,타공급사 보유,높음,적재,글루타치온 50%(미국),원아,230000
동일팜텍,효모글루타치온,신규원료,중국,타공급사 보유,높음,적재,글루타치온98%,ambe,250000
동일팜텍,효모글루타치온,신규원료,중국,타공급사 보유,높음,적재,글루타치온98%,SvAgro,250000
동일팜텍,쌀마그네슘,신규원료,일본,★공급사 미상 → 후보,확실,적재,쌀마그네슘,공급사 미상(source21),68000
동일팜텍,밀크씨슬추출분말,건강기능식품,프랑스,타공급사 보유,보통,적재,밀크씨슬추출분말/실리마린50%,씨에스에프,105000
동일팜텍,밀크씨슬추출분말,건강기능식품,프랑스,★공급사 미상 → 후보,보통,적재,밀크씨슬,공급사 미상(source21),98000
동일팜텍,밀크씨슬추출분말,건강기능식품,프랑스,★공급사 미상 → 후보,보통,적재,밀크씨슬,공급사 미상(source21),72000
동일팜텍,밀크씨슬추출분말,건강기능식품,프랑스,★공급사 미상 → 후보,보통,적재,밀크씨슬(유기농),공급사 미상(source21),390000
동일팜텍,밀크씨슬추출분말,건강기능식품,프랑스,★공급사 미상 → 후보,보통,적재,밀크씨슬(유기농),공급사 미상(source21),450000
동일팜텍,밀크씨슬추출분말,건강기능식품,프랑스,타공급사 보유,보통,적재,밀크씨슬(유기농밀크씨슬분말),태성,22000
동일팜텍,마리골드꽃추출물,건강기능식품,프랑스,★공급사 미상 → 후보,확실,적재,마리골드꽃추출물,공급사 미상(source21),140000
동일팜텍,마리골드꽃추출물,건강기능식품,프랑스,★공급사 미상 → 후보,확실,적재,마리골드꽃추출물,공급사 미상(source21),130000
동일팜텍,마리골드꽃추출물,건강기능식품,프랑스,타공급사 보유,확실,적재,마리골드꽃추출물 (루테인오일) 20%,미래바이오텍,140000
동일팜텍,마리골드꽃추출물,건강기능식품,프랑스,타공급사 보유,확실,적재,마리골드꽃추출물 (루테인오일) 20%,엘본에이치앤비,130000
동일팜텍,마리골드꽃추출물,건강기능식품,프랑스,★공급사 미상 → 후보,보통,적재,마리골드,공급사 미상(source21),95000
동일팜텍,헤마토코쿠스추출물,건강기능식품,스위스,★공급사 미상 → 후보,확실,적재,헤마토코쿠스추출물,공급사 미상(source21),1450000
동일팜텍,은행잎추출분말,건강기능식품,프랑스,★공급사 미상 → 후보,확실,적재,은행잎추출분말 24%,공급사 미상(source21),185000
동일팜텍,홍국,건강기능식품,인도,★공급사 미상 → 후보,확실,적재,홍국,공급사 미상(source21),170000
동일팜텍,홍국,건강기능식품,인도,★공급사 미상 → 후보,확실,적재,홍국,공급사 미상(source21),270000
동일팜텍,홍국,건강기능식품,인도,타공급사 보유,보통,적재,홍국(모나콜린)분말,하이베이스,150000
동일팜텍,그린프로폴리스추출분말,건강기능식품,브라질,★공급사 미상 → 후보,보통,적재,그린프로폴리스,공급사 미상(source21),300000
동일팜텍,그린프로폴리스추출분말,건강기능식품,브라질,타공급사 보유,보통,적재,그린프로폴리스,제일,330000
동일팜텍,그린프로폴리스추출분말,건강기능식품,브라질,★공급사 미상 → 후보,보통,적재,그린프로폴리스,공급사 미상(source21),300000
동일팜텍,그린프로폴리스추출분말,건강기능식품,브라질,타공급사 보유,보통,적재,그린프로폴리스,제일,330000
동일팜텍,코엔자임Q10,건강기능식품,인도 / 미국,★공급사 미상 → 후보,확실,적재,코엔자임Q10,공급사 미상(source21),850000
동일팜텍,코엔자임Q10,건강기능식품,인도 / 미국,★공급사 미상 → 후보,확실,적재,코엔자임Q10,공급사 미상(source21),830000
동일팜텍,코엔자임Q10,건강기능식품,인도 / 미국,★공급사 미상 → 후보,확실,적재,코엔자임Q10,공급사 미상(source21),770000
동일팜텍,코엔자임Q10,건강기능식품,인도 / 미국,타공급사 보유,확실,적재,코엔자임Q10,태성,680000
동일팜텍,뮤코다당단백,건강기능식품,중국,타공급사 보유,확실,적재,뮤코다당단백,제일,120000
동일팜텍,뮤코다당단백,건강기능식품,중국,타공급사 보유,확실,적재,뮤코다당단백,제일,52000
동일팜텍,뮤코다당단백,건강기능식품,중국,★공급사 미상 → 후보,보통,적재,뮤코다당(철갑상어),공급사 미상(source21),190000
동일팜텍,포스파티딜세린,건강기능식품,미국,타공급사 보유,확실,적재,포스파티딜세린,하이베이스,660000
동일팜텍,포스파티딜세린,건강기능식품,미국,★공급사 미상 → 후보,확실,적재,포스파티딜세린70%,공급사 미상(source21),590000
동일팜텍,포스파티딜세린,건강기능식품,미국,타공급사 보유,확실,적재,포스파티딜세린 70%,오앤컴퍼니,630000
동일팜텍,포스파티딜세린,건강기능식품,미국,타공급사 보유,확실,적재,포스파티딜세린(70%),ambe,379050
동일팜텍,포스파티딜세린,건강기능식품,미국,★공급사 미상 → 후보,높음,적재,포스파티딜세린분말,공급사 미상(source21),660000
동일팜텍,포스파티딜세린,건강기능식품,미국,★공급사 미상 → 후보,높음,적재,포스파티딜세린분말,공급사 미상(source21),500000
동일팜텍,홍삼농축액,건강기능식품,국산,★공급사 미상 → 후보,확실,적재,홍삼농축액,공급사 미상(source21),170000
동일팜텍,홍삼농축액,건강기능식품,국산,★공급사 미상 → 후보,확실,적재,홍삼농축액(6년근),공급사 미상(source21),210000
동일팜텍,홍삼농축액,건강기능식품,국산,타공급사 보유,확실,적재,홍삼농축액(6년근),현대바이오랜드,210000
동일팜텍,홍삼농축액,건강기능식품,국산,타공급사 보유,확실,적재,홍삼농축액,선일에프앤비,123000
동일팜텍,홍삼농축액,건강기능식품,국산,타공급사 보유,확실,적재,홍삼농축액,선일에프앤비,145000
동일팜텍,홍삼농축액,건강기능식품,국산,★공급사 미상 → 후보,높음,적재,발효홍삼농축액(6년근),공급사 미상(source21),250000
동일팜텍,홍삼농축액,건강기능식품,국산,★공급사 미상 → 후보,높음,적재,홍삼농축액분말(4년근),공급사 미상(source21),310000
동일팜텍,홍삼농축액,건강기능식품,국산,★공급사 미상 → 후보,높음,적재,홍삼농축액분말(6년근),공급사 미상(source21),330000
동일팜텍,홍삼농축액,건강기능식품,국산,타공급사 보유,높음,적재,홍삼농축액분말(4년근),현대바이오랜드,310000
동일팜텍,홍삼농축액,건강기능식품,국산,타공급사 보유,높음,적재,홍삼농축액분말(6년근),현대바이오랜드,330000
동일팜텍,홍삼농축액,건강기능식품,국산,타공급사 보유,높음,적재,발효홍삼농축액(6년근),현대바이오랜드,250000
동일팜텍,홍삼농축액,건강기능식품,국산,★공급사 미상 → 후보,보통,적재,발효홍삼농축액분말(6년근),공급사 미상(source21),260000
동일팜텍,홍삼농축액,건강기능식품,국산,타공급사 보유,보통,적재,발효홍삼농축액분말(6년근),현대바이오랜드,260000
동일팜텍,홍삼농축액분말,건강기능식품,국산,★공급사 미상 → 후보,확실,적재,홍삼농축액분말(4년근),공급사 미상(source21),310000
동일팜텍,홍삼농축액분말,건강기능식품,국산,★공급사 미상 → 후보,확실,적재,홍삼농축액분말(6년근),공급사 미상(source21),330000
동일팜텍,홍삼농축액분말,건강기능식품,국산,타공급사 보유,확실,적재,홍삼농축액분말(4년근),현대바이오랜드,310000
동일팜텍,홍삼농축액분말,건강기능식품,국산,타공급사 보유,확실,적재,홍삼농축액분말(6년근),현대바이오랜드,330000
동일팜텍,홍삼농축액분말,건강기능식품,국산,★공급사 미상 → 후보,높음,적재,발효홍삼농축액분말(6년근),공급사 미상(source21),260000
동일팜텍,홍삼농축액분말,건강기능식품,국산,타공급사 보유,높음,적재,발효홍삼농축액분말(6년근),현대바이오랜드,260000
동일팜텍,홍삼농축액분말,건강기능식품,국산,★공급사 미상 → 후보,높음,적재,홍삼농축액,공급사 미상(source21),170000
동일팜텍,홍삼농축액분말,건강기능식품,국산,★공급사 미상 → 후보,높음,적재,홍삼농축액(6년근),공급사 미상(source21),210000
동일팜텍,홍삼농축액분말,건강기능식품,국산,타공급사 보유,높음,적재,홍삼농축액(6년근),현대바이오랜드,210000
동일팜텍,홍삼농축액분말,건강기능식품,국산,타공급사 보유,높음,적재,홍삼농축액,선일에프앤비,123000
동일팜텍,홍삼농축액분말,건강기능식품,국산,타공급사 보유,높음,적재,홍삼농축액,선일에프앤비,145000
동일팜텍,발효홍삼농축액분말,건강기능식품,국산,★공급사 미상 → 후보,확실,적재,발효홍삼농축액분말(6년근),공급사 미상(source21),260000
동일팜텍,발효홍삼농축액분말,건강기능식품,국산,타공급사 보유,확실,적재,발효홍삼농축액분말(6년근),현대바이오랜드,260000
동일팜텍,발효홍삼농축액분말,건강기능식품,국산,★공급사 미상 → 후보,높음,적재,발효홍삼농축액(6년근),공급사 미상(source21),250000
동일팜텍,발효홍삼농축액분말,건강기능식품,국산,★공급사 미상 → 후보,높음,적재,홍삼농축액분말(4년근),공급사 미상(source21),310000
동일팜텍,발효홍삼농축액분말,건강기능식품,국산,★공급사 미상 → 후보,높음,적재,홍삼농축액분말(6년근),공급사 미상(source21),330000
동일팜텍,발효홍삼농축액분말,건강기능식품,국산,타공급사 보유,높음,적재,홍삼농축액분말(4년근),현대바이오랜드,310000
동일팜텍,발효홍삼농축액분말,건강기능식품,국산,타공급사 보유,높음,적재,홍삼농축액분말(6년근),현대바이오랜드,330000
동일팜텍,발효홍삼농축액분말,건강기능식품,국산,타공급사 보유,높음,적재,발효홍삼농축액(6년근),현대바이오랜드,250000
동일팜텍,발효홍삼농축액분말,건강기능식품,국산,★공급사 미상 → 후보,보통,적재,홍삼농축액,공급사 미상(source21),170000
동일팜텍,발효홍삼농축액분말,건강기능식품,국산,★공급사 미상 → 후보,보통,적재,홍삼농축액(6년근),공급사 미상(source21),210000
동일팜텍,발효홍삼농축액분말,건강기능식품,국산,타공급사 보유,보통,적재,홍삼농축액(6년근),현대바이오랜드,210000
동일팜텍,발효홍삼농축액분말,건강기능식품,국산,타공급사 보유,보통,적재,홍삼농축액,선일에프앤비,123000
동일팜텍,발효홍삼농축액분말,건강기능식품,국산,타공급사 보유,보통,적재,홍삼농축액,선일에프앤비,145000
동일팜텍,발효홍삼농축액분말,건강기능식품,국산,★공급사 미상 → 후보,확실,적재,발효홍삼농축액분말(6년근),공급사 미상(source21),260000
동일팜텍,발효홍삼농축액분말,건강기능식품,국산,타공급사 보유,확실,적재,발효홍삼농축액분말(6년근),현대바이오랜드,260000
동일팜텍,발효홍삼농축액분말,건강기능식품,국산,★공급사 미상 → 후보,높음,적재,발효홍삼농축액(6년근),공급사 미상(source21),250000
동일팜텍,발효홍삼농축액분말,건강기능식품,국산,★공급사 미상 → 후보,높음,적재,홍삼농축액분말(4년근),공급사 미상(source21),310000
동일팜텍,발효홍삼농축액분말,건강기능식품,국산,★공급사 미상 → 후보,높음,적재,홍삼농축액분말(6년근),공급사 미상(source21),330000
동일팜텍,발효홍삼농축액분말,건강기능식품,국산,타공급사 보유,높음,적재,홍삼농축액분말(4년근),현대바이오랜드,310000
동일팜텍,발효홍삼농축액분말,건강기능식품,국산,타공급사 보유,높음,적재,홍삼농축액분말(6년근),현대바이오랜드,330000
동일팜텍,발효홍삼농축액분말,건강기능식품,국산,타공급사 보유,높음,적재,발효홍삼농축액(6년근),현대바이오랜드,250000
동일팜텍,발효홍삼농축액분말,건강기능식품,국산,★공급사 미상 → 후보,보통,적재,홍삼농축액,공급사 미상(source21),170000
동일팜텍,발효홍삼농축액분말,건강기능식품,국산,★공급사 미상 → 후보,보통,적재,홍삼농축액(6년근),공급사 미상(source21),210000
동일팜텍,발효홍삼농축액분말,건강기능식품,국산,타공급사 보유,보통,적재,홍삼농축액(6년근),현대바이오랜드,210000
동일팜텍,발효홍삼농축액분말,건강기능식품,국산,타공급사 보유,보통,적재,홍삼농축액,선일에프앤비,123000
동일팜텍,발효홍삼농축액분말,건강기능식품,국산,타공급사 보유,보통,적재,홍삼농축액,선일에프앤비,145000
동일팜텍,발효흑삼농축액분말,건강기능식품,국산,신규(DB에 없음),,적재,,,
동일팜텍,발효흑삼농축액분말,건강기능식품,국산,신규(DB에 없음),,적재,,,
동일팜텍,이온화칼슘,일반식품,국산,신규(DB에 없음),,적재,,,
동일팜텍,초유분말,일반식품,미국,★공급사 미상 → 후보,확실,적재,초유분말,공급사 미상(source21),50000
동일팜텍,초유분말,일반식품,미국,★공급사 미상 → 후보,확실,적재,초유분말,공급사 미상(source21),85000
동일팜텍,초유분말,일반식품,미국,타공급사 보유,확실,적재,초유분말10%,태성,55000
동일팜텍,초유분말,일반식품,미국,타공급사 보유,확실,적재,초유분말20%,태성,83000
동일팜텍,저분자피쉬콜라겐,일반식품,이탈리아,타공급사 보유,확실,적재,저분자피쉬콜라겐,테이스트메이커코리아,34000
동일팜텍,저분자피쉬콜라겐,일반식품,이탈리아,타공급사 보유,확실,적재,저분자피쉬콜라겐,테이스트메이커코리아,32000
동일팜텍,저분자피쉬콜라겐,일반식품,이탈리아,타공급사 보유,확실,적재,저분자피쉬콜라겐,테이스트메이커코리아,29000
동일팜텍,저분자피쉬콜라겐,일반식품,이탈리아,타공급사 보유,확실,적재,저분자피쉬콜라겐,테이스트메이커코리아,27000
동일팜텍,저분자피쉬콜라겐,일반식품,이탈리아,타공급사 보유,보통,적재,피쉬콜라겐,세일인터내셔널,42000
동일팜텍,노니농축액,일반식품,인도네시아,신규(DB에 없음),,적재,,,
동일팜텍,야채과일발효분말,일반식품,대만,신규(DB에 없음),,적재,,,
동일팜텍,야채과일발효액,일반식품,대만,신규(DB에 없음),,적재,,,
동일팜텍,보스웰리아추출물,일반식품,인도,★공급사 미상 → 후보,보통,적재,보스웰리아,공급사 미상(source21),43000
동일팜텍,옥수수수염추출분말,일반식품,국산,★공급사 미상 → 후보,확실,적재,옥수수수염추출분말,공급사 미상(source21),25000
동일팜텍,옥수수수염추출분말,일반식품,국산,타공급사 보유,확실,적재,옥수수수염추출분말,해찬솔,25000
동일팜텍,옥수수수염추출분말,일반식품,국산,★공급사 미상 → 후보,보통,적재,옥수수수염,공급사 미상(source21),42000
동일팜텍,사균체유산균(BF bifidum),일반식품,벨기에,★공급사 미상 → 후보,보통,적재,사균체(포스트바이오틱스),공급사 미상(source21),60000
동일팜텍,사균체유산균(BF bifidum),일반식품,벨기에,★공급사 미상 → 후보,보통,적재,사균체(포스트바이오틱스),공급사 미상(source21),2000000
동일팜텍,사균체유산균(BF bifidum),일반식품,벨기에,타공급사 보유,보통,적재,유산균,메디오젠,540000
동일팜텍,사균체유산균(BF bifidum),일반식품,벨기에,타공급사 보유,보통,적재,유산균(가세리유산균엘2),메디오젠,170000
동일팜텍,사균체유산균(BF bifidum),일반식품,벨기에,★공급사 미상 → 후보,보통,적재,"유산균(고초균,당화균)(subtillus)",공급사 미상(source21),55000
동일팜텍,사균체유산균(BF bifidum),일반식품,벨기에,★공급사 미상 → 후보,보통,적재,유산균(국내산구강유산균),공급사 미상(source21),1200000
동일팜텍,사균체유산균(BF bifidum),일반식품,벨기에,★공급사 미상 → 후보,보통,적재,유산균(낙산균)(글스트리움부틸리콤미야이리2),공급사 미상(source21),600000
동일팜텍,사균체유산균(BF bifidum),일반식품,벨기에,★공급사 미상 → 후보,보통,적재,유산균(다니스코),공급사 미상(source21),650000
동일팜텍,사균체유산균(BF bifidum),일반식품,벨기에,★공급사 미상 → 후보,보통,적재,유산균(당화균),공급사 미상(source21),45000
동일팜텍,사균체유산균(BF bifidum),일반식품,벨기에,★공급사 미상 → 후보,보통,적재,유산균(대만산구강유산균),공급사 미상(source21),1500000
동일팜텍,사균체유산균(BF bifidum),일반식품,벨기에,★공급사 미상 → 후보,보통,적재,유산균(디글루GLU70),공급사 미상(source21),120000
동일팜텍,사균체유산균(BF bifidum),일반식품,벨기에,★공급사 미상 → 후보,보통,적재,유산균(디글루MB0601),공급사 미상(source21),120000
동일팜텍,사균체유산균(BF bifidum),일반식품,벨기에,타공급사 보유,보통,적재,유산균(디아이(DI)(8종혼합유산균),메디오젠,570000
동일팜텍,사균체유산균(BF bifidum),일반식품,벨기에,★공급사 미상 → 후보,보통,적재,유산균(락토바실러스 애시도 필루스),공급사 미상(source21),290000
동일팜텍,사균체유산균(BF bifidum),일반식품,벨기에,★공급사 미상 → 후보,보통,적재,유산균(락토바실러스 카제이),공급사 미상(source21),500000
동일팜텍,사균체유산균(BF bifidum),일반식품,벨기에,★공급사 미상 → 후보,보통,적재,유산균(락토바실러스코오귤런스),공급사 미상(source21),470000
동일팜텍,사균체유산균(BF bifidum),일반식품,벨기에,★공급사 미상 → 후보,보통,적재,유산균(락토바실러스파라카제이),공급사 미상(source21),1500000
동일팜텍,사균체유산균(BF bifidum),일반식품,벨기에,★공급사 미상 → 후보,보통,적재,유산균(락토바실러스플란타룸),공급사 미상(source21),490000
동일팜텍,사균체유산균(BF bifidum),일반식품,벨기에,★공급사 미상 → 후보,보통,적재,유산균(루테리),공급사 미상(source21),400000
동일팜텍,사균체유산균(BF bifidum),일반식품,벨기에,★공급사 미상 → 후보,보통,적재,유산균(루테리)(엘2),공급사 미상(source21),140000
동일팜텍,사균체유산균(BF bifidum),일반식품,벨기에,★공급사 미상 → 후보,보통,적재,유산균(미야리균)(낙산균),공급사 미상(source21),500000
동일팜텍,사균체유산균(BF bifidum),일반식품,벨기에,★공급사 미상 → 후보,보통,적재,유산균(보울라디유산균),공급사 미상(source21),280000
동일팜텍,사균체유산균(BF bifidum),일반식품,벨기에,★공급사 미상 → 후보,보통,적재,유산균(비피도박테리움 브레브),공급사 미상(source21),390000
동일팜텍,사균체유산균(BF bifidum),일반식품,벨기에,★공급사 미상 → 후보,보통,적재,유산균(비피도박테리움 애니멀리스 락티스),공급사 미상(source21),340000
동일팜텍,사균체유산균(BF bifidum),일반식품,벨기에,타공급사 보유,보통,적재,유산균(비피도박테리움락티스분말),에스제이디,470000
동일팜텍,사균체유산균(BF bifidum),일반식품,벨기에,타공급사 보유,보통,적재,유산균(비피도박테리움락티스분말),듀퐁산,2200000
동일팜텍,사균체유산균(BF bifidum),일반식품,벨기에,★공급사 미상 → 후보,보통,적재,유산균(비피도박테리움비피덤),공급사 미상(source21),170000
동일팜텍,사균체유산균(BF bifidum),일반식품,벨기에,★공급사 미상 → 후보,보통,적재,유산균(알러지),공급사 미상(source21),1300000
동일팜텍,사균체유산균(BF bifidum),일반식품,벨기에,★공급사 미상 → 후보,보통,적재,"유산균(비염,면역)",공급사 미상(source21),1500000
동일팜텍,사균체유산균(BF bifidum),일반식품,벨기에,★공급사 미상 → 후보,보통,적재,유산균(엔테코커스페슘분말),공급사 미상(source21),510000
동일팜텍,사균체유산균(BF bifidum),일반식품,벨기에,★공급사 미상 → 후보,보통,적재,유산균(질유산균8종VL8),공급사 미상(source21),890000
동일팜텍,사균체유산균(BF bifidum),일반식품,벨기에,타공급사 보유,보통,적재,유산균(퍼맨텀)(엘2),메디오젠,150000
동일팜텍,사균체유산균(BF bifidum),일반식품,벨기에,★공급사 미상 → 후보,보통,적재,유산균(항비만유산균 10종혼합유산균F2200),공급사 미상(source21),1800000
동일팜텍,사균체유산균(BF bifidum),일반식품,벨기에,★공급사 미상 → 후보,보통,적재,유산균(혼합분말)(17종),공급사 미상(source21),340000
하이베이스,CMA이온화칼슘,취급원료,,신규(DB에 없음),,적재,,,
하이베이스,JS505복합물,취급원료,,신규(DB에 없음),,적재,,,
하이베이스,JS605,취급원료,,신규(DB에 없음),,적재,,,
하이베이스,L-테아닌(건기식),취급원료,,★공급사 미상 → 후보,보통,적재,테아닌,공급사 미상(source21),100000
하이베이스,L-테아닌(건기식),취급원료,,타공급사 보유,보통,적재,테아닌(L)98%,ambe,67165
하이베이스,L-테아닌(건기식),취급원료,,타공급사 보유,보통,적재,테아닌,성원에프엔비,65000
하이베이스,MCT oil,취급원료,,신규(DB에 없음),,적재,,,
하이베이스,MSX,취급원료,,신규(DB에 없음),,적재,,,
하이베이스,N-아세틸글루코사민,취급원료,,★공급사 미상 → 후보,보통,적재,글루코사민(N-아세틸),공급사 미상(source21),110000
하이베이스,VH식물소화효소,취급원료,,신규(DB에 없음),,적재,,,
하이베이스,가루엿,취급원료,,신규(DB에 없음),,적재,,,
하이베이스,가르시니아(불용성),취급원료,,★공급사 미상 → 후보,보통,적재,가르시니아캄보지아,공급사 미상(source21),42000
하이베이스,가르시니아(불용성),취급원료,,★공급사 미상 → 후보,보통,적재,가르시니아캄보지아,공급사 미상(source21),32000
하이베이스,가르시니아(수용성),취급원료,,★공급사 미상 → 후보,보통,적재,가르시니아캄보지아,공급사 미상(source21),42000
하이베이스,가르시니아(수용성),취급원료,,★공급사 미상 → 후보,보통,적재,가르시니아캄보지아,공급사 미상(source21),32000
하이베이스,가스트로AD,취급원료,,신규(DB에 없음),,적재,,,
하이베이스,가시오가피,취급원료,,★공급사 미상 → 후보,보통,적재,가시오가피추출분말,공급사 미상(source21),30000
하이베이스,간장분말,취급원료,,신규(DB에 없음),,적재,,,
하이베이스,갈근(칡),취급원료,,★공급사 미상 → 후보,보통,적재,갈근분말,공급사 미상(source21),14000
하이베이스,갈근(칡),취급원료,,★공급사 미상 → 후보,보통,적재,갈근분말,공급사 미상(source21),12000
하이베이스,갈근(칡),취급원료,,타공급사 보유,보통,적재,갈근분말,바이오케어,14000
하이베이스,갈근(칡),취급원료,,동일공급사 기등록,보통,적재,갈근분말,하이베이스,18000
하이베이스,갈근(칡),취급원료,,타공급사 보유,보통,적재,갈근분말,엘본에이치앤비,12000
하이베이스,갈근(칡),취급원료,,타공급사 보유,보통,적재,갈근분말,바이오케어,13500
하이베이스,갈락토만난(선화이바),취급원료,,신규(DB에 없음),,적재,,,
하이베이스,감귤,취급원료,,신규(DB에 없음),,적재,,,
하이베이스,감마오리자놀,취급원료,,신규(DB에 없음),,적재,,,
하이베이스,감식초,취급원료,,신규(DB에 없음),,적재,,,
하이베이스,감자전분,취급원료,,신규(DB에 없음),,적재,,,
하이베이스,감초,취급원료,,★공급사 미상 → 후보,확실,적재,감초(원물),공급사 미상(source21),50000
하이베이스,감초,취급원료,,★공급사 미상 → 후보,확실,적재,감초(원물)(우즈베키스탄),공급사 미상(source21),14000
하이베이스,감초,취급원료,,★공급사 미상 → 후보,보통,적재,감초분말,공급사 미상(source21),14000
하이베이스,감초,취급원료,,★공급사 미상 → 후보,보통,적재,감초분말,공급사 미상(source21),15000
하이베이스,강낭콩,취급원료,,동일공급사 기등록,보통,적재,흰강낭콩 분말(볶음),하이베이스,8000
하이베이스,건강,취급원료,,타공급사 보유,보통,적재,건강분말,바이오케어,39000
하이베이스,건강,취급원료,,타공급사 보유,보통,적재,건강분말,바이오케어,15000
하이베이스,겨우살이,취급원료,,신규(DB에 없음),,적재,,,
하이베이스,결명자,취급원료,,★공급사 미상 → 후보,보통,적재,결명자분말,공급사 미상(source21),10500
하이베이스,결명자,취급원료,,★공급사 미상 → 후보,보통,적재,결명자분말,공급사 미상(source21),12000
하이베이스,결명자,취급원료,,동일공급사 기등록,보통,적재,결명자분말,하이베이스,13000
하이베이스,결명자,취급원료,,타공급사 보유,보통,적재,결명자분말,엘본에이치앤비,10500
하이베이스,결명자,취급원료,,타공급사 보유,보통,적재,결명자분말,바이오,12000
하이베이스,결정셀룰로오스,취급원료,,★공급사 미상 → 후보,높음,적재,결정셀룰로오스102,공급사 미상(source21),10000
하이베이스,계관(닭벼슬),취급원료,,신규(DB에 없음),,적재,,,
하이베이스,계피,취급원료,,신규(DB에 없음),,적재,,,
하이베이스,고구마(자색),취급원료,,동일공급사 기등록,확실,적재,고구마(자색),하이베이스,19000
하이베이스,고수(호유),취급원료,,신규(DB에 없음),,적재,,,
하이베이스,고지베리,취급원료,,신규(DB에 없음),,적재,,,
하이베이스,고추추출물(캡사이신),취급원료,,신규(DB에 없음),,적재,,,
하이베이스,곡류혼합,취급원료,,신규(DB에 없음),,적재,,,
하이베이스,곡류효소,취급원료,,신규(DB에 없음),,적재,,,
하이베이스,공액리놀레산(C.L.A),취급원료,,신규(DB에 없음),,적재,,,
하이베이스,과라나,취급원료,,신규(DB에 없음),,적재,,,
하이베이스,과일야채농축분말,취급원료,,신규(DB에 없음),,적재,,,
하이베이스,과일혼합분말,취급원료,,신규(DB에 없음),,적재,,,
하이베이스,구기자,취급원료,,★공급사 미상 → 후보,보통,적재,구기자분말,공급사 미상(source21),65000
하이베이스,구기자,취급원료,,타공급사 보유,보통,적재,구기자분말,바이오케어,46000
하이베이스,구기자,취급원료,,타공급사 보유,보통,적재,구기자분말,바이오케어,17000
하이베이스,구기자,취급원료,,★공급사 미상 → 후보,보통,적재,구기자농축액,공급사 미상(source21),28000
하이베이스,구기자,취급원료,,타공급사 보유,보통,적재,구기자농축액,해찬솔,28000
하이베이스,구루메,취급원료,,신규(DB에 없음),,적재,,,
하이베이스,구아검,취급원료,,★공급사 미상 → 후보,확실,적재,구아검,공급사 미상(source21),5500
하이베이스,구아검,취급원료,,동일공급사 기등록,확실,적재,구아검,하이베이스,5500
하이베이스,구아바,취급원료,,★공급사 미상 → 후보,보통,적재,구아바잎분말,공급사 미상(source21),65000
하이베이스,구아바,취급원료,,★공급사 미상 → 후보,보통,적재,구아바잎분말,공급사 미상(source21),15000
하이베이스,구아바,취급원료,,타공급사 보유,보통,적재,구아바잎분말,바이오케어,16000
하이베이스,구아바,취급원료,,타공급사 보유,보통,적재,구아바잎분말,엘본에이치앤비,65000
하이베이스,구아바,취급원료,,타공급사 보유,보통,적재,구아바잎분말,바이오케어,15000
하이베이스,구아바잎추출물(건기식),취급원료,,★공급사 미상 → 후보,확실,적재,구아바잎추출물,공급사 미상(source21),60000
하이베이스,구연산,취급원료,,★공급사 미상 → 후보,확실,적재,구연산,공급사 미상(source21),4500
하이베이스,구연산,취급원료,,★공급사 미상 → 후보,보통,적재,구연산칼륨,공급사 미상(source21),6700
하이베이스,구연산,취급원료,,★공급사 미상 → 후보,보통,적재,무수구연산,공급사 미상(source21),3000
하이베이스,구연산,취급원료,,동일공급사 기등록,보통,적재,구연산칼슘,하이베이스,19000
하이베이스,구연산,취급원료,,타공급사 보유,보통,적재,구연산칼슘,엘본에이치앤비,18000
하이베이스,구연산,취급원료,,동일공급사 기등록,보통,적재,구연산칼슘,하이베이스,17000
하이베이스,구연산,취급원료,,타공급사 보유,보통,적재,무수구연산,씨에스에프,1450
하이베이스,구연산,취급원료,,★공급사 미상 → 후보,보통,적재,구연산나트륨,공급사 미상(source21),4500
하이베이스,구연산,취급원료,,★공급사 미상 → 후보,보통,적재,구연산나트륨,공급사 미상(source21),7000
하이베이스,구연산나트륨/칼륨,취급원료,,★공급사 미상 → 후보,보통,적재,구연산나트륨,공급사 미상(source21),4500
하이베이스,구연산나트륨/칼륨,취급원료,,★공급사 미상 → 후보,보통,적재,구연산나트륨,공급사 미상(source21),7000
하이베이스,구연산암모늄철,취급원료,,신규(DB에 없음),,적재,,,
하이베이스,구연산칼슘,취급원료,,동일공급사 기등록,확실,적재,구연산칼슘,하이베이스,19000
하이베이스,구연산칼슘,취급원료,,타공급사 보유,확실,적재,구연산칼슘,엘본에이치앤비,18000
하이베이스,구연산칼슘,취급원료,,동일공급사 기등록,확실,적재,구연산칼슘,하이베이스,17000
하이베이스,구연산칼슘,취급원료,,★공급사 미상 → 후보,보통,적재,구연산,공급사 미상(source21),4500
하이베이스,국화,취급원료,,신규(DB에 없음),,적재,,,
하이베이스,굴라멜라(사탕야자),취급원료,,신규(DB에 없음),,적재,,,
하이베이스,귀리,취급원료,,신규(DB에 없음),,적재,,,
하이베이스,그린커피추출분말,취급원료,,신규(DB에 없음),,적재,,,
하이베이스,글루코노델타락톤,취급원료,,신규(DB에 없음),,적재,,,
하이베이스,글루코만난,취급원료,,★공급사 미상 → 후보,확실,적재,글루코만난,공급사 미상(source21),24000
하이베이스,글루코만난,취급원료,,동일공급사 기등록,확실,적재,글루코만난,하이베이스,24000
하이베이스,글루코만난,취급원료,,타공급사 보유,확실,적재,글루코만난,태성,23000
하이베이스,글루코사민(염산염),취급원료,,★공급사 미상 → 후보,확실,적재,글루코사민(N-아세틸),공급사 미상(source21),110000
하이베이스,글루코사민(염산염),취급원료,,타공급사 보유,보통,적재,글루코사민 염산염,엘본에이치앤비,19000
하이베이스,글루코사민(염산염),취급원료,,타공급사 보유,보통,적재,글루코사민 황산염,엘본에이치앤비,20000
하이베이스,글루코사민(황산염),취급원료,,★공급사 미상 → 후보,확실,적재,글루코사민(N-아세틸),공급사 미상(source21),110000
하이베이스,글루코사민(황산염),취급원료,,타공급사 보유,보통,적재,글루코사민 염산염,엘본에이치앤비,19000
하이베이스,글루코사민(황산염),취급원료,,타공급사 보유,보통,적재,글루코사민 황산염,엘본에이치앤비,20000
하이베이스,글루콘산(아연/칼슘),취급원료,,타공급사 보유,높음,적재,글루콘산동,제일,120000
하이베이스,글루콘산(아연/칼슘),취급원료,,타공급사 보유,높음,적재,글루콘산철,제일,70000
하이베이스,글루콘산(아연/칼슘),취급원료,,타공급사 보유,보통,적재,글루콘산아연,태성,27000
하이베이스,글루콘산(아연/칼슘),취급원료,,타공급사 보유,보통,적재,글루콘산아연,태성,11000
하이베이스,글루콘산(아연/칼슘),취급원료,,★공급사 미상 → 후보,보통,적재,글루콘산 아연,공급사 미상(source21),29000
하이베이스,글루콘산(아연/칼슘),취급원료,,타공급사 보유,보통,적재,글루콘산칼슘,제일,20000
하이베이스,글루콘산(아연/칼슘),취급원료,,타공급사 보유,보통,적재,글루콘산아연,제일,20000
하이베이스,글루콘산(아연/칼슘),취급원료,,★공급사 미상 → 후보,보통,적재,글루콘산마그네슘,공급사 미상(source21),25000
하이베이스,글루콘산(아연/칼슘),취급원료,,타공급사 보유,보통,적재,글루콘산마그네슘,제일,20000
하이베이스,글루콘산동(구리),취급원료,,타공급사 보유,확실,적재,글루콘산동,제일,120000
하이베이스,글루콘산마그네슘,취급원료,,★공급사 미상 → 후보,확실,적재,글루콘산마그네슘,공급사 미상(source21),25000
하이베이스,글루콘산마그네슘,취급원료,,타공급사 보유,확실,적재,글루콘산마그네슘,제일,20000
하이베이스,글루콘산액(50%),취급원료,,신규(DB에 없음),,적재,,,
하이베이스,글루콘산철,취급원료,,타공급사 보유,확실,적재,글루콘산철,제일,70000
하이베이스,글루콘산칼륨/나트륨,취급원료,,신규(DB에 없음),,적재,,,
하이베이스,글루타민펩타이드,취급원료,,★공급사 미상 → 후보,보통,적재,글루타민,공급사 미상(source21),16000
하이베이스,글루타치온(효모),취급원료,,★공급사 미상 → 후보,확실,적재,글루타치온(캐나다),공급사 미상(source21),450000
하이베이스,글루타치온(효모),취급원료,,★공급사 미상 → 후보,확실,적재,글루타치온(14%)(스위스),공급사 미상(source21),180000
하이베이스,글루타치온(효모),취급원료,,★공급사 미상 → 후보,확실,적재,글루타치온,공급사 미상(source21),350000
하이베이스,글루타치온(효모),취급원료,,타공급사 보유,확실,적재,글루타치온 85%,뉴다바이오,800000
하이베이스,글루타치온(효모),취급원료,,타공급사 보유,확실,적재,글루타치온(50%),태성,320000
하이베이스,글루타치온(효모),취급원료,,타공급사 보유,확실,적재,글루타치온,하람,380000
하이베이스,글루타치온(효모),취급원료,,★공급사 미상 → 후보,확실,적재,글루타치온50%,공급사 미상(source21),380000
하이베이스,글루타치온(효모),취급원료,,★공급사 미상 → 후보,확실,적재,글루타치온50%,공급사 미상(source21),250000
하이베이스,글루타치온(효모),취급원료,,타공급사 보유,확실,적재,글루타치온 50%(영국산),원아,265000
하이베이스,글루타치온(효모),취급원료,,타공급사 보유,확실,적재,글루타치온 50%(미국),원아,230000
하이베이스,글루타치온(효모),취급원료,,타공급사 보유,확실,적재,글루타치온98%,ambe,250000
하이베이스,글루타치온(효모),취급원료,,타공급사 보유,확실,적재,글루타치온98%,SvAgro,250000
하이베이스,글루타치온(효모),취급원료,,★공급사 미상 → 후보,보통,적재,글루타치온건조효모,공급사 미상(source21),31000
하이베이스,글루타치온(효모),취급원료,,★공급사 미상 → 후보,보통,적재,글루타치온건조효모,공급사 미상(source21),160000
하이베이스,글루타치온(효모),취급원료,,★공급사 미상 → 후보,보통,적재,글루타치온건조효모,공급사 미상(source21),220000
하이베이스,글루타치온(효모),취급원료,,★공급사 미상 → 후보,보통,적재,글루타치온건조효모,공급사 미상(source21),680000
하이베이스,글루타치온(효모),취급원료,,★공급사 미상 → 후보,보통,적재,글루타치온건조효모(리포조말)(미국),공급사 미상(source21),500000
하이베이스,글루타치온(효모),취급원료,,★공급사 미상 → 후보,보통,적재,글루타치온건조효모(캐나다),공급사 미상(source21),400000
하이베이스,글루타치온(효모),취급원료,,★공급사 미상 → 후보,보통,적재,글루타치온건조효모(50%)(네덜란드),공급사 미상(source21),370000
하이베이스,글루타치온(효모),취급원료,,★공급사 미상 → 후보,보통,적재,글루타치온건조효모(85%)(인도산),공급사 미상(source21),380000
하이베이스,글루타치온(효모),취급원료,,★공급사 미상 → 후보,보통,적재,글루타치온건조효모(50%인도산),공급사 미상(source21),280000
하이베이스,글루타치온(효모),취급원료,,★공급사 미상 → 후보,보통,적재,글루타치온건조효모(리포조말)(미국),공급사 미상(source21),600000
하이베이스,글루타치온(효모),취급원료,,★공급사 미상 → 후보,보통,적재,글루타치온건조효모(엥겔비타GSH),공급사 미상(source21),18000
하이베이스,글루타치온(효모),취급원료,,★공급사 미상 → 후보,보통,적재,글루타치온(L)효모추출물,공급사 미상(source21),160000
하이베이스,글리세린,취급원료,,타공급사 보유,확실,적재,(유기농) 글리세린,제일,24000
하이베이스,글리세린지방산에스테르,취급원료,,★공급사 미상 → 후보,확실,적재,글리세린지방산에스테르(글리세롤),공급사 미상(source21),9000
하이베이스,글리세린지방산에스테르,취급원료,,★공급사 미상 → 후보,확실,적재,글리세린지방산에스테르(글리세롤),공급사 미상(source21),5500
하이베이스,글리세린지방산에스테르,취급원료,,동일공급사 기등록,확실,적재,글리세린지방산에스테르,하이베이스,9000
하이베이스,글리세린지방산에스테르,취급원료,,동일공급사 기등록,확실,적재,글리세린지방산에스테르,하이베이스,5500
하이베이스,글리세린지방산에스테르,취급원료,,타공급사 보유,확실,적재,글리세린지방산에스테르,태성,5000
하이베이스,글리세린지방산에스테르,취급원료,,동일공급사 기등록,높음,적재,글리세린지방산에스테르 액상,하이베이스,9000
하이베이스,글리세린지방산에스테르,취급원료,,동일공급사 기등록,높음,적재,글리세린지방산에스테르 점성액상,하이베이스,10000
하이베이스,글리세린지방산에스테르,취급원료,,동일공급사 기등록,보통,적재,글리세린지방산에스테르 정제코팅용분말,하이베이스,8000
하이베이스,금은화(인동꽃),취급원료,,신규(DB에 없음),,적재,,,
하이베이스,금전초,취급원료,,신규(DB에 없음),,적재,,,
하이베이스,기장,취급원료,,신규(DB에 없음),,적재,,,
하이베이스,길경,취급원료,,신규(DB에 없음),,적재,,,
하이베이스,까무까무,취급원료,,신규(DB에 없음),,적재,,,
하이베이스,나노칼슘,취급원료,,동일공급사 기등록,확실,적재,(탄산)나노칼슘,하이베이스,13000
하이베이스,나노칼슘,취급원료,,★공급사 미상 → 후보,보통,적재,칼슘(구연산),공급사 미상(source21),17000
하이베이스,나노칼슘,취급원료,,★공급사 미상 → 후보,보통,적재,칼슘(밀크칼슘),공급사 미상(source21),20000
하이베이스,나노칼슘,취급원료,,★공급사 미상 → 후보,보통,적재,칼슘(밀크칼슘),공급사 미상(source21),17000
하이베이스,나노칼슘,취급원료,,★공급사 미상 → 후보,보통,적재,칼슘(산호),공급사 미상(source21),20000
하이베이스,나노칼슘,취급원료,,★공급사 미상 → 후보,보통,적재,칼슘(산호),공급사 미상(source21),24000
하이베이스,나노칼슘,취급원료,,★공급사 미상 → 후보,보통,적재,칼슘(어골),공급사 미상(source21),38000
하이베이스,나노칼슘,취급원료,,★공급사 미상 → 후보,보통,적재,칼슘(탄산),공급사 미상(source21),2500
하이베이스,나노칼슘,취급원료,,★공급사 미상 → 후보,보통,적재,칼슘(해조),공급사 미상(source21),9500
하이베이스,나한과,취급원료,,신규(DB에 없음),,적재,,,
하이베이스,난각칼슘,취급원료,,★공급사 미상 → 후보,보통,적재,칼슘(구연산),공급사 미상(source21),17000
하이베이스,난각칼슘,취급원료,,★공급사 미상 → 후보,보통,적재,칼슘(밀크칼슘),공급사 미상(source21),20000
하이베이스,난각칼슘,취급원료,,★공급사 미상 → 후보,보통,적재,칼슘(밀크칼슘),공급사 미상(source21),17000
하이베이스,난각칼슘,취급원료,,★공급사 미상 → 후보,보통,적재,칼슘(산호),공급사 미상(source21),20000
하이베이스,난각칼슘,취급원료,,★공급사 미상 → 후보,보통,적재,칼슘(산호),공급사 미상(source21),24000
하이베이스,난각칼슘,취급원료,,★공급사 미상 → 후보,보통,적재,칼슘(어골),공급사 미상(source21),38000
하이베이스,난각칼슘,취급원료,,★공급사 미상 → 후보,보통,적재,칼슘(탄산),공급사 미상(source21),2500
하이베이스,난각칼슘,취급원료,,★공급사 미상 → 후보,보통,적재,칼슘(해조),공급사 미상(source21),9500
하이베이스,난단백,취급원료,,신규(DB에 없음),,적재,,,
하이베이스,난소화성덱스트린(화이바졸),취급원료,,신규(DB에 없음),,적재,,,
하이베이스,난소화성덱스트린(화인화이버),취급원료,,신규(DB에 없음),,적재,,,
하이베이스,난황,취급원료,,신규(DB에 없음),,적재,,,
하이베이스,난황레시틴,취급원료,,신규(DB에 없음),,적재,,,
하이베이스,난황유,취급원료,,신규(DB에 없음),,적재,,,
하이베이스,노니,취급원료,,신규(DB에 없음),,적재,,,
하이베이스,노루궁뎅이,취급원료,,타공급사 보유,보통,적재,노루궁뎅이버섯분말,태성,72000
하이베이스,노팔선인장,취급원료,,신규(DB에 없음),,적재,,,
하이베이스,노회(알로에)추출분말,취급원료,,신규(DB에 없음),,적재,,,
하이베이스,녹각,취급원료,,신규(DB에 없음),,적재,,,
하이베이스,녹두,취급원료,,신규(DB에 없음),,적재,,,
하이베이스,녹색홍합,취급원료,,신규(DB에 없음),,적재,,,
하이베이스,녹용(추출물),취급원료,,신규(DB에 없음),,적재,,,
하이베이스,녹차분말,취급원료,,★공급사 미상 → 후보,확실,적재,녹차분말,공급사 미상(source21),26000
하이베이스,녹차분말,취급원료,,★공급사 미상 → 후보,확실,적재,녹차분말,공급사 미상(source21),22000
하이베이스,녹차분말,취급원료,,동일공급사 기등록,확실,적재,녹차분말,하이베이스,19000
하이베이스,녹차분말,취급원료,,타공급사 보유,확실,적재,녹차분말,엘본에이치앤비,26000
하이베이스,녹차분말,취급원료,,타공급사 보유,확실,적재,녹차분말,바이오케어,22000
하이베이스,녹차분말,취급원료,,타공급사 보유,확실,적재,녹차분말,바이오케어,21000
하이베이스,녹차분말,취급원료,,타공급사 보유,보통,적재,살균녹차분말,태성,23000
하이베이스,녹차추출분말,취급원료,,동일공급사 기등록,확실,적재,녹차추출분말(카테킨함량70%),하이베이스,80000
하이베이스,녹차추출분말,취급원료,,동일공급사 기등록,확실,적재,녹차추출분말(카테킨함량70%),하이베이스,77000
하이베이스,녹차추출분말,취급원료,,동일공급사 기등록,확실,적재,녹차추출분말(카테킨함량75%),하이베이스,88000
하이베이스,녹차추출분말,취급원료,,타공급사 보유,확실,적재,녹차추출분말(카테킨함량70%),엘본에이치앤비,79000
하이베이스,녹차추출분말,취급원료,,타공급사 보유,확실,적재,녹차추출분말,올담식품,16000
하이베이스,녹혈,취급원료,,신규(DB에 없음),,적재,,,
하이베이스,누룽지,취급원료,,동일공급사 기등록,보통,적재,누룽지분말,하이베이스,4000
하이베이스,누에,취급원료,,신규(DB에 없음),,적재,,,
하이베이스,뉴트리오스(식이섬유),취급원료,,신규(DB에 없음),,적재,,,
하이베이스,다래,취급원료,,신규(DB에 없음),,적재,,,
하이베이스,다미아나,취급원료,,신규(DB에 없음),,적재,,,
하이베이스,다시마,취급원료,,★공급사 미상 → 후보,보통,적재,다시마분말(엑기스),공급사 미상(source21),10000
하이베이스,다시마,취급원료,,★공급사 미상 → 후보,보통,적재,다시마분말,공급사 미상(source21),24000
하이베이스,다시마,취급원료,,타공급사 보유,보통,적재,다시마분말,바이오케어,24000
하이베이스,단델리온(서양민들레),취급원료,,신규(DB에 없음),,적재,,,
하이베이스,단백아연,취급원료,,신규(DB에 없음),,적재,,,
하이베이스,단백철,취급원료,,신규(DB에 없음),,적재,,,
하이베이스,단호박,취급원료,,신규(DB에 없음),,적재,,,
하이베이스,달맞이꽃종자(유),취급원료,,동일공급사 기등록,높음,적재,달맞이꽃 종자유,하이베이스,50000
하이베이스,달맞이꽃종자(유),취급원료,,타공급사 보유,높음,적재,(유기농) 달맞이꽃종자유,제일,105000
하이베이스,달맞이꽃종자유분말,취급원료,,동일공급사 기등록,높음,적재,달맞이꽃 종자유,하이베이스,50000
하이베이스,달맞이꽃종자유분말,취급원료,,타공급사 보유,높음,적재,(유기농) 달맞이꽃종자유,제일,105000
하이베이스,달맞이꽃종자추출물(건기식),취급원료,,신규(DB에 없음),,적재,,,
하이베이스,닭가슴살(추출)분말,취급원료,,신규(DB에 없음),,적재,,,
하이베이스,닭고기맛분말,취급원료,,신규(DB에 없음),,적재,,,
하이베이스,당귀,취급원료,,타공급사 보유,보통,적재,당귀분말,바이오케어,19500
하이베이스,당귀,취급원료,,타공급사 보유,보통,적재,당귀분말,바이오케어,13600
하이베이스,당귀등혼합(헤모힘),취급원료,,신규(DB에 없음),,적재,,,
하이베이스,당근,취급원료,,신규(DB에 없음),,적재,,,
하이베이스,당류(*별첨),취급원료,,신규(DB에 없음),,적재,,,
하이베이스,대나무식이섬유,취급원료,,신규(DB에 없음),,적재,,,
하이베이스,"대두(백태,흑태=검은콩)",취급원료,,★공급사 미상 → 후보,보통,적재,탈지대두,공급사 미상(source21),2000
하이베이스,"대두(백태,흑태=검은콩)",취급원료,,동일공급사 기등록,보통,적재,탈지대두,하이베이스,2000
하이베이스,대두(이소플5~30%),취급원료,,★공급사 미상 → 후보,보통,적재,탈지대두,공급사 미상(source21),2000
하이베이스,대두(이소플5~30%),취급원료,,동일공급사 기등록,보통,적재,탈지대두,하이베이스,2000
하이베이스,대두레시틴(분말),취급원료,,★공급사 미상 → 후보,높음,적재,대두레시틴분말,공급사 미상(source21),15000
하이베이스,대두레시틴(분말),취급원료,,★공급사 미상 → 후보,높음,적재,대두레시틴액상,공급사 미상(source21),4600
하이베이스,대두레시틴(분말),취급원료,,★공급사 미상 → 후보,보통,적재,대두레시틴추출분말,공급사 미상(source21),26000
하이베이스,대두레시틴(분말),취급원료,,동일공급사 기등록,보통,적재,대두레시틴 추출분말,하이베이스,26000
하이베이스,대두레시틴(액상),취급원료,,★공급사 미상 → 후보,높음,적재,대두레시틴분말,공급사 미상(source21),15000
하이베이스,대두레시틴(액상),취급원료,,★공급사 미상 → 후보,높음,적재,대두레시틴액상,공급사 미상(source21),4600
하이베이스,대두레시틴(액상),취급원료,,★공급사 미상 → 후보,보통,적재,대두레시틴추출분말,공급사 미상(source21),26000
하이베이스,대두레시틴(액상),취급원료,,동일공급사 기등록,보통,적재,대두레시틴 추출분말,하이베이스,26000
하이베이스,대두발효(납두균),취급원료,,신규(DB에 없음),,적재,,,
하이베이스,대두분리단백,취급원료,,신규(DB에 없음),,적재,,,
하이베이스,대두식이섬유,취급원료,,★공급사 미상 → 후보,확실,적재,대두식이섬유,공급사 미상(source21),3500
하이베이스,대두올리고펩타이드,취급원료,,신규(DB에 없음),,적재,,,
하이베이스,대두유,취급원료,,신규(DB에 없음),,적재,,,
하이베이스,대두이소플라본(건식),취급원료,,★공급사 미상 → 후보,확실,적재,대두이소플라본(바이오이소플라본)(건식),공급사 미상(source21),300000
하이베이스,대두이소플라본(건식),취급원료,,★공급사 미상 → 후보,확실,적재,대두이소플라본(수용성이소플라본)(건식),공급사 미상(source21),350000
하이베이스,대두이소플라본(건식),취급원료,,★공급사 미상 → 후보,확실,적재,대두이소플라본,공급사 미상(source21),105000
하이베이스,대두이소플라본(건식),취급원료,,★공급사 미상 → 후보,확실,적재,대두이소플라본,공급사 미상(source21),240000
하이베이스,대두이소플라본(건식),취급원료,,★공급사 미상 → 후보,확실,적재,대두이소플라본,공급사 미상(source21),460000
하이베이스,대두이소플라본(건식),취급원료,,타공급사 보유,확실,적재,대두이소플라본(바이오이소플라본),현대바이오랜드,300000
하이베이스,대두이소플라본(건식),취급원료,,타공급사 보유,확실,적재,대두이소플라본(수용성이소플라본),현대바이오랜드,350000
하이베이스,대보농축액,취급원료,,신규(DB에 없음),,적재,,,
하이베이스,대추,취급원료,,신규(DB에 없음),,적재,,,
하이베이스,더덕,취급원료,,★공급사 미상 → 후보,보통,적재,더덕분말,공급사 미상(source21),37000
하이베이스,더덕,취급원료,,타공급사 보유,보통,적재,더덕분말,바이오케어,37000
하이베이스,도토리,취급원료,,신규(DB에 없음),,적재,,,
하이베이스,도토리,취급원료,,신규(DB에 없음),,적재,,,
하이베이스,독활(땅두릅),취급원료,,신규(DB에 없음),,적재,,,
하이베이스,동규엽,취급원료,,신규(DB에 없음),,적재,,,
하이베이스,동충하초,취급원료,,★공급사 미상 → 후보,확실,적재,동충하초(밀라타리스),공급사 미상(source21),55000
하이베이스,두충,취급원료,,★공급사 미상 → 후보,보통,적재,두충분말,공급사 미상(source21),15000
하이베이스,둥글레(황정),취급원료,,신규(DB에 없음),,적재,,,
하이베이스,들깨,취급원료,,신규(DB에 없음),,적재,,,
하이베이스,딸기(농축액/맛/시럽),취급원료,,★공급사 미상 → 후보,보통,적재,딸기향,공급사 미상(source21),11000
하이베이스,땅콩,취급원료,,동일공급사 기등록,보통,적재,땅콩 분말,하이베이스,12000
하이베이스,락추로스,취급원료,,동일공급사 기등록,보통,적재,락추로스분말,하이베이스,16500
하이베이스,락추로스,취급원료,,★공급사 미상 → 후보,보통,적재,락추로스분말50,공급사 미상(source21),15000
하이베이스,락토페린,취급원료,,동일공급사 기등록,확실,적재,락토페린,하이베이스,1200000
하이베이스,락토페린,취급원료,,★공급사 미상 → 후보,확실,적재,락토페린 5kg,공급사 미상(source21),1250000
하이베이스,락토페린,취급원료,,★공급사 미상 → 후보,보통,적재,락토페린농축물,공급사 미상(source21),1300000
하이베이스,락토페린,취급원료,,★공급사 미상 → 후보,보통,적재,락토페린농축물,공급사 미상(source21),980000
하이베이스,락토페린,취급원료,,★공급사 미상 → 후보,보통,적재,락토페린농축물,공급사 미상(source21),3500000
하이베이스,락토페린,취급원료,,타공급사 보유,보통,적재,락토페린 농축물,담원인터내셔널,1300000
하이베이스,레드비트,취급원료,,★공급사 미상 → 후보,보통,적재,레드비트분말,공급사 미상(source21),26000
하이베이스,레드비트,취급원료,,동일공급사 기등록,보통,적재,레드비트분말(일반분말),하이베이스,23000
하이베이스,레드비트,취급원료,,★공급사 미상 → 후보,보통,적재,레드비트농축액(유기농),공급사 미상(source21),8500
하이베이스,레드비트,취급원료,,★공급사 미상 → 후보,보통,적재,레드비트농축분말,공급사 미상(source21),18000
하이베이스,레드비트,취급원료,,★공급사 미상 → 후보,보통,적재,레드비트농축분말,공급사 미상(source21),17000
하이베이스,레드비트,취급원료,,타공급사 보유,보통,적재,레드비트농축분말,해찬솔,17000
하이베이스,레드비트,취급원료,,타공급사 보유,보통,적재,레드비트농축분말,새롬비앤에프,16000
하이베이스,레드클로바,취급원료,,신규(DB에 없음),,적재,,,
하이베이스,레몬농축분말,취급원료,,신규(DB에 없음),,적재,,,
하이베이스,레몬밤(멜리사),취급원료,,동일공급사 기등록,확실,적재,레몬밤(추출분말),하이베이스,12000
하이베이스,레몬밤(멜리사),취급원료,,★공급사 미상 → 후보,보통,적재,레몬 밤 추출물,공급사 미상(source21),150000
하이베이스,레몬밤(멜리사),취급원료,,★공급사 미상 → 후보,보통,적재,레몬밤추출물,공급사 미상(source21),150000
하이베이스,레몬밤(멜리사),취급원료,,★공급사 미상 → 후보,보통,적재,레몬밤추출물(일식원료),공급사 미상(source21),14000
하이베이스,레반식이섬유,취급원료,,신규(DB에 없음),,적재,,,
하이베이스,로얄제리,취급원료,,★공급사 미상 → 후보,확실,적재,로얄제리,공급사 미상(source21),205000
하이베이스,로얄제리,취급원료,,동일공급사 기등록,확실,적재,로얄제리,하이베이스,205000
하이베이스,로얄제리,취급원료,,타공급사 보유,높음,적재,(유기농) 생로얄제리,제일,750000
하이베이스,로얄제리,취급원료,,타공급사 보유,보통,적재,(유기농) 동결건조로얄제리,제일,1500000
하이베이스,로즈마리,취급원료,,타공급사 보유,보통,적재,로즈마리 추출분말,해찬솔,16000
하이베이스,로즈힙(들장미/기타),취급원료,,★공급사 미상 → 후보,보통,적재,로즈힙퓨레,공급사 미상(source21),7500
하이베이스,로즈힙분말(건기식),취급원료,,신규(DB에 없음),,적재,,,
하이베이스,루이보스,취급원료,,신규(DB에 없음),,적재,,,
하이베이스,루테인(마리골/기타가공),취급원료,,★공급사 미상 → 후보,확실,적재,루테인,공급사 미상(source21),180000
하이베이스,루테인(마리골/기타가공),취급원료,,★공급사 미상 → 후보,확실,적재,루테인,공급사 미상(source21),150000
하이베이스,루테인(마리골드/건기식),취급원료,,★공급사 미상 → 후보,확실,적재,루테인,공급사 미상(source21),180000
하이베이스,루테인(마리골드/건기식),취급원료,,★공급사 미상 → 후보,확실,적재,루테인,공급사 미상(source21),150000
하이베이스,루틴(Rutin),취급원료,,신규(DB에 없음),,적재,,,
하이베이스,리보오스,취급원료,,타공급사 보유,확실,적재,리보오스,태성,100000
하이베이스,리소짐,취급원료,,★공급사 미상 → 후보,보통,적재,리소짐분말,공급사 미상(source21),220000
하이베이스,리소짐,취급원료,,★공급사 미상 → 후보,보통,적재,리소짐분말,공급사 미상(source21),260000
하이베이스,리소짐,취급원료,,동일공급사 기등록,보통,적재,리소짐(리소자임) 분말,하이베이스,220000
하이베이스,리소짐,취급원료,,동일공급사 기등록,보통,적재,리소짐(리소자임) 분말,하이베이스,260000
하이베이스,리소짐,취급원료,,타공급사 보유,보통,적재,리소짐(리소자임) 분말,엘본에이치앤비,220000
하이베이스,마늘(무취),취급원료,,신규(DB에 없음),,적재,,,
하이베이스,마늘(일반),취급원료,,신규(DB에 없음),,적재,,,
하이베이스,마늘(향)유,취급원료,,신규(DB에 없음),,적재,,,
하이베이스,마카(불용성),취급원료,,★공급사 미상 → 후보,보통,적재,마카분말(블랙),공급사 미상(source21),25000
하이베이스,마카(불용성),취급원료,,★공급사 미상 → 후보,보통,적재,마카분말(레드),공급사 미상(source21),75000
하이베이스,마카(불용성),취급원료,,타공급사 보유,보통,적재,레드마카,서호상사,75000
하이베이스,마카(수용성),취급원료,,★공급사 미상 → 후보,보통,적재,마카분말(블랙),공급사 미상(source21),25000
하이베이스,마카(수용성),취급원료,,★공급사 미상 → 후보,보통,적재,마카분말(레드),공급사 미상(source21),75000
하이베이스,마카(수용성),취급원료,,타공급사 보유,보통,적재,레드마카,서호상사,75000
하이베이스,마카분말,취급원료,,★공급사 미상 → 후보,확실,적재,마카분말(블랙),공급사 미상(source21),25000
하이베이스,마카분말,취급원료,,★공급사 미상 → 후보,확실,적재,마카분말(레드),공급사 미상(source21),75000
하이베이스,마카분말,취급원료,,타공급사 보유,보통,적재,블랙마카분말(젤라틴화),태성,17000
하이베이스,마테(추출물),취급원료,,신규(DB에 없음),,적재,,,
하이베이스,마테분말,취급원료,,신규(DB에 없음),,적재,,,
하이베이스,말토덱스트린,취급원료,,★공급사 미상 → 후보,확실,적재,말토덱스트린,공급사 미상(source21),1800
하이베이스,말토덱스트린,취급원료,,★공급사 미상 → 후보,확실,적재,말토덱스트린,공급사 미상(source21),2400
하이베이스,말토덱스트린,취급원료,,타공급사 보유,확실,적재,말토덱스트린,해찬솔,1800
하이베이스,말토덱스트린,취급원료,,동일공급사 기등록,확실,적재,말토덱스트린,하이베이스,2400
하이베이스,말토덱스트린,취급원료,,타공급사 보유,확실,적재,말토덱스트린,태성,2280
하이베이스,말토덱스트린,취급원료,,타공급사 보유,확실,적재,말토덱스트린 (DE15~20),씨에스에프,1180
하이베이스,말토덱스트린,취급원료,,★공급사 미상 → 후보,보통,적재,난소화성 말토덱스트린,공급사 미상(source21),8000
하이베이스,말토덱스트린,취급원료,,동일공급사 기등록,보통,적재,난소화성 말토덱스트린,하이베이스,6400
하이베이스,말톨,취급원료,,신규(DB에 없음),,적재,,,
하이베이스,망고,취급원료,,신규(DB에 없음),,적재,,,
하이베이스,매스틱,취급원료,,신규(DB에 없음),,적재,,,
하이베이스,매실,취급원료,,신규(DB에 없음),,적재,,,
하이베이스,맥류(밀/보리),취급원료,,신규(DB에 없음),,적재,,,
하이베이스,맥문동,취급원료,,★공급사 미상 → 후보,보통,적재,맥문동분말,공급사 미상(source21),33000
하이베이스,맥문동,취급원료,,타공급사 보유,보통,적재,맥문동분말,바이오케어,33000
하이베이스,맥아,취급원료,,신규(DB에 없음),,적재,,,
하이베이스,맥주효모,취급원료,,★공급사 미상 → 후보,확실,적재,맥주효모,공급사 미상(source21),9500
하이베이스,맥주효모,취급원료,,★공급사 미상 → 후보,확실,적재,맥주효모,공급사 미상(source21),9200
하이베이스,메론,취급원료,,신규(DB에 없음),,적재,,,
하이베이스,메밀,취급원료,,신규(DB에 없음),,적재,,,
하이베이스,메이플시럽(분말),취급원료,,신규(DB에 없음),,적재,,,
하이베이스,메타브로민(카카오),취급원료,,신규(DB에 없음),,적재,,,
하이베이스,메타인산나트륨,취급원료,,신규(DB에 없음),,적재,,,
하이베이스,메틸셀룰로오스,취급원료,,신규(DB에 없음),,적재,,,
하이베이스,멘톨,취급원료,,신규(DB에 없음),,적재,,,
하이베이스,멸치,취급원료,,신규(DB에 없음),,적재,,,
하이베이스,명반(암모늄),취급원료,,신규(DB에 없음),,적재,,,
하이베이스,모과,취급원료,,신규(DB에 없음),,적재,,,
하이베이스,모로헤이야,취급원료,,신규(DB에 없음),,적재,,,
하이베이스,모링가,취급원료,,동일공급사 기등록,보통,적재,모링가분말(일반분말),하이베이스,23000
하이베이스,모링가,취급원료,,타공급사 보유,보통,적재,모링가 추출물,해찬솔,15000
하이베이스,무쿠나(벨벳콩),취급원료,,신규(DB에 없음),,적재,,,
하이베이스,미배아,취급원료,,동일공급사 기등록,보통,적재,현미배아 분말(생),하이베이스,15000
하이베이스,미배아,취급원료,,동일공급사 기등록,보통,적재,현미배아 분말(볶음),하이베이스,15500
하이베이스,미역,취급원료,,신규(DB에 없음),,적재,,,
하이베이스,민들레(포공영)추출분말,취급원료,,★공급사 미상 → 후보,확실,적재,민들레추출분말,공급사 미상(source21),24000
하이베이스,민들레(포공영)추출분말,취급원료,,동일공급사 기등록,확실,적재,민들레추출분말,하이베이스,24000
하이베이스,민들레(포공영)추출분말,취급원료,,타공급사 보유,확실,적재,민들레추출분말,올담식품,16500
하이베이스,밀납,취급원료,,신규(DB에 없음),,적재,,,
하이베이스,밀분말(밀가루),취급원료,,신규(DB에 없음),,적재,,,
하이베이스,밀크맛(분말),취급원료,,신규(DB에 없음),,적재,,,
하이베이스,밀크씨슬(건식),취급원료,,★공급사 미상 → 후보,확실,적재,밀크씨슬,공급사 미상(source21),98000
하이베이스,밀크씨슬(건식),취급원료,,★공급사 미상 → 후보,확실,적재,밀크씨슬,공급사 미상(source21),72000
하이베이스,밀크씨슬(건식),취급원료,,★공급사 미상 → 후보,확실,적재,밀크씨슬(유기농),공급사 미상(source21),390000
하이베이스,밀크씨슬(건식),취급원료,,★공급사 미상 → 후보,확실,적재,밀크씨슬(유기농),공급사 미상(source21),450000
하이베이스,밀크씨슬(건식),취급원료,,타공급사 보유,확실,적재,밀크씨슬(유기농밀크씨슬분말),태성,22000
하이베이스,밀크씨슬(건식),취급원료,,타공급사 보유,보통,적재,밀크씨슬추출물,제일,100000
하이베이스,밀크씨슬(건식),취급원료,,타공급사 보유,보통,적재,밀크씨슬추출물,제일,95000
하이베이스,밀크씨슬(기타),취급원료,,★공급사 미상 → 후보,확실,적재,밀크씨슬,공급사 미상(source21),98000
하이베이스,밀크씨슬(기타),취급원료,,★공급사 미상 → 후보,확실,적재,밀크씨슬,공급사 미상(source21),72000
하이베이스,밀크씨슬(기타),취급원료,,★공급사 미상 → 후보,확실,적재,밀크씨슬(유기농),공급사 미상(source21),390000
하이베이스,밀크씨슬(기타),취급원료,,★공급사 미상 → 후보,확실,적재,밀크씨슬(유기농),공급사 미상(source21),450000
하이베이스,밀크씨슬(기타),취급원료,,타공급사 보유,확실,적재,밀크씨슬(유기농밀크씨슬분말),태성,22000
하이베이스,밀크씨슬(기타),취급원료,,타공급사 보유,보통,적재,밀크씨슬추출물,제일,100000
하이베이스,밀크씨슬(기타),취급원료,,타공급사 보유,보통,적재,밀크씨슬추출물,제일,95000
하이베이스,바나나,취급원료,,신규(DB에 없음),,적재,,,
하이베이스,바나바잎추출물(건기식),취급원료,,★공급사 미상 → 후보,확실,적재,바나바잎추출물,공급사 미상(source21),60000
하이베이스,바나바잎추출물(건기식),취급원료,,★공급사 미상 → 후보,확실,적재,바나바잎추출물1%,공급사 미상(source21),85000
하이베이스,바나바잎추출물(건기식),취급원료,,타공급사 보유,확실,적재,바나바잎추출물 1%,제일,45000
하이베이스,바나바잎추출물(건기식),취급원료,,타공급사 보유,확실,적재,바나바잎추출물 20%,제일,45000
하이베이스,바나바잎추출분말,취급원료,,신규(DB에 없음),,적재,,,
하이베이스,바닐라/바닐린,취급원료,,신규(DB에 없음),,적재,,,
하이베이스,박하유,취급원료,,신규(DB에 없음),,적재,,,
하이베이스,발아곡류혼합분말(17종),취급원료,,신규(DB에 없음),,적재,,,
하이베이스,발효(흑)마늘,취급원료,,신규(DB에 없음),,적재,,,
하이베이스,발효대맥,취급원료,,신규(DB에 없음),,적재,,,
하이베이스,발효울금,취급원료,,신규(DB에 없음),,적재,,,
하이베이스,발효홍삼,취급원료,,★공급사 미상 → 후보,보통,적재,발효홍삼농축액(6년근),공급사 미상(source21),250000
하이베이스,발효홍삼,취급원료,,타공급사 보유,보통,적재,발효홍삼농축액(6년근),현대바이오랜드,250000
하이베이스,배농축액,취급원료,,★공급사 미상 → 후보,확실,적재,배농축액,공급사 미상(source21),8500
하이베이스,배농축액,취급원료,,★공급사 미상 → 후보,확실,적재,배농축액,공급사 미상(source21),5200
하이베이스,배농축액,취급원료,,타공급사 보유,확실,적재,배농축액,해찬솔,8500
하이베이스,배농축액,취급원료,,타공급사 보유,확실,적재,배농축액,해찬솔,5200
하이베이스,배농축액,취급원료,,동일공급사 기등록,확실,적재,배농축액(66Brix이상),하이베이스,4400
하이베이스,배농축액,취급원료,,타공급사 보유,확실,적재,배농축액,새롬비앤에프,15000
하이베이스,백출(삽주),취급원료,,신규(DB에 없음),,적재,,,
하이베이스,버드나무(윌로우),취급원료,,신규(DB에 없음),,적재,,,
하이베이스,벌꿀,취급원료,,신규(DB에 없음),,적재,,,
하이베이스,베타글루칸,취급원료,,신규(DB에 없음),,적재,,,
하이베이스,베타인,취급원료,,동일공급사 기등록,보통,적재,베타인 분말,하이베이스,33000
하이베이스,베타카로틴(천연),취급원료,,동일공급사 기등록,확실,적재,베타카로틴 1%,하이베이스,50000
하이베이스,베타카로틴(천연),취급원료,,동일공급사 기등록,확실,적재,베타카로틴 1%,하이베이스,90000
하이베이스,베타카로틴(천연),취급원료,,동일공급사 기등록,확실,적재,베타카로틴 10%,하이베이스,210000
하이베이스,베타카로틴(천연),취급원료,,동일공급사 기등록,확실,적재,베타카로틴 30%,하이베이스,300000
하이베이스,베타카로틴(천연),취급원료,,타공급사 보유,확실,적재,베타카로틴 30%,엘본에이치앤비,300000
하이베이스,베타카로틴(천연),취급원료,,동일공급사 기등록,높음,적재,베타카로틴 1% 액상,하이베이스,35000
하이베이스,변성전분,취급원료,,신규(DB에 없음),,적재,,,
하이베이스,보라지오일,취급원료,,신규(DB에 없음),,적재,,,
하이베이스,보리,취급원료,,★공급사 미상 → 후보,보통,적재,보리분말,공급사 미상(source21),11000
하이베이스,보리,취급원료,,동일공급사 기등록,보통,적재,보리 분말(생),하이베이스,4500
하이베이스,보리,취급원료,,동일공급사 기등록,보통,적재,보리 분말(볶음),하이베이스,5000
하이베이스,보스웰리아,취급원료,,★공급사 미상 → 후보,확실,적재,보스웰리아,공급사 미상(source21),43000
하이베이스,보스웰리아,취급원료,,★공급사 미상 → 후보,보통,적재,보스웰리아추출분말,공급사 미상(source21),12000
하이베이스,복령(백복령),취급원료,,★공급사 미상 → 후보,보통,적재,복령분말,공급사 미상(source21),22000
하이베이스,복령(백복령),취급원료,,타공급사 보유,보통,적재,복령분말,엘본에이치앤비,22000
하이베이스,복령(백복령),취급원료,,타공급사 보유,보통,적재,복령분말,바이오케어,22000
하이베이스,복분자,취급원료,,★공급사 미상 → 후보,보통,적재,복분자농축애(65브릭스),공급사 미상(source21),40000
하이베이스,복분자,취급원료,,★공급사 미상 → 후보,보통,적재,복분자농축액,공급사 미상(source21),25000
하이베이스,복분자,취급원료,,★공급사 미상 → 후보,보통,적재,복분자농축액(20브릭스),공급사 미상(source21),65000
하이베이스,복분자,취급원료,,타공급사 보유,보통,적재,복분자 농축액,해찬솔,25000
하이베이스,복분자,취급원료,,타공급사 보유,보통,적재,복분자 농축액(20BRIX),해찬솔,65000
하이베이스,복분자,취급원료,,타공급사 보유,보통,적재,복분자 농축액(65BRIX),해찬솔,40000
하이베이스,복숭아,취급원료,,★공급사 미상 → 후보,보통,적재,복숭아농축액,공급사 미상(source21),9500
하이베이스,복숭아,취급원료,,타공급사 보유,보통,적재,복숭아농축액,해찬솔,9500
하이베이스,분말셀룰로오스,취급원료,,신규(DB에 없음),,적재,,,
하이베이스,분유(전지),취급원료,,★공급사 미상 → 후보,확실,적재,분유(전지),공급사 미상(source21),13000
하이베이스,분유(전지),취급원료,,★공급사 미상 → 후보,확실,적재,분유(탈지),공급사 미상(source21),10000
하이베이스,분유(전지),취급원료,,동일공급사 기등록,보통,적재,탈지분유,하이베이스,10000
하이베이스,분유(전지),취급원료,,동일공급사 기등록,보통,적재,전지분유,하이베이스,13000
하이베이스,분유(탈지),취급원료,,★공급사 미상 → 후보,확실,적재,분유(전지),공급사 미상(source21),13000
하이베이스,분유(탈지),취급원료,,★공급사 미상 → 후보,확실,적재,분유(탈지),공급사 미상(source21),10000
하이베이스,분유(탈지),취급원료,,동일공급사 기등록,보통,적재,탈지분유,하이베이스,10000
하이베이스,분유(탈지),취급원료,,동일공급사 기등록,보통,적재,전지분유,하이베이스,13000
하이베이스,분유(혼합),취급원료,,★공급사 미상 → 후보,확실,적재,분유(전지),공급사 미상(source21),13000
하이베이스,분유(혼합),취급원료,,★공급사 미상 → 후보,확실,적재,분유(탈지),공급사 미상(source21),10000
하이베이스,분유(혼합),취급원료,,동일공급사 기등록,보통,적재,탈지분유,하이베이스,10000
하이베이스,분유(혼합),취급원료,,동일공급사 기등록,보통,적재,전지분유,하이베이스,13000
하이베이스,브레더랙,취급원료,,신규(DB에 없음),,적재,,,
하이베이스,브로멜라인(프로테아제),취급원료,,★공급사 미상 → 후보,확실,적재,브로멜라인,공급사 미상(source21),90000
하이베이스,브로멜라인(프로테아제),취급원료,,★공급사 미상 → 후보,확실,적재,브로멜라인,공급사 미상(source21),65000
하이베이스,브로멜라인(프로테아제),취급원료,,★공급사 미상 → 후보,확실,적재,브로멜라인,공급사 미상(source21),56000
하이베이스,브로멜라인(프로테아제),취급원료,,★공급사 미상 → 후보,확실,적재,브로멜라인(1200GDU),공급사 미상(source21),130000
하이베이스,브로멜라인(프로테아제),취급원료,,★공급사 미상 → 후보,확실,적재,브로멜라인(1200GDU),공급사 미상(source21),100000
하이베이스,브로멜라인(프로테아제),취급원료,,타공급사 보유,확실,적재,브로멜라인,에스제이디,56000
하이베이스,브로멜라인(프로테아제),취급원료,,★공급사 미상 → 후보,확실,적재,브로멜라인,공급사 미상(source21),70000
하이베이스,브로컬리,취급원료,,신규(DB에 없음),,적재,,,
하이베이스,블랙베리,취급원료,,신규(DB에 없음),,적재,,,
하이베이스,블랙커런트,취급원료,,타공급사 보유,보통,적재,블랙커런트농축분말,새롬비앤에프,27000
하이베이스,블랙커런트,취급원료,,타공급사 보유,보통,적재,블랙커런트추출분말,해찬솔,24000
하이베이스,"블루베리(혼합,맛)분말",취급원료,,신규(DB에 없음),,적재,,,
하이베이스,블루베리농축액,취급원료,,★공급사 미상 → 후보,확실,적재,블루베리농축액,공급사 미상(source21),13000
하이베이스,블루베리농축액,취급원료,,타공급사 보유,확실,적재,블루베리농축액,해찬솔,12000
하이베이스,블루베리농축액,취급원료,,타공급사 보유,확실,적재,블루베리농축액,해찬솔,13000
하이베이스,블루베리농축액,취급원료,,동일공급사 기등록,확실,적재,블루베리농축액,하이베이스,22000
하이베이스,블루베리농축액,취급원료,,타공급사 보유,확실,적재,블루베리농축액,해찬솔,12500
하이베이스,비타민(*별첨),취급원료,,★공급사 미상 → 후보,높음,적재,비타민C,공급사 미상(source21),7500
하이베이스,비타민(*별첨),취급원료,,★공급사 미상 → 후보,높음,적재,비타민C(중성),공급사 미상(source21),70000
하이베이스,비타민(*별첨),취급원료,,★공급사 미상 → 후보,높음,적재,비타민C(리포조말),공급사 미상(source21),150000
하이베이스,비타민(*별첨),취급원료,,★공급사 미상 → 후보,높음,적재,비타민C(리포조말),공급사 미상(source21),170000
하이베이스,비타민(*별첨),취급원료,,타공급사 보유,높음,적재,비타민C ( Luwei ),태성,7500
하이베이스,비타민(*별첨),취급원료,,타공급사 보유,높음,적재,비타민C,서호상사,6500
하이베이스,비타민(*별첨),취급원료,,타공급사 보유,높음,적재,비타민C,선일에프앤씨,4800
하이베이스,비타민(*별첨),취급원료,,타공급사 보유,높음,적재,비타민C (직타용),선일에프앤씨,6800
하이베이스,비타민(*별첨),취급원료,,동일공급사 기등록,높음,적재,비타민C,하이베이스,7000
하이베이스,비타민(*별첨),취급원료,,동일공급사 기등록,높음,적재,비타민E,하이베이스,24000
하이베이스,비타민(*별첨),취급원료,,★공급사 미상 → 후보,높음,적재,비타민C,공급사 미상(source21),35000
하이베이스,비타민(*별첨),취급원료,,타공급사 보유,높음,적재,비타민C,원아,4300
하이베이스,비타민(*별첨),취급원료,,타공급사 보유,높음,적재,비타민C,씨에스에프,4600
하이베이스,비타민(*별첨),취급원료,,타공급사 보유,보통,적재,비타민k1( 바실러스 나토균 농축분말),태성,330000
하이베이스,비타민(*별첨),취급원료,,동일공급사 기등록,보통,적재,비타민B1,하이베이스,55000
하이베이스,비타민(*별첨),취급원료,,동일공급사 기등록,보통,적재,비타민B2,하이베이스,95000
하이베이스,비타민(*별첨),취급원료,,동일공급사 기등록,보통,적재,비타민B3,하이베이스,18000
하이베이스,비타민(*별첨),취급원료,,동일공급사 기등록,보통,적재,비타민B3,하이베이스,17000
하이베이스,비타민(*별첨),취급원료,,동일공급사 기등록,보통,적재,비타민B5,하이베이스,50000
하이베이스,비타민(*별첨),취급원료,,동일공급사 기등록,보통,적재,비타민B6,하이베이스,47000
하이베이스,비타민(*별첨),취급원료,,동일공급사 기등록,보통,적재,비타민B9,하이베이스,230000
하이베이스,비타민(*별첨),취급원료,,동일공급사 기등록,보통,적재,비타민D3,하이베이스,60000
하이베이스,비타민(*별첨),취급원료,,동일공급사 기등록,보통,적재,비타민D3,하이베이스,71500
하이베이스,비타민(*별첨),취급원료,,동일공급사 기등록,보통,적재,비타민B12,하이베이스,138000
하이베이스,비타민(*별첨),취급원료,,타공급사 보유,보통,적재,비타민B12,엘본에이치앤비,92000
하이베이스,비타민(*별첨),취급원료,,동일공급사 기등록,보통,적재,중성비타민C,하이베이스,70000
하이베이스,비타민(*별첨),취급원료,,동일공급사 기등록,보통,적재,비타민B12,하이베이스,5500
하이베이스,비타민(*별첨),취급원료,,타공급사 보유,보통,적재,중성비타민C,제일,40000
하이베이스,빌베리,취급원료,,★공급사 미상 → 후보,보통,적재,빌베리추출물,공급사 미상(source21),77000
하이베이스,빌베리,취급원료,,★공급사 미상 → 후보,보통,적재,빌베리추출물,공급사 미상(source21),950000
하이베이스,빙초산,취급원료,,신규(DB에 없음),,적재,,,
하이베이스,"사과(농축액,분말)",취급원료,,★공급사 미상 → 후보,보통,적재,사과산,공급사 미상(source21),6000
하이베이스,"사과(농축액,분말)",취급원료,,★공급사 미상 → 후보,보통,적재,사과산,공급사 미상(source21),5800
하이베이스,"사과(농축액,분말)",취급원료,,★공급사 미상 → 후보,보통,적재,사과향,공급사 미상(source21),45000
하이베이스,사과맛분말,취급원료,,신규(DB에 없음),,적재,,,
하이베이스,사과산,취급원료,,★공급사 미상 → 후보,확실,적재,사과산,공급사 미상(source21),6000
하이베이스,사과산,취급원료,,★공급사 미상 → 후보,확실,적재,사과산,공급사 미상(source21),5800
하이베이스,사극(비타민나무),취급원료,,신규(DB에 없음),,적재,,,
하이베이스,사상자,취급원료,,신규(DB에 없음),,적재,,,
하이베이스,사인,취급원료,,★공급사 미상 → 후보,보통,적재,사인분말,공급사 미상(source21),23000
하이베이스,사인,취급원료,,타공급사 보유,보통,적재,사인분말,바이오케어,23000
하이베이스,삭카린나트륨,취급원료,,신규(DB에 없음),,적재,,,
하이베이스,산머루농축액,취급원료,,신규(DB에 없음),,적재,,,
하이베이스,산사자,취급원료,,신규(DB에 없음),,적재,,,
하이베이스,산삼배양근,취급원료,,신규(DB에 없음),,적재,,,
하이베이스,산수유,취급원료,,타공급사 보유,보통,적재,산수유분말,바이오케어,33000
하이베이스,산수유,취급원료,,타공급사 보유,보통,적재,산수유분말,새롬비앤에프,35000
하이베이스,산야초농축액,취급원료,,신규(DB에 없음),,적재,,,
하이베이스,산약(마),취급원료,,★공급사 미상 → 후보,보통,적재,산약분말,공급사 미상(source21),24000
하이베이스,산약(마),취급원료,,★공급사 미상 → 후보,보통,적재,산약분말,공급사 미상(source21),26000
하이베이스,산약(마),취급원료,,★공급사 미상 → 후보,보통,적재,산약분말,공급사 미상(source21),27500
하이베이스,산약(마),취급원료,,타공급사 보유,보통,적재,산약분말,바이오케어,25000
하이베이스,산약(마),취급원료,,동일공급사 기등록,보통,적재,산약분말,하이베이스,24000
하이베이스,산약(마),취급원료,,타공급사 보유,보통,적재,산약분말,엘본에이치앤비,26000
하이베이스,산약(마),취급원료,,타공급사 보유,보통,적재,산약분말,바이오케어,27500
하이베이스,산약(마),취급원료,,타공급사 보유,보통,적재,산약분말,바이오케어,35500
하이베이스,산약(마),취급원료,,타공급사 보유,보통,적재,산약분말,바이오케어,21000
하이베이스,산양유,취급원료,,★공급사 미상 → 후보,보통,적재,산양유분말,공급사 미상(source21),30000
하이베이스,산양유,취급원료,,타공급사 보유,보통,적재,산양유단백,담원인터내셔널,35000
하이베이스,산조인(대추씨),취급원료,,신규(DB에 없음),,적재,,,
하이베이스,산탄검(잔탄검),취급원료,,신규(DB에 없음),,적재,,,
하이베이스,산호칼슘,취급원료,,★공급사 미상 → 후보,보통,적재,칼슘(구연산),공급사 미상(source21),17000
하이베이스,산호칼슘,취급원료,,★공급사 미상 → 후보,보통,적재,칼슘(밀크칼슘),공급사 미상(source21),20000
하이베이스,산호칼슘,취급원료,,★공급사 미상 → 후보,보통,적재,칼슘(밀크칼슘),공급사 미상(source21),17000
하이베이스,산호칼슘,취급원료,,★공급사 미상 → 후보,보통,적재,칼슘(산호),공급사 미상(source21),20000
하이베이스,산호칼슘,취급원료,,★공급사 미상 → 후보,보통,적재,칼슘(산호),공급사 미상(source21),24000
하이베이스,산호칼슘,취급원료,,★공급사 미상 → 후보,보통,적재,칼슘(어골),공급사 미상(source21),38000
하이베이스,산호칼슘,취급원료,,★공급사 미상 → 후보,보통,적재,칼슘(탄산),공급사 미상(source21),2500
하이베이스,산호칼슘,취급원료,,★공급사 미상 → 후보,보통,적재,칼슘(해조),공급사 미상(source21),9500
하이베이스,산화마그네슘,취급원료,,신규(DB에 없음),,적재,,,
하이베이스,산화아연,취급원료,,신규(DB에 없음),,적재,,,
하이베이스,살구,취급원료,,신규(DB에 없음),,적재,,,
하이베이스,상어연골,취급원료,,★공급사 미상 → 후보,확실,적재,상어연골,공급사 미상(source21),48000
하이베이스,상어연골,취급원료,,★공급사 미상 → 후보,확실,적재,상어연골,공급사 미상(source21),35000
하이베이스,상어연골,취급원료,,동일공급사 기등록,확실,적재,상어연골,하이베이스,48000
하이베이스,상어연골,취급원료,,동일공급사 기등록,확실,적재,상어연골,하이베이스,35000
하이베이스,상어연골,취급원료,,★공급사 미상 → 후보,보통,적재,상어연골분말,공급사 미상(source21),48000
하이베이스,상어연골,취급원료,,★공급사 미상 → 후보,보통,적재,상어연골분말,공급사 미상(source21),95000
하이베이스,상어연골,취급원료,,타공급사 보유,보통,적재,상어연골분말,엘본에이치앤비,47000
하이베이스,상어연골,취급원료,,동일공급사 기등록,보통,적재,상어연골분말,하이베이스,95000
하이베이스,상어연골,취급원료,,동일공급사 기등록,보통,적재,상어연골분말,하이베이스,50000
하이베이스,상어연골,취급원료,,타공급사 보유,보통,적재,상어연골분말,씨에스에프,33000
하이베이스,상어연골,취급원료,,★공급사 미상 → 후보,보통,적재,상어연골추출분말,공급사 미상(source21),75000
하이베이스,상어연골,취급원료,,동일공급사 기등록,보통,적재,상어연골추출분말(뮤코다당),하이베이스,75000
하이베이스,상어연골추출물,취급원료,,★공급사 미상 → 후보,보통,적재,상어연골,공급사 미상(source21),48000
하이베이스,상어연골추출물,취급원료,,★공급사 미상 → 후보,보통,적재,상어연골,공급사 미상(source21),35000
하이베이스,상어연골추출물,취급원료,,동일공급사 기등록,보통,적재,상어연골,하이베이스,48000
하이베이스,상어연골추출물,취급원료,,동일공급사 기등록,보통,적재,상어연골,하이베이스,35000
하이베이스,상엽(뽕잎),취급원료,,신규(DB에 없음),,적재,,,
하이베이스,상지(뽕가지),취급원료,,신규(DB에 없음),,적재,,,
하이베이스,상황버섯,취급원료,,신규(DB에 없음),,적재,,,
하이베이스,석류,취급원료,,신규(DB에 없음),,적재,,,
하이베이스,선식분말(6종),취급원료,,신규(DB에 없음),,적재,,,
하이베이스,선액티브철(피로인산철),취급원료,,신규(DB에 없음),,적재,,,
하이베이스,선인장,취급원료,,신규(DB에 없음),,적재,,,
하이베이스,"세라마이드(우유,쌀,밀등)",취급원료,,★공급사 미상 → 후보,높음,적재,밀크세라마이드,공급사 미상(source21),270000
하이베이스,"세라마이드(우유,쌀,밀등)",취급원료,,★공급사 미상 → 후보,보통,적재,곤약감자세라마이드,공급사 미상(source21),2000000
하이베이스,"세라마이드(우유,쌀,밀등)",취급원료,,타공급사 보유,보통,적재,곤약감자 세라마이드,엘본에이치앤비,2000000
하이베이스,"세라마이드(우유,쌀,밀등)",취급원료,,동일공급사 기등록,보통,적재,세라티크 세라마이드 (밀추출분말),하이베이스,2400000
하이베이스,세러자임,취급원료,,신규(DB에 없음),,적재,,,
하이베이스,세븐베리농축분말,취급원료,,신규(DB에 없음),,적재,,,
하이베이스,세인트존스워트,취급원료,,★공급사 미상 → 후보,보통,적재,세인트존스워트추출분말,공급사 미상(source21),220000
하이베이스,셀락토즈80,취급원료,,신규(DB에 없음),,적재,,,
하이베이스,셀룰라아제,취급원료,,신규(DB에 없음),,적재,,,
하이베이스,소고기엑기스,취급원료,,신규(DB에 없음),,적재,,,
하이베이스,소금(정제염),취급원료,,★공급사 미상 → 후보,보통,적재,정제소금,공급사 미상(source21),4000
하이베이스,소나무껍질,취급원료,,타공급사 보유,보통,적재,소나무껍질추출분말,엘본에이치앤비,1600000
하이베이스,소맥배아,취급원료,,신규(DB에 없음),,적재,,,
하이베이스,소포제,취급원료,,신규(DB에 없음),,적재,,,
하이베이스,솔빈산칼륨,취급원료,,신규(DB에 없음),,적재,,,
하이베이스,솔잎(송엽),취급원료,,★공급사 미상 → 후보,보통,적재,솔잎분말,공급사 미상(source21),20000
하이베이스,솔잎(송엽),취급원료,,타공급사 보유,보통,적재,솔잎분말,바이오케어,20000
하이베이스,송침유,취급원료,,타공급사 보유,확실,적재,송침유,태성,12000
하이베이스,수박추출물,취급원료,,신규(DB에 없음),,적재,,,
하이베이스,수산화마그네슘,취급원료,,신규(DB에 없음),,적재,,,
하이베이스,수산화칼슘,취급원료,,신규(DB에 없음),,적재,,,
하이베이스,수수(분말),취급원료,,신규(DB에 없음),,적재,,,
하이베이스,숙지황(추출)분말,취급원료,,★공급사 미상 → 후보,확실,적재,숙지황분말,공급사 미상(source21),75000
하이베이스,숙지황(추출)분말,취급원료,,★공급사 미상 → 후보,확실,적재,숙지황분말,공급사 미상(source21),29000
하이베이스,숙지황(추출)분말,취급원료,,타공급사 보유,확실,적재,숙지황분말,바이오케어,32000
하이베이스,숙지황(추출)분말,취급원료,,동일공급사 기등록,확실,적재,숙지황분말,하이베이스,75000
하이베이스,숙지황(추출)분말,취급원료,,타공급사 보유,확실,적재,숙지황분말,엘본에이치앤비,29000
하이베이스,숫누에번데기,취급원료,,신규(DB에 없음),,적재,,,
하이베이스,숯가루,취급원료,,신규(DB에 없음),,적재,,,
하이베이스,쉘락,취급원료,,신규(DB에 없음),,적재,,,
하이베이스,스쿠알렌,취급원료,,신규(DB에 없음),,적재,,,
하이베이스,스테아린산,취급원료,,★공급사 미상 → 후보,보통,적재,스테아린산 마그네슘,공급사 미상(source21),6000
하이베이스,스테아린산,취급원료,,★공급사 미상 → 후보,보통,적재,스테아린산 마그네슘,공급사 미상(source21),6100
하이베이스,스테아린산마그네슘,취급원료,,★공급사 미상 → 후보,확실,적재,스테아린산 마그네슘,공급사 미상(source21),6000
하이베이스,스테아린산마그네슘,취급원료,,★공급사 미상 → 후보,확실,적재,스테아린산 마그네슘,공급사 미상(source21),6100
하이베이스,스피룰리나,취급원료,,신규(DB에 없음),,적재,,,
하이베이스,시계꽃(패션플라워),취급원료,,신규(DB에 없음),,적재,,,
하이베이스,시금치,취급원료,,동일공급사 기등록,보통,적재,시금치분말,하이베이스,29000
하이베이스,시금치,취급원료,,타공급사 보유,보통,적재,시금치추출물(Appethyl®),제일,130000
하이베이스,식물발효,취급원료,,신규(DB에 없음),,적재,,,
하이베이스,식물성(Algae)DHA,취급원료,,신규(DB에 없음),,적재,,,
하이베이스,식물성크림,취급원료,,신규(DB에 없음),,적재,,,
하이베이스,식물스테롤,취급원료,,★공급사 미상 → 후보,확실,적재,식물스테롤,공급사 미상(source21),65000
하이베이스,식물스테롤,취급원료,,★공급사 미상 → 후보,확실,적재,식물스테롤,공급사 미상(source21),75000
하이베이스,식물스테롤,취급원료,,동일공급사 기등록,확실,적재,식물스테롤,하이베이스,65000
하이베이스,식물스테롤,취급원료,,동일공급사 기등록,확실,적재,식물스테롤,하이베이스,75000
하이베이스,식물스테롤에스테르,취급원료,,★공급사 미상 → 후보,보통,적재,식물스테롤,공급사 미상(source21),65000
하이베이스,식물스테롤에스테르,취급원료,,★공급사 미상 → 후보,보통,적재,식물스테롤,공급사 미상(source21),75000
하이베이스,식물스테롤에스테르,취급원료,,동일공급사 기등록,보통,적재,식물스테롤,하이베이스,65000
하이베이스,식물스테롤에스테르,취급원료,,동일공급사 기등록,보통,적재,식물스테롤,하이베이스,75000
하이베이스,식물혼합가루,취급원료,,신규(DB에 없음),,적재,,,
하이베이스,식물혼합추출분말,취급원료,,신규(DB에 없음),,적재,,,
하이베이스,식초(사과),취급원료,,신규(DB에 없음),,적재,,,
하이베이스,신선초,취급원료,,신규(DB에 없음),,적재,,,
하이베이스,실리코알루민산나트륨,취급원료,,신규(DB에 없음),,적재,,,
하이베이스,실크펩타이드,취급원료,,★공급사 미상 → 후보,확실,적재,실크펩타이드,공급사 미상(source21),145000
하이베이스,십전엑기스,취급원료,,신규(DB에 없음),,적재,,,
하이베이스,싸이클로덱스트린,취급원료,,신규(DB에 없음),,적재,,,
하이베이스,쌀겨추출분말(미강),취급원료,,동일공급사 기등록,보통,적재,쌀겨추출분말RB40,하이베이스,230000
하이베이스,쌀겨추출분말(미강),취급원료,,타공급사 보유,보통,적재,쌀겨추출분말RB40,선일에프앤씨,236000
하이베이스,쌀단백,취급원료,,동일공급사 기등록,보통,적재,쌀단백분말,하이베이스,10000
하이베이스,쌀단백,취급원료,,동일공급사 기등록,보통,적재,쌀단백분말,하이베이스,16000
하이베이스,쌀마그네슘,취급원료,,★공급사 미상 → 후보,확실,적재,쌀마그네슘,공급사 미상(source21),68000
하이베이스,쌍화엑기스,취급원료,,신규(DB에 없음),,적재,,,
하이베이스,쏘팔메토열매추출물(건기식),취급원료,,신규(DB에 없음),,적재,,,
하이베이스,씨엠씨나트륨,취급원료,,신규(DB에 없음),,적재,,,
하이베이스,씨엠씨칼슘,취급원료,,신규(DB에 없음),,적재,,,
하이베이스,씨트러스플라보노이드,취급원료,,신규(DB에 없음),,적재,,,
하이베이스,아가리쿠스,취급원료,,신규(DB에 없음),,적재,,,
하이베이스,아라비노갈락탄,취급원료,,신규(DB에 없음),,적재,,,
하이베이스,아라비아검,취급원료,,신규(DB에 없음),,적재,,,
하이베이스,아라키돈산,취급원료,,신규(DB에 없음),,적재,,,
하이베이스,아로니아,취급원료,,★공급사 미상 → 후보,보통,적재,아로니아농축액,공급사 미상(source21),7000
하이베이스,아로니아,취급원료,,타공급사 보유,보통,적재,아로니아농축액,해찬솔,7800
하이베이스,아로니아,취급원료,,동일공급사 기등록,보통,적재,아로니아농축액,하이베이스,7000
하이베이스,아로니아,취급원료,,타공급사 보유,보통,적재,아로니아농축액,새롬비앤에프,12000
하이베이스,아로니아,취급원료,,동일공급사 기등록,보통,적재,아로니아농축분말,하이베이스,17000
하이베이스,아로니아,취급원료,,타공급사 보유,보통,적재,아로니아농축분말,해찬솔,15500
하이베이스,아마씨,취급원료,,동일공급사 기등록,보통,적재,아마씨 분말,하이베이스,7000
하이베이스,아미노산류(*별첨),취급원료,,신규(DB에 없음),,적재,,,
하이베이스,아밀라아제,취급원료,,★공급사 미상 → 후보,확실,적재,아밀라아제,공급사 미상(source21),70000
하이베이스,아밀라아제,취급원료,,타공급사 보유,확실,적재,아밀라아제(아스퍼질러스발효물A),에스제이디,73000
하이베이스,아사이,취급원료,,신규(DB에 없음),,적재,,,
하이베이스,아세로라,취급원료,,신규(DB에 없음),,적재,,,
하이베이스,아스타크산틴(헤마토/기타),취급원료,,신규(DB에 없음),,적재,,,
하이베이스,아스파라거스,취급원료,,★공급사 미상 → 후보,보통,적재,아스파라거스추출분말,공급사 미상(source21),65000
하이베이스,아스파라거스,취급원료,,동일공급사 기등록,보통,적재,아스파라거스추출분말,하이베이스,65000
하이베이스,아티초크,취급원료,,★공급사 미상 → 후보,보통,적재,아티초크추출분말,공급사 미상(source21),40000
하이베이스,아티초크,취급원료,,★공급사 미상 → 후보,보통,적재,아티초크추출분말,공급사 미상(source21),50000
하이베이스,아티초크,취급원료,,★공급사 미상 → 후보,보통,적재,아티초크추출분말,공급사 미상(source21),58000
하이베이스,아티초크,취급원료,,동일공급사 기등록,보통,적재,아티초크 추출분말,하이베이스,40000
하이베이스,안식향산나트륨,취급원료,,신규(DB에 없음),,적재,,,
하이베이스,알긴산나트륨,취급원료,,동일공급사 기등록,확실,적재,알긴산나트륨,하이베이스,32500
하이베이스,알긴산나트륨,취급원료,,타공급사 보유,보통,적재,알긴산,현대바이오랜드,32500
하이베이스,알로에베라겔,취급원료,,신규(DB에 없음),,적재,,,
하이베이스,알로에아보레센스농축,취급원료,,신규(DB에 없음),,적재,,,
하이베이스,알로에아보레센스분말,취급원료,,신규(DB에 없음),,적재,,,
하이베이스,알콕시글리세롤,취급원료,,신규(DB에 없음),,적재,,,
하이베이스,알파콘(옥수수),취급원료,,신규(DB에 없음),,적재,,,
하이베이스,알파파,취급원료,,신규(DB에 없음),,적재,,,
하이베이스,"야자""(쏘팔메토""참고)",취급원료,,신규(DB에 없음),,적재,,,
하이베이스,야자유(코코넛),취급원료,,신규(DB에 없음),,적재,,,
하이베이스,"야채,식물혼합분말(8종)",취급원료,,신규(DB에 없음),,적재,,,
하이베이스,야채혼합,취급원료,,★공급사 미상 → 후보,보통,적재,야채혼합분말(과일),공급사 미상(source21),84000
하이베이스,야채혼합,취급원료,,★공급사 미상 → 후보,보통,적재,야채혼합농축분말(20종),공급사 미상(source21),17000
하이베이스,야채혼합,취급원료,,★공급사 미상 → 후보,보통,적재,야채혼합농축분말(27종야채),공급사 미상(source21),23000
하이베이스,야채혼합,취급원료,,동일공급사 기등록,보통,적재,과일야채혼합분말,하이베이스,84000
하이베이스,야콘,취급원료,,신규(DB에 없음),,적재,,,
하이베이스,양배추분말,취급원료,,★공급사 미상 → 후보,확실,적재,양배추분말(살균),공급사 미상(source21),22000
하이베이스,양배추분말,취급원료,,★공급사 미상 → 후보,확실,적재,양배추분말,공급사 미상(source21),18000
하이베이스,양배추분말,취급원료,,★공급사 미상 → 후보,높음,적재,살균양배추분말,공급사 미상(source21),20000
하이베이스,양배추분말,취급원료,,★공급사 미상 → 후보,높음,적재,살균양배추분말,공급사 미상(source21),19000
하이베이스,양배추분말,취급원료,,동일공급사 기등록,보통,적재,유기농 양배추분말,하이베이스,75000
하이베이스,양배추분말,취급원료,,★공급사 미상 → 후보,보통,적재,유기농양배추분말,공급사 미상(source21),52000
하이베이스,양송이버섯(비타민D2),취급원료,,신규(DB에 없음),,적재,,,
하이베이스,양파(퀘르세틴),취급원료,,신규(DB에 없음),,적재,,,
하이베이스,어골칼슘,취급원료,,★공급사 미상 → 후보,확실,적재,어골칼슘,공급사 미상(source21),38000
하이베이스,어골칼슘,취급원료,,동일공급사 기등록,확실,적재,어골칼슘,하이베이스,36000
하이베이스,어골칼슘,취급원료,,타공급사 보유,확실,적재,어골칼슘,제일,22000
하이베이스,어골칼슘,취급원료,,★공급사 미상 → 후보,보통,적재,칼슘(구연산),공급사 미상(source21),17000
하이베이스,어골칼슘,취급원료,,★공급사 미상 → 후보,보통,적재,칼슘(밀크칼슘),공급사 미상(source21),20000
하이베이스,어골칼슘,취급원료,,★공급사 미상 → 후보,보통,적재,칼슘(밀크칼슘),공급사 미상(source21),17000
하이베이스,어골칼슘,취급원료,,★공급사 미상 → 후보,보통,적재,칼슘(산호),공급사 미상(source21),20000
하이베이스,어골칼슘,취급원료,,★공급사 미상 → 후보,보통,적재,칼슘(산호),공급사 미상(source21),24000
하이베이스,어골칼슘,취급원료,,★공급사 미상 → 후보,보통,적재,칼슘(어골),공급사 미상(source21),38000
하이베이스,어골칼슘,취급원료,,★공급사 미상 → 후보,보통,적재,칼슘(탄산),공급사 미상(source21),2500
하이베이스,어골칼슘,취급원료,,★공급사 미상 → 후보,보통,적재,칼슘(해조),공급사 미상(source21),9500
하이베이스,어성초,취급원료,,타공급사 보유,보통,적재,어성초분말,바이오케어,17000
하이베이스,어성초,취급원료,,타공급사 보유,보통,적재,어성초분말,바이오케어,8200
하이베이스,어성초,취급원료,,동일공급사 기등록,보통,적재,어성초추출물,하이베이스,16000
하이베이스,엉겅퀴추출분말,취급원료,,신규(DB에 없음),,적재,,,
하이베이스,에너자임피,취급원료,,신규(DB에 없음),,적재,,,
하이베이스,엘라스틴(펩타이드),취급원료,,★공급사 미상 → 후보,확실,적재,엘라스틴,공급사 미상(source21),380000
하이베이스,엘라스틴(펩타이드),취급원료,,★공급사 미상 → 후보,확실,적재,엘라스틴,공급사 미상(source21),270000
하이베이스,엠에스엠(MSM),취급원료,,신규(DB에 없음),,적재,,,
하이베이스,여주(비터멜론),취급원료,,★공급사 미상 → 후보,보통,적재,여주분말,공급사 미상(source21),48000
하이베이스,여주(비터멜론),취급원료,,★공급사 미상 → 후보,보통,적재,여주분말(유기농),공급사 미상(source21),40000
하이베이스,여주(비터멜론),취급원료,,타공급사 보유,보통,적재,여주분말,바이오케어,34000
하이베이스,연어단백,취급원료,,신규(DB에 없음),,적재,,,
하이베이스,연어이리단백(DNA),취급원료,,신규(DB에 없음),,적재,,,
하이베이스,"연잎,연자육",취급원료,,신규(DB에 없음),,적재,,,
하이베이스,염화칼륨/마그네슘,취급원료,,신규(DB에 없음),,적재,,,
하이베이스,염화칼슘,취급원료,,★공급사 미상 → 후보,보통,적재,칼슘(구연산),공급사 미상(source21),17000
하이베이스,염화칼슘,취급원료,,★공급사 미상 → 후보,보통,적재,칼슘(밀크칼슘),공급사 미상(source21),20000
하이베이스,염화칼슘,취급원료,,★공급사 미상 → 후보,보통,적재,칼슘(밀크칼슘),공급사 미상(source21),17000
하이베이스,염화칼슘,취급원료,,★공급사 미상 → 후보,보통,적재,칼슘(산호),공급사 미상(source21),20000
하이베이스,염화칼슘,취급원료,,★공급사 미상 → 후보,보통,적재,칼슘(산호),공급사 미상(source21),24000
하이베이스,염화칼슘,취급원료,,★공급사 미상 → 후보,보통,적재,칼슘(어골),공급사 미상(source21),38000
하이베이스,염화칼슘,취급원료,,★공급사 미상 → 후보,보통,적재,칼슘(탄산),공급사 미상(source21),2500
하이베이스,염화칼슘,취급원료,,★공급사 미상 → 후보,보통,적재,칼슘(해조),공급사 미상(source21),9500
하이베이스,엽록소혼합분말,취급원료,,신규(DB에 없음),,적재,,,
하이베이스,영지,취급원료,,신규(DB에 없음),,적재,,,
하이베이스,영지버섯(건기식),취급원료,,타공급사 보유,보통,적재,영지버섯분말,해찬솔,21000
하이베이스,오가피,취급원료,,신규(DB에 없음),,적재,,,
하이베이스,오디(상심자),취급원료,,신규(DB에 없음),,적재,,,
하이베이스,오렌지,취급원료,,★공급사 미상 → 후보,보통,적재,모로오렌지,공급사 미상(source21),75000
하이베이스,오렌지,취급원료,,★공급사 미상 → 후보,보통,적재,모로오렌지,공급사 미상(source21),16000
하이베이스,오렌지,취급원료,,★공급사 미상 → 후보,보통,적재,모로오렌지,공급사 미상(source21),15000
하이베이스,오렌지,취급원료,,★공급사 미상 → 후보,보통,적재,모로오렌지,공급사 미상(source21),55000
하이베이스,오렌지,취급원료,,★공급사 미상 → 후보,보통,적재,모로오렌지,공급사 미상(source21),18000
하이베이스,오렌지,취급원료,,★공급사 미상 → 후보,보통,적재,오렌지농축액,공급사 미상(source21),11000
하이베이스,오렌지,취급원료,,동일공급사 기등록,보통,적재,오렌지농축액,하이베이스,11000
하이베이스,오리나무,취급원료,,신규(DB에 없음),,적재,,,
하이베이스,오미자,취급원료,,타공급사 보유,보통,적재,오미자분말,새롬비앤에프,25000
하이베이스,오미자,취급원료,,타공급사 보유,보통,적재,오미자분말,바이오케어,38000
하이베이스,오자(오/구/토/사/복),취급원료,,신규(DB에 없음),,적재,,,
하이베이스,옥분(옥수수분말),취급원료,,신규(DB에 없음),,적재,,,
하이베이스,옥수수단백,취급원료,,동일공급사 기등록,보통,적재,옥수수단백추출물 분말,하이베이스,150000
하이베이스,옥수수단백,취급원료,,타공급사 보유,보통,적재,옥수수단백추출물 분말,선일에프앤씨,134000
하이베이스,옥수수수염,취급원료,,★공급사 미상 → 후보,확실,적재,옥수수수염,공급사 미상(source21),42000
하이베이스,옥수수수염,취급원료,,★공급사 미상 → 후보,보통,적재,옥수수수염추출분말,공급사 미상(source21),25000
하이베이스,옥수수수염,취급원료,,타공급사 보유,보통,적재,옥수수수염추출분말,해찬솔,25000
하이베이스,옥수수전분,취급원료,,동일공급사 기등록,확실,적재,옥수수전분,하이베이스,1500
하이베이스,옥타코사놀분말,취급원료,,★공급사 미상 → 후보,높음,적재,옥타코사놀,공급사 미상(source21),720000
하이베이스,옥타코사놀분말,취급원료,,타공급사 보유,높음,적재,옥타코사놀 60%,제일,650000
하이베이스,올리고당(당류*별첨),취급원료,,★공급사 미상 → 후보,보통,적재,갈락토올리고당,공급사 미상(source21),27000
하이베이스,올리고당(당류*별첨),취급원료,,★공급사 미상 → 후보,보통,적재,프락토올리고당,공급사 미상(source21),8000
하이베이스,올리브(잎/오일),취급원료,,★공급사 미상 → 후보,보통,적재,올리브오일,공급사 미상(source21),11000
하이베이스,올리브(잎/오일),취급원료,,★공급사 미상 → 후보,보통,적재,올리브오일,공급사 미상(source21),9000
하이베이스,올리브(잎/오일),취급원료,,동일공급사 기등록,보통,적재,올리브오일,하이베이스,9000
하이베이스,와우(달팽이),취급원료,,신규(DB에 없음),,적재,,,
하이베이스,완두콩,취급원료,,신규(DB에 없음),,적재,,,
하이베이스,요구르트,취급원료,,타공급사 보유,보통,적재,요구르트향분말,올담식품,20000
하이베이스,요오드칼륨,취급원료,,신규(DB에 없음),,적재,,,
하이베이스,우슬(두릅),취급원료,,★공급사 미상 → 후보,보통,적재,우슬분말(쇠무릎),공급사 미상(source21),27500
하이베이스,운지버섯,취급원료,,신규(DB에 없음),,적재,,,
하이베이스,"울금(심황,강황)",취급원료,,★공급사 미상 → 후보,보통,적재,울금분말,공급사 미상(source21),9000
하이베이스,"울금(심황,강황)",취급원료,,★공급사 미상 → 후보,보통,적재,울금분말,공급사 미상(source21),10500
하이베이스,"울금(심황,강황)",취급원료,,★공급사 미상 → 후보,보통,적재,울금분말,공급사 미상(source21),13000
하이베이스,"울금(심황,강황)",취급원료,,동일공급사 기등록,보통,적재,울금분말,하이베이스,9000
하이베이스,"울금(심황,강황)",취급원료,,타공급사 보유,보통,적재,울금분말,엘본에이치앤비,10500
하이베이스,"울금(심황,강황)",취급원료,,타공급사 보유,보통,적재,울금분말,바이오케어,13000
하이베이스,원지,취급원료,,신규(DB에 없음),,적재,,,
하이베이스,유단백질,취급원료,,★공급사 미상 → 후보,보통,적재,분리유단백질(MPI),공급사 미상(source21),22000
하이베이스,유단백질,취급원료,,★공급사 미상 → 후보,보통,적재,분리우유단백질,공급사 미상(source21),14500
하이베이스,유동파라핀,취급원료,,신규(DB에 없음),,적재,,,
하이베이스,유산균(혼합),취급원료,,타공급사 보유,확실,적재,유산균,메디오젠,540000
하이베이스,유산균(혼합),취급원료,,타공급사 보유,확실,적재,유산균(가세리유산균엘2),메디오젠,170000
하이베이스,유산균(혼합),취급원료,,★공급사 미상 → 후보,확실,적재,"유산균(고초균,당화균)(subtillus)",공급사 미상(source21),55000
하이베이스,유산균(혼합),취급원료,,★공급사 미상 → 후보,확실,적재,유산균(국내산구강유산균),공급사 미상(source21),1200000
하이베이스,유산균(혼합),취급원료,,★공급사 미상 → 후보,확실,적재,유산균(낙산균)(글스트리움부틸리콤미야이리2),공급사 미상(source21),600000
하이베이스,유산균(혼합),취급원료,,★공급사 미상 → 후보,확실,적재,유산균(다니스코),공급사 미상(source21),650000
하이베이스,유산균(혼합),취급원료,,★공급사 미상 → 후보,확실,적재,유산균(당화균),공급사 미상(source21),45000
하이베이스,유산균(혼합),취급원료,,★공급사 미상 → 후보,확실,적재,유산균(대만산구강유산균),공급사 미상(source21),1500000
하이베이스,유산균(혼합),취급원료,,★공급사 미상 → 후보,확실,적재,유산균(디글루GLU70),공급사 미상(source21),120000
하이베이스,유산균(혼합),취급원료,,★공급사 미상 → 후보,확실,적재,유산균(디글루MB0601),공급사 미상(source21),120000
하이베이스,유산균(혼합),취급원료,,타공급사 보유,확실,적재,유산균(디아이(DI)(8종혼합유산균),메디오젠,570000
하이베이스,유산균(혼합),취급원료,,★공급사 미상 → 후보,확실,적재,유산균(락토바실러스 애시도 필루스),공급사 미상(source21),290000
하이베이스,유산균(혼합),취급원료,,★공급사 미상 → 후보,확실,적재,유산균(락토바실러스 카제이),공급사 미상(source21),500000
하이베이스,유산균(혼합),취급원료,,★공급사 미상 → 후보,확실,적재,유산균(락토바실러스코오귤런스),공급사 미상(source21),470000
하이베이스,유산균(혼합),취급원료,,★공급사 미상 → 후보,확실,적재,유산균(락토바실러스파라카제이),공급사 미상(source21),1500000
하이베이스,유산균(혼합),취급원료,,★공급사 미상 → 후보,확실,적재,유산균(락토바실러스플란타룸),공급사 미상(source21),490000
하이베이스,유산균(혼합),취급원료,,★공급사 미상 → 후보,확실,적재,유산균(루테리),공급사 미상(source21),400000
하이베이스,유산균(혼합),취급원료,,★공급사 미상 → 후보,확실,적재,유산균(루테리)(엘2),공급사 미상(source21),140000
하이베이스,유산균(혼합),취급원료,,★공급사 미상 → 후보,확실,적재,유산균(미야리균)(낙산균),공급사 미상(source21),500000
하이베이스,유산균(혼합),취급원료,,★공급사 미상 → 후보,확실,적재,유산균(보울라디유산균),공급사 미상(source21),280000
하이베이스,유산균(혼합),취급원료,,★공급사 미상 → 후보,확실,적재,유산균(비피도박테리움 브레브),공급사 미상(source21),390000
하이베이스,유산균(혼합),취급원료,,★공급사 미상 → 후보,확실,적재,유산균(비피도박테리움 애니멀리스 락티스),공급사 미상(source21),340000
하이베이스,유산균(혼합),취급원료,,타공급사 보유,확실,적재,유산균(비피도박테리움락티스분말),에스제이디,470000
하이베이스,유산균(혼합),취급원료,,타공급사 보유,확실,적재,유산균(비피도박테리움락티스분말),듀퐁산,2200000
하이베이스,유산균(혼합),취급원료,,★공급사 미상 → 후보,확실,적재,유산균(비피도박테리움비피덤),공급사 미상(source21),170000
하이베이스,유산균(혼합),취급원료,,★공급사 미상 → 후보,확실,적재,유산균(알러지),공급사 미상(source21),1300000
하이베이스,유산균(혼합),취급원료,,★공급사 미상 → 후보,확실,적재,"유산균(비염,면역)",공급사 미상(source21),1500000
하이베이스,유산균(혼합),취급원료,,★공급사 미상 → 후보,확실,적재,유산균(엔테코커스페슘분말),공급사 미상(source21),510000
하이베이스,유산균(혼합),취급원료,,★공급사 미상 → 후보,확실,적재,유산균(질유산균8종VL8),공급사 미상(source21),890000
하이베이스,유산균(혼합),취급원료,,타공급사 보유,확실,적재,유산균(퍼맨텀)(엘2),메디오젠,150000
하이베이스,유산균(혼합),취급원료,,★공급사 미상 → 후보,확실,적재,유산균(항비만유산균 10종혼합유산균F2200),공급사 미상(source21),1800000
하이베이스,유산균(혼합),취급원료,,★공급사 미상 → 후보,확실,적재,유산균(혼합분말)(17종),공급사 미상(source21),340000
하이베이스,유산균(혼합),취급원료,,★공급사 미상 → 후보,보통,적재,유산균(루테리)10,공급사 미상(source21),45000
하이베이스,유산균(혼합),취급원료,,타공급사 보유,보통,적재,유산균(퍼맨텀)20,메디오젠,50000
하이베이스,유산균(혼합),취급원료,,★공급사 미상 → 후보,보통,적재,구강유산균(Wellssella CMU),공급사 미상(source21),1150000
하이베이스,유산균(혼합),취급원료,,타공급사 보유,보통,적재,구강유산균(L.paracasei GMNL-33),dental-lac,700000
하이베이스,유산균(혼합),취급원료,,★공급사 미상 → 후보,보통,적재,유산균사균체(구강용),공급사 미상(source21),150000
하이베이스,유산균(혼합),취급원료,,★공급사 미상 → 후보,보통,적재,항비만 유산균,공급사 미상(source21),700000
하이베이스,유산균(혼합),취급원료,,★공급사 미상 → 후보,보통,적재,사케이(L.sakei Probik65) 유산균,공급사 미상(source21),1150000
하이베이스,유산균(혼합),취급원료,,타공급사 보유,보통,적재,스포츠유산균,네츄렬랩,1200000
하이베이스,유자,취급원료,,신규(DB에 없음),,적재,,,
하이베이스,"유청(WPC,WPI,WPH)",취급원료,,동일공급사 기등록,보통,적재,유청칼슘,하이베이스,20000
하이베이스,유청분말,취급원료,,신규(DB에 없음),,적재,,,
하이베이스,유청칼슘(우유칼슘),취급원료,,동일공급사 기등록,확실,적재,유청칼슘,하이베이스,20000
하이베이스,유청칼슘(우유칼슘),취급원료,,★공급사 미상 → 후보,보통,적재,칼슘(구연산),공급사 미상(source21),17000
하이베이스,유청칼슘(우유칼슘),취급원료,,★공급사 미상 → 후보,보통,적재,칼슘(밀크칼슘),공급사 미상(source21),20000
하이베이스,유청칼슘(우유칼슘),취급원료,,★공급사 미상 → 후보,보통,적재,칼슘(밀크칼슘),공급사 미상(source21),17000
하이베이스,유청칼슘(우유칼슘),취급원료,,★공급사 미상 → 후보,보통,적재,칼슘(산호),공급사 미상(source21),20000
하이베이스,유청칼슘(우유칼슘),취급원료,,★공급사 미상 → 후보,보통,적재,칼슘(산호),공급사 미상(source21),24000
하이베이스,유청칼슘(우유칼슘),취급원료,,★공급사 미상 → 후보,보통,적재,칼슘(어골),공급사 미상(source21),38000
하이베이스,유청칼슘(우유칼슘),취급원료,,★공급사 미상 → 후보,보통,적재,칼슘(탄산),공급사 미상(source21),2500
하이베이스,유청칼슘(우유칼슘),취급원료,,★공급사 미상 → 후보,보통,적재,칼슘(해조),공급사 미상(source21),9500
하이베이스,유카,취급원료,,신규(DB에 없음),,적재,,,
하이베이스,유크림,취급원료,,신규(DB에 없음),,적재,,,
하이베이스,율무,취급원료,,★공급사 미상 → 후보,보통,적재,율무분말,공급사 미상(source21),22000
하이베이스,율무,취급원료,,★공급사 미상 → 후보,보통,적재,율무분말,공급사 미상(source21),29000
하이베이스,율무,취급원료,,동일공급사 기등록,보통,적재,율무분말,하이베이스,22000
하이베이스,율무,취급원료,,타공급사 보유,보통,적재,율무분말,엘본에이치앤비,29000
하이베이스,은행,취급원료,,신규(DB에 없음),,적재,,,
하이베이스,은행잎추출물,취급원료,,★공급사 미상 → 후보,확실,적재,은행잎추출물,공급사 미상(source21),180000
하이베이스,은행잎추출물,취급원료,,타공급사 보유,확실,적재,은행잎추출물,제일,160000
하이베이스,은행잎추출물(건기식),취급원료,,★공급사 미상 → 후보,확실,적재,은행잎추출물,공급사 미상(source21),180000
하이베이스,은행잎추출물(건기식),취급원료,,타공급사 보유,확실,적재,은행잎추출물,제일,160000
하이베이스,응집제,취급원료,,신규(DB에 없음),,적재,,,
하이베이스,이노신산(이)나트륨,취급원료,,신규(DB에 없음),,적재,,,
하이베이스,이눌린(치커리식이),취급원료,,★공급사 미상 → 후보,보통,적재,이눌린치커리,공급사 미상(source21),8500
하이베이스,이산화규소,취급원료,,★공급사 미상 → 후보,확실,적재,이산화규소,공급사 미상(source21),5500
하이베이스,이산화규소,취급원료,,동일공급사 기등록,확실,적재,이산화규소,하이베이스,6000
하이베이스,이산화규소,취급원료,,동일공급사 기등록,확실,적재,이산화규소,하이베이스,5500
하이베이스,이산화규소,취급원료,,타공급사 보유,확실,적재,이산화규소,씨에스에프,3500
하이베이스,이산화티타늄,취급원료,,신규(DB에 없음),,적재,,,
하이베이스,이소플라본(3%),취급원료,,★공급사 미상 → 후보,높음,적재,대두이소플라본(바이오이소플라본)(건식),공급사 미상(source21),300000
하이베이스,이소플라본(3%),취급원료,,★공급사 미상 → 후보,높음,적재,대두이소플라본(수용성이소플라본)(건식),공급사 미상(source21),350000
하이베이스,이소플라본(3%),취급원료,,★공급사 미상 → 후보,높음,적재,대두이소플라본,공급사 미상(source21),105000
하이베이스,이소플라본(3%),취급원료,,★공급사 미상 → 후보,높음,적재,대두이소플라본,공급사 미상(source21),240000
하이베이스,이소플라본(3%),취급원료,,★공급사 미상 → 후보,높음,적재,대두이소플라본,공급사 미상(source21),460000
하이베이스,이소플라본(3%),취급원료,,타공급사 보유,높음,적재,대두이소플라본(바이오이소플라본),현대바이오랜드,300000
하이베이스,이소플라본(3%),취급원료,,타공급사 보유,높음,적재,대두이소플라본(수용성이소플라본),현대바이오랜드,350000
하이베이스,이염화이소시아뉼산,취급원료,,신규(DB에 없음),,적재,,,
하이베이스,익모초,취급원료,,신규(DB에 없음),,적재,,,
하이베이스,인디안구스베리,취급원료,,동일공급사 기등록,보통,적재,인디안 구스베리추출분말,하이베이스,90000
하이베이스,인디안구스베리,취급원료,,★공급사 미상 → 후보,보통,적재,인디안구스베리추출분말,공급사 미상(source21),80000
하이베이스,인디안구스베리,취급원료,,★공급사 미상 → 후보,보통,적재,인디안구스베리추출물분말,공급사 미상(source21),90000
하이베이스,인산,취급원료,,신규(DB에 없음),,적재,,,
하이베이스,인산나트륨(제1~3),취급원료,,신규(DB에 없음),,적재,,,
하이베이스,"인산마그네슘(제2,3)",취급원료,,신규(DB에 없음),,적재,,,
하이베이스,인산철,취급원료,,신규(DB에 없음),,적재,,,
하이베이스,인산칼륨(제1~3),취급원료,,신규(DB에 없음),,적재,,,
하이베이스,인산칼슘(제1~3),취급원료,,★공급사 미상 → 후보,보통,적재,칼슘(구연산),공급사 미상(source21),17000
하이베이스,인산칼슘(제1~3),취급원료,,★공급사 미상 → 후보,보통,적재,칼슘(밀크칼슘),공급사 미상(source21),20000
하이베이스,인산칼슘(제1~3),취급원료,,★공급사 미상 → 후보,보통,적재,칼슘(밀크칼슘),공급사 미상(source21),17000
하이베이스,인산칼슘(제1~3),취급원료,,★공급사 미상 → 후보,보통,적재,칼슘(산호),공급사 미상(source21),20000
하이베이스,인산칼슘(제1~3),취급원료,,★공급사 미상 → 후보,보통,적재,칼슘(산호),공급사 미상(source21),24000
하이베이스,인산칼슘(제1~3),취급원료,,★공급사 미상 → 후보,보통,적재,칼슘(어골),공급사 미상(source21),38000
하이베이스,인산칼슘(제1~3),취급원료,,★공급사 미상 → 후보,보통,적재,칼슘(탄산),공급사 미상(source21),2500
하이베이스,인산칼슘(제1~3),취급원료,,★공급사 미상 → 후보,보통,적재,칼슘(해조),공급사 미상(source21),9500
하이베이스,인삼농축액,취급원료,,★공급사 미상 → 후보,높음,적재,인삼농축액분말(6년근),공급사 미상(source21),350000
하이베이스,인삼분말(농축분말),취급원료,,신규(DB에 없음),,적재,,,
하이베이스,인진쑥(사철쑥),취급원료,,신규(DB에 없음),,적재,,,
하이베이스,자당지방산에스테르,취급원료,,동일공급사 기등록,보통,적재,자당지방산에스테르S-370,하이베이스,34000
하이베이스,자두,취급원료,,신규(DB에 없음),,적재,,,
하이베이스,자라(분말/유),취급원료,,신규(DB에 없음),,적재,,,
하이베이스,자몽,취급원료,,신규(DB에 없음),,적재,,,
하이베이스,작약,취급원료,,신규(DB에 없음),,적재,,,
하이베이스,장미농축액,취급원료,,신규(DB에 없음),,적재,,,
하이베이스,저당(콘시럽),취급원료,,신규(DB에 없음),,적재,,,
하이베이스,정제어유(고함량),취급원료,,신규(DB에 없음),,적재,,,
하이베이스,정제어유(저함량),취급원료,,신규(DB에 없음),,적재,,,
하이베이스,정제어유분말(DHA),취급원료,,신규(DB에 없음),,적재,,,
하이베이스,정향,취급원료,,신규(DB에 없음),,적재,,,
하이베이스,젖산철,취급원료,,신규(DB에 없음),,적재,,,
하이베이스,젖산칼륨,취급원료,,신규(DB에 없음),,적재,,,
하이베이스,젖산칼슘(L형),취급원료,,동일공급사 기등록,확실,적재,젖산칼슘,하이베이스,4500
하이베이스,젖산칼슘(L형),취급원료,,★공급사 미상 → 후보,보통,적재,칼슘(구연산),공급사 미상(source21),17000
하이베이스,젖산칼슘(L형),취급원료,,★공급사 미상 → 후보,보통,적재,칼슘(밀크칼슘),공급사 미상(source21),20000
하이베이스,젖산칼슘(L형),취급원료,,★공급사 미상 → 후보,보통,적재,칼슘(밀크칼슘),공급사 미상(source21),17000
하이베이스,젖산칼슘(L형),취급원료,,★공급사 미상 → 후보,보통,적재,칼슘(산호),공급사 미상(source21),20000
하이베이스,젖산칼슘(L형),취급원료,,★공급사 미상 → 후보,보통,적재,칼슘(산호),공급사 미상(source21),24000
하이베이스,젖산칼슘(L형),취급원료,,★공급사 미상 → 후보,보통,적재,칼슘(어골),공급사 미상(source21),38000
하이베이스,젖산칼슘(L형),취급원료,,★공급사 미상 → 후보,보통,적재,칼슘(탄산),공급사 미상(source21),2500
하이베이스,젖산칼슘(L형),취급원료,,★공급사 미상 → 후보,보통,적재,칼슘(해조),공급사 미상(source21),9500
하이베이스,젖산효모,취급원료,,신규(DB에 없음),,적재,,,
하이베이스,제비집,취급원료,,신규(DB에 없음),,적재,,,
하이베이스,젤라틴,취급원료,,타공급사 보유,확실,적재,(유기농) 젤라틴,제일,34000
하이베이스,젤란검,취급원료,,신규(DB에 없음),,적재,,,
하이베이스,좁쌀풀,취급원료,,신규(DB에 없음),,적재,,,
하이베이스,주석산,취급원료,,신규(DB에 없음),,적재,,,
하이베이스,주석산수소콜린,취급원료,,★공급사 미상 → 후보,확실,적재,주석산수소콜린,공급사 미상(source21),55000
하이베이스,죽염,취급원료,,신규(DB에 없음),,적재,,,
하이베이스,지구자(헛개나무열매),취급원료,,신규(DB에 없음),,적재,,,
하이베이스,지황(숙지황)농축액,취급원료,,★공급사 미상 → 후보,높음,적재,숙지황농축액,공급사 미상(source21),20000
하이베이스,진주칼슘,취급원료,,★공급사 미상 → 후보,보통,적재,칼슘(구연산),공급사 미상(source21),17000
하이베이스,진주칼슘,취급원료,,★공급사 미상 → 후보,보통,적재,칼슘(밀크칼슘),공급사 미상(source21),20000
하이베이스,진주칼슘,취급원료,,★공급사 미상 → 후보,보통,적재,칼슘(밀크칼슘),공급사 미상(source21),17000
하이베이스,진주칼슘,취급원료,,★공급사 미상 → 후보,보통,적재,칼슘(산호),공급사 미상(source21),20000
하이베이스,진주칼슘,취급원료,,★공급사 미상 → 후보,보통,적재,칼슘(산호),공급사 미상(source21),24000
하이베이스,진주칼슘,취급원료,,★공급사 미상 → 후보,보통,적재,칼슘(어골),공급사 미상(source21),38000
하이베이스,진주칼슘,취급원료,,★공급사 미상 → 후보,보통,적재,칼슘(탄산),공급사 미상(source21),2500
하이베이스,진주칼슘,취급원료,,★공급사 미상 → 후보,보통,적재,칼슘(해조),공급사 미상(source21),9500
하이베이스,진피(귤껍질),취급원료,,신규(DB에 없음),,적재,,,
하이베이스,차가버섯,취급원료,,★공급사 미상 → 후보,보통,적재,차가버섯분말,공급사 미상(source21),30000
하이베이스,차가버섯,취급원료,,타공급사 보유,보통,적재,차가버섯분말,바이오케어,30000
하이베이스,차전자피,취급원료,,타공급사 보유,확실,적재,차전자피(직수입),ambe,13000
하이베이스,차전자피,취급원료,,★공급사 미상 → 후보,보통,적재,차전자피분말,공급사 미상(source21),17000
하이베이스,차전자피,취급원료,,★공급사 미상 → 후보,보통,적재,차전자피분말,공급사 미상(source21),22000
하이베이스,차전자피,취급원료,,★공급사 미상 → 후보,보통,적재,차전자피분말,공급사 미상(source21),9000
하이베이스,차전자피,취급원료,,★공급사 미상 → 후보,보통,적재,차전자피분말,공급사 미상(source21),16000
하이베이스,차전자피,취급원료,,동일공급사 기등록,보통,적재,차전자피 분말,하이베이스,9000
하이베이스,차전자피,취급원료,,타공급사 보유,보통,적재,차전자피 분말,엘본에이치앤비,16000
하이베이스,차전자피,취급원료,,타공급사 보유,보통,적재,차전자피 분말,바이오케어,22000
하이베이스,차카테킨,취급원료,,타공급사 보유,높음,적재,녹차카테킨(70%),SvAgro,39900
하이베이스,참깨추출물(세사민),취급원료,,신규(DB에 없음),,적재,,,
하이베이스,참치디엔에이,취급원료,,신규(DB에 없음),,적재,,,
하이베이스,찹쌀,취급원료,,신규(DB에 없음),,적재,,,
하이베이스,천궁,취급원료,,타공급사 보유,보통,적재,천궁분말,바이오케어,23800
하이베이스,천궁,취급원료,,타공급사 보유,보통,적재,천궁분말,바이오케어,17000
하이베이스,천마,취급원료,,타공급사 보유,보통,적재,천마분말(일반),바이오케어,86000
하이베이스,천마,취급원료,,타공급사 보유,보통,적재,천마분말(일반),바이오케어,44000
하이베이스,천마,취급원료,,★공급사 미상 → 후보,보통,적재,천마분말(일반),공급사 미상(source21),58000
하이베이스,천일염(소금),취급원료,,신규(DB에 없음),,적재,,,
하이베이스,청경채,취급원료,,신규(DB에 없음),,적재,,,
하이베이스,청국(장),취급원료,,신규(DB에 없음),,적재,,,
하이베이스,체리,취급원료,,신규(DB에 없음),,적재,,,
하이베이스,초산나트륨,취급원료,,신규(DB에 없음),,적재,,,
하이베이스,초유,취급원료,,★공급사 미상 → 후보,보통,적재,초유분말,공급사 미상(source21),50000
하이베이스,초유,취급원료,,★공급사 미상 → 후보,보통,적재,초유분말,공급사 미상(source21),85000
하이베이스,초유,취급원료,,타공급사 보유,보통,적재,초유단백(IgG 20%),엘본에이치앤비,82000
하이베이스,초유,취급원료,,타공급사 보유,보통,적재,초유분말10%,태성,55000
하이베이스,초유,취급원료,,타공급사 보유,보통,적재,초유분말20%,태성,83000
하이베이스,초코렛트,취급원료,,신규(DB에 없음),,적재,,,
하이베이스,초코쿠키분말,취급원료,,신규(DB에 없음),,적재,,,
하이베이스,초코쿠키크런칩,취급원료,,신규(DB에 없음),,적재,,,
하이베이스,측백엽,취급원료,,신규(DB에 없음),,적재,,,
하이베이스,치아씨,취급원료,,신규(DB에 없음),,적재,,,
하이베이스,치자,취급원료,,동일공급사 기등록,보통,적재,치자 분말,하이베이스,25000
하이베이스,치커리식이섬유(이눌린),취급원료,,신규(DB에 없음),,적재,,,
하이베이스,카나우바왁스,취급원료,,★공급사 미상 → 후보,확실,적재,카나우바왁스,공급사 미상(source21),30000
하이베이스,카나우바왁스,취급원료,,★공급사 미상 → 후보,확실,적재,카나우바왁스,공급사 미상(source21),35000
하이베이스,카놀라유,취급원료,,신규(DB에 없음),,적재,,,
하이베이스,카라기난,취급원료,,신규(DB에 없음),,적재,,,
하이베이스,카모마일,취급원료,,신규(DB에 없음),,적재,,,
하이베이스,카제인,취급원료,,동일공급사 기등록,보통,적재,미셀라카제인,하이베이스,19000
하이베이스,카제인나트륨,취급원료,,신규(DB에 없음),,적재,,,
하이베이스,카제인포스포(CPP),취급원료,,신규(DB에 없음),,적재,,,
하이베이스,카카오,취급원료,,신규(DB에 없음),,적재,,,
하이베이스,칼라만시,취급원료,,타공급사 보유,보통,적재,칼라만시착즙액,씨에스에프,3600
하이베이스,칼슘(혼합),취급원료,,★공급사 미상 → 후보,확실,적재,칼슘(구연산),공급사 미상(source21),17000
하이베이스,칼슘(혼합),취급원료,,★공급사 미상 → 후보,확실,적재,칼슘(밀크칼슘),공급사 미상(source21),20000
하이베이스,칼슘(혼합),취급원료,,★공급사 미상 → 후보,확실,적재,칼슘(밀크칼슘),공급사 미상(source21),17000
하이베이스,칼슘(혼합),취급원료,,★공급사 미상 → 후보,확실,적재,칼슘(산호),공급사 미상(source21),20000
하이베이스,칼슘(혼합),취급원료,,★공급사 미상 → 후보,확실,적재,칼슘(산호),공급사 미상(source21),24000
하이베이스,칼슘(혼합),취급원료,,★공급사 미상 → 후보,확실,적재,칼슘(어골),공급사 미상(source21),38000
하이베이스,칼슘(혼합),취급원료,,★공급사 미상 → 후보,확실,적재,칼슘(탄산),공급사 미상(source21),2500
하이베이스,칼슘(혼합),취급원료,,★공급사 미상 → 후보,확실,적재,칼슘(해조),공급사 미상(source21),9500
하이베이스,칼슘(혼합),취급원료,,★공급사 미상 → 후보,보통,적재,어골칼슘,공급사 미상(source21),38000
하이베이스,칼슘(혼합),취급원료,,★공급사 미상 → 후보,보통,적재,해조칼슘,공급사 미상(source21),10000
하이베이스,칼슘(혼합),취급원료,,타공급사 보유,보통,적재,해조칼슘,엘본에이치앤비,9800
하이베이스,칼슘(혼합),취급원료,,타공급사 보유,보통,적재,해조칼슘,서호상사,11000
하이베이스,칼슘(혼합),취급원료,,동일공급사 기등록,보통,적재,해조칼슘,하이베이스,26000
하이베이스,칼슘(혼합),취급원료,,동일공급사 기등록,보통,적재,젖산칼슘,하이베이스,4500
하이베이스,칼슘(혼합),취급원료,,동일공급사 기등록,보통,적재,유청칼슘,하이베이스,20000
하이베이스,칼슘(혼합),취급원료,,동일공급사 기등록,보통,적재,해조칼슘(아쿠아칼),하이베이스,11000
하이베이스,칼슘(혼합),취급원료,,동일공급사 기등록,보통,적재,어골칼슘,하이베이스,36000
하이베이스,칼슘(혼합),취급원료,,동일공급사 기등록,보통,적재,(탄산)나노칼슘,하이베이스,13000
하이베이스,칼슘(혼합),취급원료,,타공급사 보유,보통,적재,밀크칼슘,태성,20000
하이베이스,칼슘(혼합),취급원료,,타공급사 보유,보통,적재,밀크칼슘,태성,17000
하이베이스,칼슘(혼합),취급원료,,타공급사 보유,보통,적재,발효칼슘(32%이상),원아,8000
하이베이스,칼슘(혼합),취급원료,,타공급사 보유,보통,적재,어골칼슘,제일,22000
하이베이스,캐피어,취급원료,,신규(DB에 없음),,적재,,,
하이베이스,커피,취급원료,,신규(DB에 없음),,적재,,,
하이베이스,케럽추출분말,취급원료,,신규(DB에 없음),,적재,,,
하이베이스,케르세틴(회향),취급원료,,신규(DB에 없음),,적재,,,
하이베이스,케이앤페이퍼(고추),취급원료,,신규(DB에 없음),,적재,,,
하이베이스,케일,취급원료,,신규(DB에 없음),,적재,,,
하이베이스,코엔자임Q10,취급원료,,★공급사 미상 → 후보,확실,적재,코엔자임Q10,공급사 미상(source21),850000
하이베이스,코엔자임Q10,취급원료,,★공급사 미상 → 후보,확실,적재,코엔자임Q10,공급사 미상(source21),830000
하이베이스,코엔자임Q10,취급원료,,★공급사 미상 → 후보,확실,적재,코엔자임Q10,공급사 미상(source21),770000
하이베이스,코엔자임Q10,취급원료,,타공급사 보유,확실,적재,코엔자임Q10,태성,680000
하이베이스,코코넛,취급원료,,★공급사 미상 → 후보,보통,적재,코코넛오일,공급사 미상(source21),22000
하이베이스,코코넛,취급원료,,동일공급사 기등록,보통,적재,코코넛오일,하이베이스,22000
하이베이스,코코넛,취급원료,,타공급사 보유,보통,적재,코코넛크림,씨에스에프,4500
하이베이스,코코아,취급원료,,★공급사 미상 → 후보,보통,적재,코코아분발,공급사 미상(source21),9000
하이베이스,코코아,취급원료,,★공급사 미상 → 후보,보통,적재,코코아분발,공급사 미상(source21),8800
하이베이스,코코아,취급원료,,타공급사 보유,보통,적재,코코아분말,새롬비앤에프,9000
하이베이스,코코아,취급원료,,동일공급사 기등록,보통,적재,코코아파우더,하이베이스,7000
하이베이스,코코아,취급원료,,동일공급사 기등록,보통,적재,코코아파우더,하이베이스,8000
하이베이스,코코아,취급원료,,타공급사 보유,보통,적재,코코아맛분말,올담식품,9500
하이베이스,콜라겐(소/돼지/생선),취급원료,,★공급사 미상 → 후보,확실,적재,콜라겐(당근),공급사 미상(source21),70000
하이베이스,콜라겐(소/돼지/생선),취급원료,,★공급사 미상 → 후보,확실,적재,콜라겐(비변성2형),공급사 미상(source21),7700000
하이베이스,콜라겐(소/돼지/생선),취급원료,,★공급사 미상 → 후보,확실,적재,콜라겐(어린피쉬),공급사 미상(source21),36000
하이베이스,콜라겐(소/돼지/생선),취급원료,,★공급사 미상 → 후보,확실,적재,콜라겐(어린피쉬),공급사 미상(source21),46000
하이베이스,콜라겐(소/돼지/생선),취급원료,,★공급사 미상 → 후보,확실,적재,콜라겐(피쉬),공급사 미상(source21),24000
하이베이스,콜라겐(소/돼지/생선),취급원료,,★공급사 미상 → 후보,확실,적재,콜라겐(피쉬),공급사 미상(source21),38000
하이베이스,콜라겐(소/돼지/생선),취급원료,,★공급사 미상 → 후보,확실,적재,콜라겐(피쉬),공급사 미상(source21),29000
하이베이스,콜라겐(소/돼지/생선),취급원료,,★공급사 미상 → 후보,확실,적재,콜라겐(피쉬),공급사 미상(source21),28000
하이베이스,콜라겐(소/돼지/생선),취급원료,,★공급사 미상 → 후보,보통,적재,콜라겐분말,공급사 미상(source21),40000
하이베이스,콜라겐(소/돼지/생선),취급원료,,★공급사 미상 → 후보,보통,적재,콜라겐분말,공급사 미상(source21),32000
하이베이스,콜라겐(소/돼지/생선),취급원료,,타공급사 보유,보통,적재,피쉬콜라겐,세일인터내셔널,42000
하이베이스,퀴노아분말,취급원료,,신규(DB에 없음),,적재,,,
하이베이스,크란베리,취급원료,,신규(DB에 없음),,적재,,,
하이베이스,크림버터혼합분말,취급원료,,신규(DB에 없음),,적재,,,
하이베이스,클로렐라,취급원료,,신규(DB에 없음),,적재,,,
하이베이스,클로렐라(C.G.F),취급원료,,신규(DB에 없음),,적재,,,
하이베이스,키위,취급원료,,신규(DB에 없음),,적재,,,
하이베이스,키토산,취급원료,,★공급사 미상 → 후보,확실,적재,키토산,공급사 미상(source21),45000
하이베이스,키토산,취급원료,,타공급사 보유,확실,적재,키토산,제일,36000
하이베이스,키토산,취급원료,,★공급사 미상 → 후보,보통,적재,키토산분말,공급사 미상(source21),58000
하이베이스,키토올리고당,취급원료,,신규(DB에 없음),,적재,,,
하이베이스,타마린드검,취급원료,,신규(DB에 없음),,적재,,,
하이베이스,타우린,취급원료,,★공급사 미상 → 후보,확실,적재,타우린,공급사 미상(source21),6500
하이베이스,타트체리,취급원료,,★공급사 미상 → 후보,보통,적재,타트체리분말,공급사 미상(source21),30000
하이베이스,타트체리,취급원료,,★공급사 미상 → 후보,보통,적재,타트체리농축액,공급사 미상(source21),4800
하이베이스,타트체리,취급원료,,★공급사 미상 → 후보,보통,적재,타트체리농축액,공급사 미상(source21),6800
하이베이스,타피오카전분,취급원료,,신규(DB에 없음),,적재,,,
하이베이스,탄산나트륨,취급원료,,신규(DB에 없음),,적재,,,
하이베이스,탄산마그네슘,취급원료,,신규(DB에 없음),,적재,,,
하이베이스,탄산수소나트륨,취급원료,,★공급사 미상 → 후보,확실,적재,탄산수소나트륨,공급사 미상(source21),1650
하이베이스,탄산칼륨,취급원료,,신규(DB에 없음),,적재,,,
하이베이스,탄산칼슘,취급원료,,★공급사 미상 → 후보,보통,적재,칼슘(구연산),공급사 미상(source21),17000
하이베이스,탄산칼슘,취급원료,,★공급사 미상 → 후보,보통,적재,칼슘(밀크칼슘),공급사 미상(source21),20000
하이베이스,탄산칼슘,취급원료,,★공급사 미상 → 후보,보통,적재,칼슘(밀크칼슘),공급사 미상(source21),17000
하이베이스,탄산칼슘,취급원료,,★공급사 미상 → 후보,보통,적재,칼슘(산호),공급사 미상(source21),20000
하이베이스,탄산칼슘,취급원료,,★공급사 미상 → 후보,보통,적재,칼슘(산호),공급사 미상(source21),24000
하이베이스,탄산칼슘,취급원료,,★공급사 미상 → 후보,보통,적재,칼슘(어골),공급사 미상(source21),38000
하이베이스,탄산칼슘,취급원료,,★공급사 미상 → 후보,보통,적재,칼슘(탄산),공급사 미상(source21),2500
하이베이스,탄산칼슘,취급원료,,★공급사 미상 → 후보,보통,적재,칼슘(해조),공급사 미상(source21),9500
하이베이스,탈크,취급원료,,신규(DB에 없음),,적재,,,
하이베이스,태반(돼지/양/말),취급원료,,★공급사 미상 → 후보,보통,적재,양태반,공급사 미상(source21),180000
하이베이스,탱자추출분말,취급원료,,신규(DB에 없음),,적재,,,
하이베이스,토마토(라이코펜),취급원료,,★공급사 미상 → 후보,보통,적재,토마토추분말,공급사 미상(source21),15000
하이베이스,토마토(라이코펜),취급원료,,동일공급사 기등록,보통,적재,토마토추출물(건식원료),하이베이스,350000
하이베이스,토마토(라이코펜),취급원료,,동일공급사 기등록,보통,적재,토마토추출물(건식원료),하이베이스,600000
하이베이스,토마틴(Thaumatin),취급원료,,신규(DB에 없음),,적재,,,
하이베이스,토사자,취급원료,,신규(DB에 없음),,적재,,,
하이베이스,트리블러스,취급원료,,신규(DB에 없음),,적재,,,
하이베이스,트립톤(펩톤),취급원료,,신규(DB에 없음),,적재,,,
하이베이스,파라다이스넛,취급원료,,신규(DB에 없음),,적재,,,
하이베이스,파라옥시안식향산,취급원료,,신규(DB에 없음),,적재,,,
하이베이스,파슬리,취급원료,,신규(DB에 없음),,적재,,,
하이베이스,파이오렌지(화분추출),취급원료,,신규(DB에 없음),,적재,,,
하이베이스,파인애플,취급원료,,★공급사 미상 → 후보,보통,적재,파인애플추풀분말,공급사 미상(source21),85000
하이베이스,파파인(프로테아제),취급원료,,타공급사 보유,확실,적재,파파인,에스제이디,39000
하이베이스,판크레아틴,취급원료,,★공급사 미상 → 후보,확실,적재,판크레아틴,공급사 미상(source21),220000
하이베이스,판크레아틴,취급원료,,타공급사 보유,확실,적재,판크레아틴,담원인터내셔널,220000
하이베이스,판크레아틴,취급원료,,★공급사 미상 → 후보,높음,적재,크레아틴,공급사 미상(source21),34000
하이베이스,판크레아틴,취급원료,,타공급사 보유,높음,적재,크레아틴,태성,30000
하이베이스,판크레아틴,취급원료,,타공급사 보유,높음,적재,크레아틴(중국산),원아,12000
하이베이스,팜유(정제팜유),취급원료,,신규(DB에 없음),,적재,,,
하이베이스,패각발효유기산칼슘,취급원료,,신규(DB에 없음),,적재,,,
하이베이스,패각칼슘(이온화),취급원료,,★공급사 미상 → 후보,보통,적재,칼슘(구연산),공급사 미상(source21),17000
하이베이스,패각칼슘(이온화),취급원료,,★공급사 미상 → 후보,보통,적재,칼슘(밀크칼슘),공급사 미상(source21),20000
하이베이스,패각칼슘(이온화),취급원료,,★공급사 미상 → 후보,보통,적재,칼슘(밀크칼슘),공급사 미상(source21),17000
하이베이스,패각칼슘(이온화),취급원료,,★공급사 미상 → 후보,보통,적재,칼슘(산호),공급사 미상(source21),20000
하이베이스,패각칼슘(이온화),취급원료,,★공급사 미상 → 후보,보통,적재,칼슘(산호),공급사 미상(source21),24000
하이베이스,패각칼슘(이온화),취급원료,,★공급사 미상 → 후보,보통,적재,칼슘(어골),공급사 미상(source21),38000
하이베이스,패각칼슘(이온화),취급원료,,★공급사 미상 → 후보,보통,적재,칼슘(탄산),공급사 미상(source21),2500
하이베이스,패각칼슘(이온화),취급원료,,★공급사 미상 → 후보,보통,적재,칼슘(해조),공급사 미상(source21),9500
하이베이스,패각칼슘(일반)/가리비,취급원료,,신규(DB에 없음),,적재,,,
하이베이스,퍼퍼민트,취급원료,,신규(DB에 없음),,적재,,,
하이베이스,펙티나아제,취급원료,,신규(DB에 없음),,적재,,,
하이베이스,펙틴,취급원료,,★공급사 미상 → 후보,확실,적재,펙틴,공급사 미상(source21),27000
하이베이스,펩타이드철(참고:단백철),취급원료,,신규(DB에 없음),,적재,,,
하이베이스,펩토프로,취급원료,,신규(DB에 없음),,적재,,,
하이베이스,포도(과즙분말/맛/향),취급원료,,★공급사 미상 → 후보,보통,적재,포도씨유,공급사 미상(source21),7500
하이베이스,포도껍질추출(레스베라트롤),취급원료,,신규(DB에 없음),,적재,,,
하이베이스,포도농축액,취급원료,,★공급사 미상 → 후보,높음,적재,적포도농축액,공급사 미상(source21),6400
하이베이스,포도농축액,취급원료,,타공급사 보유,높음,적재,적포도농축액,해찬솔,6400
하이베이스,포도씨(적포도주)추출물,취급원료,,★공급사 미상 → 후보,확실,적재,포도씨추출물,공급사 미상(source21),44000
하이베이스,포도씨유,취급원료,,★공급사 미상 → 후보,확실,적재,포도씨유,공급사 미상(source21),7500
하이베이스,포도씨유,취급원료,,★공급사 미상 → 후보,보통,적재,포도씨유추출물,공급사 미상(source21),90000
하이베이스,포도씨유,취급원료,,★공급사 미상 → 후보,보통,적재,포도씨유추출물,공급사 미상(source21),200000
하이베이스,포스파티딜세린(건기식),취급원료,,동일공급사 기등록,확실,적재,포스파티딜세린,하이베이스,660000
하이베이스,포스파티딜세린(건기식),취급원료,,★공급사 미상 → 후보,확실,적재,포스파티딜세린70%,공급사 미상(source21),590000
하이베이스,포스파티딜세린(건기식),취급원료,,타공급사 보유,확실,적재,포스파티딜세린 70%,오앤컴퍼니,630000
하이베이스,포스파티딜세린(건기식),취급원료,,타공급사 보유,확실,적재,포스파티딜세린(70%),ambe,379050
하이베이스,포스파티딜세린(건기식),취급원료,,★공급사 미상 → 후보,높음,적재,포스파티딜세린분말,공급사 미상(source21),660000
하이베이스,포스파티딜세린(건기식),취급원료,,★공급사 미상 → 후보,높음,적재,포스파티딜세린분말,공급사 미상(source21),500000
하이베이스,포스파티딜콜린,취급원료,,신규(DB에 없음),,적재,,,
하이베이스,폴리덱스트로즈,취급원료,,신규(DB에 없음),,적재,,,
하이베이스,폴리만뉴로닉산,취급원료,,신규(DB에 없음),,적재,,,
하이베이스,폴리소르베이트(투윈),취급원료,,신규(DB에 없음),,적재,,,
하이베이스,폴리인산나트륨,취급원료,,신규(DB에 없음),,적재,,,
하이베이스,표고버섯,취급원료,,타공급사 보유,보통,적재,표고버섯분말,해찬솔,39000
하이베이스,표고버섯,취급원료,,★공급사 미상 → 후보,보통,적재,표고버섯균사체,공급사 미상(source21),90000
하이베이스,표고버섯,취급원료,,동일공급사 기등록,보통,적재,표고버섯균사체,하이베이스,90000
하이베이스,표고버섯,취급원료,,타공급사 보유,보통,적재,표고버섯균사체,태성,600000
하이베이스,표고버섯(개별인증),취급원료,,타공급사 보유,보통,적재,표고버섯분말,해찬솔,39000
하이베이스,표고버섯(개별인증),취급원료,,★공급사 미상 → 후보,보통,적재,표고버섯균사체,공급사 미상(source21),90000
하이베이스,표고버섯(개별인증),취급원료,,동일공급사 기등록,보통,적재,표고버섯균사체,하이베이스,90000
하이베이스,표고버섯(개별인증),취급원료,,타공급사 보유,보통,적재,표고버섯균사체,태성,600000
하이베이스,푸룬(서양자두),취급원료,,신규(DB에 없음),,적재,,,
하이베이스,푸마르산(제일철),취급원료,,동일공급사 기등록,확실,적재,푸마르산(Fumaric acid),하이베이스,5000
하이베이스,푸마르산(제일철),취급원료,,타공급사 보유,확실,적재,푸마르산(Fumaric acid),선일에프앤씨,3700
하이베이스,퓨라칼,취급원료,,신규(DB에 없음),,적재,,,
하이베이스,프레타놀,취급원료,,신규(DB에 없음),,적재,,,
하이베이스,프로락티,취급원료,,신규(DB에 없음),,적재,,,
하이베이스,프로테아제(식물성/곰팡이),취급원료,,★공급사 미상 → 후보,확실,적재,프로테아제,공급사 미상(source21),42000
하이베이스,프로테아제(식물성/곰팡이),취급원료,,★공급사 미상 → 후보,확실,적재,프로테아제(파파인)(식물성),공급사 미상(source21),50000
하이베이스,프로테아제(식물성/곰팡이),취급원료,,타공급사 보유,확실,적재,프로테아제(아스퍼질러스발효물P),에스제이디,71000
하이베이스,프로폴리스(분말),취급원료,,★공급사 미상 → 후보,확실,적재,프로폴리스,공급사 미상(source21),90000
하이베이스,프로폴리스(분말),취급원료,,★공급사 미상 → 후보,확실,적재,프로폴리스,공급사 미상(source21),420000
하이베이스,프로폴리스(분말),취급원료,,타공급사 보유,확실,적재,(유기농) 프로폴리스,제일,650000
하이베이스,프로폴리스(분말),취급원료,,★공급사 미상 → 후보,높음,적재,그린프로폴리스,공급사 미상(source21),300000
하이베이스,프로폴리스(분말),취급원료,,타공급사 보유,높음,적재,그린프로폴리스,제일,330000
하이베이스,프로폴리스(액상),취급원료,,★공급사 미상 → 후보,확실,적재,프로폴리스,공급사 미상(source21),90000
하이베이스,프로폴리스(액상),취급원료,,★공급사 미상 → 후보,확실,적재,프로폴리스,공급사 미상(source21),420000
하이베이스,프로폴리스(액상),취급원료,,타공급사 보유,확실,적재,(유기농) 프로폴리스,제일,650000
하이베이스,프로폴리스(액상),취급원료,,★공급사 미상 → 후보,높음,적재,그린프로폴리스,공급사 미상(source21),300000
하이베이스,프로폴리스(액상),취급원료,,타공급사 보유,높음,적재,그린프로폴리스,제일,330000
하이베이스,프로필렌글리콜(P.G),취급원료,,신규(DB에 없음),,적재,,,
하이베이스,피로인산나트륨,취급원료,,신규(DB에 없음),,적재,,,
하이베이스,피로인산제2철,취급원료,,동일공급사 기등록,확실,적재,피로인산제2철(리포조말),하이베이스,37000
하이베이스,피망,취급원료,,신규(DB에 없음),,적재,,,
하이베이스,피크노제놀(해송껍질),취급원료,,신규(DB에 없음),,적재,,,
하이베이스,피틴산,취급원료,,신규(DB에 없음),,적재,,,
하이베이스,하수오,취급원료,,신규(DB에 없음),,적재,,,
하이베이스,한천(우뭇가사리),취급원료,,신규(DB에 없음),,적재,,,
하이베이스,함초,취급원료,,★공급사 미상 → 후보,보통,적재,함초분말,공급사 미상(source21),20500
하이베이스,함초,취급원료,,타공급사 보유,보통,적재,함초분말,바이오케어,20500
하이베이스,해구(물개)육,취급원료,,신규(DB에 없음),,적재,,,
하이베이스,해바라기유,취급원료,,신규(DB에 없음),,적재,,,
하이베이스,해삼,취급원료,,신규(DB에 없음),,적재,,,
하이베이스,해조분말,취급원료,,동일공급사 기등록,확실,적재,"해조분말(잔가시쩍,피마톨리톤칼카륨)",하이베이스,10000
하이베이스,해조칼슘(아쿠아칼),취급원료,,★공급사 미상 → 후보,확실,적재,해조칼슘,공급사 미상(source21),10000
하이베이스,해조칼슘(아쿠아칼),취급원료,,타공급사 보유,확실,적재,해조칼슘,엘본에이치앤비,9800
하이베이스,해조칼슘(아쿠아칼),취급원료,,타공급사 보유,확실,적재,해조칼슘,서호상사,11000
하이베이스,해조칼슘(아쿠아칼),취급원료,,동일공급사 기등록,확실,적재,해조칼슘,하이베이스,26000
하이베이스,해조칼슘(아쿠아칼),취급원료,,동일공급사 기등록,확실,적재,해조칼슘(아쿠아칼),하이베이스,11000
하이베이스,해조칼슘(아쿠아칼),취급원료,,★공급사 미상 → 후보,보통,적재,칼슘(구연산),공급사 미상(source21),17000
하이베이스,해조칼슘(아쿠아칼),취급원료,,★공급사 미상 → 후보,보통,적재,칼슘(밀크칼슘),공급사 미상(source21),20000
하이베이스,해조칼슘(아쿠아칼),취급원료,,★공급사 미상 → 후보,보통,적재,칼슘(밀크칼슘),공급사 미상(source21),17000
하이베이스,해조칼슘(아쿠아칼),취급원료,,★공급사 미상 → 후보,보통,적재,칼슘(산호),공급사 미상(source21),20000
하이베이스,해조칼슘(아쿠아칼),취급원료,,★공급사 미상 → 후보,보통,적재,칼슘(산호),공급사 미상(source21),24000
하이베이스,해조칼슘(아쿠아칼),취급원료,,★공급사 미상 → 후보,보통,적재,칼슘(어골),공급사 미상(source21),38000
하이베이스,해조칼슘(아쿠아칼),취급원료,,★공급사 미상 → 후보,보통,적재,칼슘(탄산),공급사 미상(source21),2500
하이베이스,해조칼슘(아쿠아칼),취급원료,,★공급사 미상 → 후보,보통,적재,칼슘(해조),공급사 미상(source21),9500
하이베이스,해조혼합분말,취급원료,,신규(DB에 없음),,적재,,,
하이베이스,향류(*별첨),취급원료,,신규(DB에 없음),,적재,,,
하이베이스,향유,취급원료,,신규(DB에 없음),,적재,,,
하이베이스,허브추출물혼합분말,취급원료,,신규(DB에 없음),,적재,,,
하이베이스,헛개나무가지추출분말,취급원료,,신규(DB에 없음),,적재,,,
하이베이스,헤마토코쿠스추출물(건기식),취급원료,,★공급사 미상 → 후보,확실,적재,헤마토코쿠스추출물,공급사 미상(source21),1450000
하이베이스,헤스페리딘,취급원료,,신규(DB에 없음),,적재,,,
하이베이스,헤즐넛,취급원료,,신규(DB에 없음),,적재,,,
하이베이스,헴철,취급원료,,★공급사 미상 → 후보,확실,적재,헴철,공급사 미상(source21),135000
하이베이스,헴철,취급원료,,★공급사 미상 → 후보,확실,적재,헴철,공급사 미상(source21),220000
하이베이스,헴철,취급원료,,동일공급사 기등록,확실,적재,헴철,하이베이스,135000
하이베이스,헴철,취급원료,,동일공급사 기등록,확실,적재,헴철,하이베이스,220000
하이베이스,현미,취급원료,,신규(DB에 없음),,적재,,,
하이베이스,현미배아효소,취급원료,,신규(DB에 없음),,적재,,,
하이베이스,현미시럽,취급원료,,신규(DB에 없음),,적재,,,
하이베이스,현미유,취급원료,,신규(DB에 없음),,적재,,,
하이베이스,호로파종자,취급원료,,★공급사 미상 → 후보,보통,적재,호로파종자추출분말,공급사 미상(source21),110000
하이베이스,호밀,취급원료,,신규(DB에 없음),,적재,,,
하이베이스,호박(씨),취급원료,,타공급사 보유,보통,적재,호박산(Succinate),선일에프앤씨,6200
하이베이스,호박(씨),취급원료,,동일공급사 기등록,보통,적재,호박산(Succinate),하이베이스,6500
하이베이스,호박(씨),취급원료,,동일공급사 기등록,보통,적재,호박분말(일반분말),하이베이스,22000
하이베이스,호박산,취급원료,,타공급사 보유,확실,적재,호박산(Succinate),선일에프앤씨,6200
하이베이스,호박산,취급원료,,동일공급사 기등록,확실,적재,호박산(Succinate),하이베이스,6500
하이베이스,호프추출분말,취급원료,,신규(DB에 없음),,적재,,,
하이베이스,혼합곡물추출분말,취급원료,,신규(DB에 없음),,적재,,,
하이베이스,혼합베리농축분말,취급원료,,신규(DB에 없음),,적재,,,
하이베이스,홍국,취급원료,,★공급사 미상 → 후보,확실,적재,홍국,공급사 미상(source21),170000
하이베이스,홍국,취급원료,,★공급사 미상 → 후보,확실,적재,홍국,공급사 미상(source21),270000
하이베이스,홍국,취급원료,,동일공급사 기등록,보통,적재,홍국(모나콜린)분말,하이베이스,150000
하이베이스,홍삼농축액,취급원료,,★공급사 미상 → 후보,확실,적재,홍삼농축액,공급사 미상(source21),170000
하이베이스,홍삼농축액,취급원료,,★공급사 미상 → 후보,확실,적재,홍삼농축액(6년근),공급사 미상(source21),210000
하이베이스,홍삼농축액,취급원료,,타공급사 보유,확실,적재,홍삼농축액(6년근),현대바이오랜드,210000
하이베이스,홍삼농축액,취급원료,,타공급사 보유,확실,적재,홍삼농축액,선일에프앤비,123000
하이베이스,홍삼농축액,취급원료,,타공급사 보유,확실,적재,홍삼농축액,선일에프앤비,145000
하이베이스,홍삼농축액,취급원료,,★공급사 미상 → 후보,높음,적재,발효홍삼농축액(6년근),공급사 미상(source21),250000
하이베이스,홍삼농축액,취급원료,,★공급사 미상 → 후보,높음,적재,홍삼농축액분말(4년근),공급사 미상(source21),310000
하이베이스,홍삼농축액,취급원료,,★공급사 미상 → 후보,높음,적재,홍삼농축액분말(6년근),공급사 미상(source21),330000
하이베이스,홍삼농축액,취급원료,,타공급사 보유,높음,적재,홍삼농축액분말(4년근),현대바이오랜드,310000
하이베이스,홍삼농축액,취급원료,,타공급사 보유,높음,적재,홍삼농축액분말(6년근),현대바이오랜드,330000
하이베이스,홍삼농축액,취급원료,,타공급사 보유,높음,적재,발효홍삼농축액(6년근),현대바이오랜드,250000
하이베이스,홍삼농축액,취급원료,,★공급사 미상 → 후보,보통,적재,발효홍삼농축액분말(6년근),공급사 미상(source21),260000
하이베이스,홍삼농축액,취급원료,,타공급사 보유,보통,적재,발효홍삼농축액분말(6년근),현대바이오랜드,260000
하이베이스,홍삼분말(농축분말),취급원료,,신규(DB에 없음),,적재,,,
하이베이스,홍차,취급원료,,신규(DB에 없음),,적재,,,
하이베이스,홍화씨,취급원료,,★공급사 미상 → 후보,보통,적재,홍화씨분말,공급사 미상(source21),18000
하이베이스,홍화유,취급원료,,★공급사 미상 → 후보,확실,적재,홍화유,공급사 미상(source21),11000
하이베이스,화분(추출물),취급원료,,신규(DB에 없음),,적재,,,
하이베이스,환원철,취급원료,,신규(DB에 없음),,적재,,,
하이베이스,활성탄,취급원료,,신규(DB에 없음),,적재,,,
하이베이스,황국(균)/A.oryzae,취급원료,,신규(DB에 없음),,적재,,,
하이베이스,황금,취급원료,,★공급사 미상 → 후보,보통,적재,황금분말,공급사 미상(source21),14500
하이베이스,황금,취급원료,,타공급사 보유,보통,적재,황금분말,바이오케어,14500
하이베이스,황기,취급원료,,타공급사 보유,보통,적재,황기분말,바이오케어,28000
하이베이스,황기,취급원료,,타공급사 보유,보통,적재,황기분말,바이오케어,16800
하이베이스,황산(제일)철,취급원료,,신규(DB에 없음),,적재,,,
하이베이스,황산동(구리),취급원료,,신규(DB에 없음),,적재,,,
하이베이스,황산마그네슘,취급원료,,신규(DB에 없음),,적재,,,
하이베이스,황산망간,취급원료,,신규(DB에 없음),,적재,,,
하이베이스,황산아연,취급원료,,신규(DB에 없음),,적재,,,
하이베이스,회향(추출물),취급원료,,신규(DB에 없음),,적재,,,
하이베이스,효모(MNY),취급원료,,★공급사 미상 → 후보,보통,적재,건조효모,공급사 미상(source21),630000
하이베이스,효모(MNY),취급원료,,★공급사 미상 → 후보,보통,적재,건조효모,공급사 미상(source21),13500
하이베이스,효모(MNY),취급원료,,★공급사 미상 → 후보,보통,적재,맥주효모,공급사 미상(source21),9500
하이베이스,효모(MNY),취급원료,,★공급사 미상 → 후보,보통,적재,맥주효모,공급사 미상(source21),9200
하이베이스,효모(MNY),취급원료,,타공급사 보유,보통,적재,건조효모,에스제이디,16700
하이베이스,효모(RNA),취급원료,,★공급사 미상 → 후보,보통,적재,건조효모,공급사 미상(source21),630000
하이베이스,효모(RNA),취급원료,,★공급사 미상 → 후보,보통,적재,건조효모,공급사 미상(source21),13500
하이베이스,효모(RNA),취급원료,,★공급사 미상 → 후보,보통,적재,맥주효모,공급사 미상(source21),9500
하이베이스,효모(RNA),취급원료,,★공급사 미상 → 후보,보통,적재,맥주효모,공급사 미상(source21),9200
하이베이스,효모(RNA),취급원료,,타공급사 보유,보통,적재,건조효모,에스제이디,16700
하이베이스,효모(글루타치온),취급원료,,★공급사 미상 → 후보,보통,적재,건조효모,공급사 미상(source21),630000
하이베이스,효모(글루타치온),취급원료,,★공급사 미상 → 후보,보통,적재,건조효모,공급사 미상(source21),13500
하이베이스,효모(글루타치온),취급원료,,★공급사 미상 → 후보,보통,적재,맥주효모,공급사 미상(source21),9500
하이베이스,효모(글루타치온),취급원료,,★공급사 미상 → 후보,보통,적재,맥주효모,공급사 미상(source21),9200
하이베이스,효모(글루타치온),취급원료,,타공급사 보유,보통,적재,건조효모,에스제이디,16700
하이베이스,효모(미네랄),취급원료,,★공급사 미상 → 후보,보통,적재,건조효모,공급사 미상(source21),630000
하이베이스,효모(미네랄),취급원료,,★공급사 미상 → 후보,보통,적재,건조효모,공급사 미상(source21),13500
하이베이스,효모(미네랄),취급원료,,★공급사 미상 → 후보,보통,적재,맥주효모,공급사 미상(source21),9500
하이베이스,효모(미네랄),취급원료,,★공급사 미상 → 후보,보통,적재,맥주효모,공급사 미상(source21),9200
하이베이스,효모(미네랄),취급원료,,타공급사 보유,보통,적재,건조효모,에스제이디,16700
하이베이스,효모(일반),취급원료,,★공급사 미상 → 후보,보통,적재,건조효모,공급사 미상(source21),630000
하이베이스,효모(일반),취급원료,,★공급사 미상 → 후보,보통,적재,건조효모,공급사 미상(source21),13500
하이베이스,효모(일반),취급원료,,★공급사 미상 → 후보,보통,적재,맥주효모,공급사 미상(source21),9500
하이베이스,효모(일반),취급원료,,★공급사 미상 → 후보,보통,적재,맥주효모,공급사 미상(source21),9200
하이베이스,효모(일반),취급원료,,타공급사 보유,보통,적재,건조효모,에스제이디,16700
하이베이스,효소(복합),취급원료,,★공급사 미상 → 후보,보통,적재,복합효소,공급사 미상(source21),285000
하이베이스,효소(복합),취급원료,,★공급사 미상 → 후보,보통,적재,복합효소,공급사 미상(source21),145000
하이베이스,효소(복합),취급원료,,★공급사 미상 → 후보,보통,적재,효소분말(15곡),공급사 미상(source21),60000
하이베이스,효소(복합),취급원료,,★공급사 미상 → 후보,보통,적재,효소분말(6곡),공급사 미상(source21),55000
하이베이스,효소(복합),취급원료,,★공급사 미상 → 후보,보통,적재,효소분말(현미),공급사 미상(source21),60000
하이베이스,효소(복합),취급원료,,★공급사 미상 → 후보,보통,적재,효소분말(현미),공급사 미상(source21),52000
하이베이스,후추(흑후추),취급원료,,신규(DB에 없음),,적재,,,
하이베이스,후코이단,취급원료,,★공급사 미상 → 후보,확실,적재,후코이단,공급사 미상(source21),600000
하이베이스,후코이단,취급원료,,★공급사 미상 → 후보,확실,적재,후코이단(혜원),공급사 미상(source21),600000
하이베이스,후코이단,취급원료,,★공급사 미상 → 후보,보통,적재,미역귀후코이단,공급사 미상(source21),600000
하이베이스,후코이단,취급원료,,★공급사 미상 → 후보,보통,적재,다시마후코이단,공급사 미상(source21),500000
하이베이스,흑마늘,취급원료,,신규(DB에 없음),,적재,,,
하이베이스,흑초,취급원료,,신규(DB에 없음),,적재,,,
하이베이스,히드록시프로(HPMC),취급원료,,신규(DB에 없음),,적재,,,
하이베이스,히드록시프로필(HPC),취급원료,,타공급사 보유,보통,적재,히드록시 프로필 메틸 셀룰로오즈,태성,31000
하이베이스,히비스커스,취급원료,,★공급사 미상 → 후보,보통,적재,히비스커스추출분말,공급사 미상(source21),80000
하이베이스,히아론산(나트륨),취급원료,,신규(DB에 없음),,적재,,,
조은푸드텍,감귤농축액(60),농축과즙액,국내산,신규(DB에 없음),,적재,,,
조은푸드텍,고구마농축액(60),농축과즙액,국내산,타공급사 보유,보통,적재,고구마(자색),하이베이스,19000
조은푸드텍,골드키위농축액(65),농축과즙액,뉴질랜드산,신규(DB에 없음),,적재,,,
조은푸드텍,과실혼합농축액(65),농축과즙액,,신규(DB에 없음),,적재,,,
조은푸드텍,단호박농축액(65),농축과즙액,국내산,신규(DB에 없음),,적재,,,
조은푸드텍,당근농축액(35),농축과즙액,국내산,신규(DB에 없음),,적재,,,
조은푸드텍,딸기농축액(65),농축과즙액,이스라엘산,신규(DB에 없음),,적재,,,
조은푸드텍,땅콩농축액(45),농축과즙액,중국산,신규(DB에 없음),,적재,,,
조은푸드텍,라즈베리농축액(60),농축과즙액,대만산,신규(DB에 없음),,적재,,,
조은푸드텍,라임농축액(65),농축과즙액,이탈리아산,★공급사 미상 → 후보,확실,적재,라임농축액,공급사 미상(source21),13500
조은푸드텍,라임농축액(65),농축과즙액,이탈리아산,★공급사 미상 → 후보,확실,적재,라임농축액,공급사 미상(source21),12000
조은푸드텍,라임농축액(65),농축과즙액,이탈리아산,타공급사 보유,확실,적재,라임농축액,해찬솔,13500
조은푸드텍,라임농축액(65),농축과즙액,이탈리아산,타공급사 보유,확실,적재,라임농축액,새롬비앤에프,12000
조은푸드텍,레드자몽크라우디(65),농축과즙액,미국산,신규(DB에 없음),,적재,,,
조은푸드텍,레몬농축액(65),농축과즙액,"이스라엘, 미국산",★공급사 미상 → 후보,확실,적재,레몬농축액,공급사 미상(source21),13000
조은푸드텍,레몬농축액(65),농축과즙액,"이스라엘, 미국산",★공급사 미상 → 후보,확실,적재,레몬농축액,공급사 미상(source21),12000
조은푸드텍,레몬농축액(65),농축과즙액,"이스라엘, 미국산",★공급사 미상 → 후보,확실,적재,레몬농축액,공급사 미상(source21),11000
조은푸드텍,레몬농축액(65),농축과즙액,"이스라엘, 미국산",타공급사 보유,확실,적재,레몬농축액,새롬비앤에프,13000
조은푸드텍,레몬농축액(65),농축과즙액,"이스라엘, 미국산",타공급사 보유,확실,적재,레몬농축액,하이베이스,12000
조은푸드텍,레몬농축액(65),농축과즙액,"이스라엘, 미국산",타공급사 보유,확실,적재,레몬농축액,해찬솔,11000
조은푸드텍,레몬농축액(60),농축과즙액,이탈리아산,★공급사 미상 → 후보,확실,적재,레몬농축액,공급사 미상(source21),13000
조은푸드텍,레몬농축액(60),농축과즙액,이탈리아산,★공급사 미상 → 후보,확실,적재,레몬농축액,공급사 미상(source21),12000
조은푸드텍,레몬농축액(60),농축과즙액,이탈리아산,★공급사 미상 → 후보,확실,적재,레몬농축액,공급사 미상(source21),11000
조은푸드텍,레몬농축액(60),농축과즙액,이탈리아산,타공급사 보유,확실,적재,레몬농축액,새롬비앤에프,13000
조은푸드텍,레몬농축액(60),농축과즙액,이탈리아산,타공급사 보유,확실,적재,레몬농축액,하이베이스,12000
조은푸드텍,레몬농축액(60),농축과즙액,이탈리아산,타공급사 보유,확실,적재,레몬농축액,해찬솔,11000
조은푸드텍,레몬콜라농축액,농축과즙액,이스라엘산,신규(DB에 없음),,적재,,,
조은푸드텍,리치농축액(70),농축과즙액,"중국, 베트남산",신규(DB에 없음),,적재,,,
조은푸드텍,망고농축액(60),농축과즙액,"필리핀, 이스라엘산",신규(DB에 없음),,적재,,,
조은푸드텍,매실농축액(65),농축과즙액,국내산,신규(DB에 없음),,적재,,,
조은푸드텍,메론농축액(60),농축과즙액,"국내, 이스라엘",신규(DB에 없음),,적재,,,
조은푸드텍,모과농축액(65),농축과즙액,국내산,★공급사 미상 → 후보,확실,적재,모과농축액(65브릭스),공급사 미상(source21),13000
조은푸드텍,모과농축액(65),농축과즙액,국내산,★공급사 미상 → 후보,확실,적재,모과농축액(65브릭스),공급사 미상(source21),15000
조은푸드텍,모과농축액(65),농축과즙액,국내산,★공급사 미상 → 후보,확실,적재,모과농축액(65브릭스),공급사 미상(source21),25500
조은푸드텍,모과농축액(65),농축과즙액,국내산,★공급사 미상 → 후보,확실,적재,모과농축액(60브릭스)100%,공급사 미상(source21),15000
조은푸드텍,모과농축액(65),농축과즙액,국내산,타공급사 보유,확실,적재,모과농축액 (65브릭스),해찬솔,13000
조은푸드텍,모과농축액(65),농축과즙액,국내산,타공급사 보유,확실,적재,모과농축액 (65브릭스),새롬비앤에프,15000
조은푸드텍,모과농축액(65),농축과즙액,국내산,타공급사 보유,확실,적재,모과농축액 (65브릭스),하이베이스,25500
조은푸드텍,모과농축액(65),농축과즙액,국내산,타공급사 보유,확실,적재,모과농축액 (60브릭스)100%,하이베이스,15000
조은푸드텍,무화과농축액(60),농축과즙액,터키산,신규(DB에 없음),,적재,,,
조은푸드텍,믹스베리농축액(60),농축과즙액,,신규(DB에 없음),,적재,,,
조은푸드텍,바나나농축액(65),농축과즙액,이스라엘산,신규(DB에 없음),,적재,,,
조은푸드텍,바나나페이스트(40),농축과즙액,필리핀산,신규(DB에 없음),,적재,,,
조은푸드텍,밤농축액(60),농축과즙액,국내산,신규(DB에 없음),,적재,,,
조은푸드텍,밤페이스트(50),농축과즙액,국내산,신규(DB에 없음),,적재,,,
조은푸드텍,배농축과즙액(69),농축과즙액,오스트리아산,신규(DB에 없음),,적재,,,
조은푸드텍,배농축액(70),농축과즙액,미국산,★공급사 미상 → 후보,확실,적재,배농축액,공급사 미상(source21),8500
조은푸드텍,배농축액(70),농축과즙액,미국산,★공급사 미상 → 후보,확실,적재,배농축액,공급사 미상(source21),5200
조은푸드텍,배농축액(70),농축과즙액,미국산,타공급사 보유,확실,적재,배농축액,해찬솔,8500
조은푸드텍,배농축액(70),농축과즙액,미국산,타공급사 보유,확실,적재,배농축액,해찬솔,5200
조은푸드텍,배농축액(70),농축과즙액,미국산,타공급사 보유,확실,적재,배농축액(66Brix이상),하이베이스,4400
조은푸드텍,배농축액(70),농축과즙액,미국산,타공급사 보유,확실,적재,배농축액,새롬비앤에프,15000
조은푸드텍,배퓨레시럽,농축과즙액,미국산,신규(DB에 없음),,적재,,,
조은푸드텍,복숭아농축액(68),농축과즙액,이스라엘산,★공급사 미상 → 후보,확실,적재,복숭아농축액,공급사 미상(source21),9500
조은푸드텍,복숭아농축액(68),농축과즙액,이스라엘산,타공급사 보유,확실,적재,복숭아농축액,해찬솔,9500
조은푸드텍,브로콜리농축액(40),농축과즙액,국내산,★공급사 미상 → 후보,확실,적재,브로콜리농축액,공급사 미상(source21),13000
조은푸드텍,브로콜리농축액(40),농축과즙액,국내산,타공급사 보유,확실,적재,브로콜리 농축액,해찬솔,13000
조은푸드텍,브로콜리농축액(40),농축과즙액,국내산,타공급사 보유,확실,적재,브로콜리 농축액,하이베이스,40000
조은푸드텍,블러드오렌지농축액(50),농축과즙액,이스라엘산,★공급사 미상 → 후보,높음,적재,모로블러드오렌지농축액,공급사 미상(source21),9700
조은푸드텍,블러드오렌지농축액(50),농축과즙액,이스라엘산,타공급사 보유,높음,적재,모로블러드오렌지농축액,해찬솔,9700
조은푸드텍,블러드오렌지농축액(50),농축과즙액,이스라엘산,★공급사 미상 → 후보,보통,적재,오렌지농축액,공급사 미상(source21),11000
조은푸드텍,블러드오렌지농축액(50),농축과즙액,이스라엘산,타공급사 보유,보통,적재,오렌지농축액,하이베이스,11000
조은푸드텍,블루베리시럽(68),농축과즙액,,신규(DB에 없음),,적재,,,
조은푸드텍,블루베리엑스(65),농축과즙액,미국산,신규(DB에 없음),,적재,,,
조은푸드텍,빌베리농축액,농축과즙액,오스트리아산,신규(DB에 없음),,적재,,,
조은푸드텍,"사과농축액(68), (72), (73",농축과즙액,)     국내산,★공급사 미상 → 후보,보통,적재,사과농축액,공급사 미상(source21),4400
조은푸드텍,"사과농축액(68), (72), (73",농축과즙액,)     국내산,★공급사 미상 → 후보,보통,적재,사과농축액,공급사 미상(source21),5700
조은푸드텍,"사과농축액(68), (72), (73",농축과즙액,)     국내산,타공급사 보유,보통,적재,사과 농축액,해찬솔,4400
조은푸드텍,"사과농축액(68), (72), (73",농축과즙액,)     국내산,타공급사 보유,보통,적재,사과 농축액,해찬솔,5700
조은푸드텍,"사과농축액(68), (72), (73",농축과즙액,)     국내산,타공급사 보유,보통,적재,사과 농축액,하이베이스,7500
조은푸드텍,사과농축크라우디(68),농축과즙액,국내산,신규(DB에 없음),,적재,,,
조은푸드텍,석류엑스(65),사과시럽,"이스라엘, 이란산",신규(DB에 없음),,적재,,,
조은푸드텍,수박농축액(68),사과시럽,미국산,신규(DB에 없음),,적재,,,
조은푸드텍,아로니아농축액(65),사과시럽,폴란드산,★공급사 미상 → 후보,확실,적재,아로니아농축액,공급사 미상(source21),7000
조은푸드텍,아로니아농축액(65),사과시럽,폴란드산,타공급사 보유,확실,적재,아로니아농축액,해찬솔,7800
조은푸드텍,아로니아농축액(65),사과시럽,폴란드산,타공급사 보유,확실,적재,아로니아농축액,하이베이스,7000
조은푸드텍,아로니아농축액(65),사과시럽,폴란드산,타공급사 보유,확실,적재,아로니아농축액,새롬비앤에프,12000
조은푸드텍,양배추농축액(70),사과시럽,국내산,★공급사 미상 → 후보,확실,적재,양배추농축액,공급사 미상(source21),24000
조은푸드텍,양배추농축액(70),사과시럽,국내산,★공급사 미상 → 후보,확실,적재,양배추농축액,공급사 미상(source21),19000
조은푸드텍,양배추농축액(70),사과시럽,국내산,타공급사 보유,확실,적재,양배추농축액,해찬솔,24000
조은푸드텍,양배추농축액(70),사과시럽,국내산,타공급사 보유,확실,적재,양배추농축액,하이베이스,19000
조은푸드텍,엘더베리농축액(65),사과시럽,오스트리아산,★공급사 미상 → 후보,확실,적재,엘더베리(착즙)농축액(65브릭스),공급사 미상(source21),36000
조은푸드텍,엘더베리농축액(65),사과시럽,오스트리아산,타공급사 보유,확실,적재,엘더베리(착즙)농축액(65Brix),하이베이스,36000
조은푸드텍,여주농축액(60),사과시럽,베트남산,신규(DB에 없음),,적재,,,
조은푸드텍,열대과일농축액(65),사과시럽,,신규(DB에 없음),,적재,,,
조은푸드텍,열대혼합과일농축액(64),사과시럽,,신규(DB에 없음),,적재,,,
조은푸드텍,영지농축액(60),사과시럽,중국산,신규(DB에 없음),,적재,,,
조은푸드텍,오렌지농축액(60),사과시럽,브라질산,★공급사 미상 → 후보,확실,적재,오렌지농축액,공급사 미상(source21),11000
조은푸드텍,오렌지농축액(60),사과시럽,브라질산,타공급사 보유,확실,적재,오렌지농축액,하이베이스,11000
조은푸드텍,오렌지농축액(60),사과시럽,브라질산,★공급사 미상 → 후보,보통,적재,모로블러드오렌지농축액,공급사 미상(source21),9700
조은푸드텍,오렌지농축액(60),사과시럽,브라질산,타공급사 보유,보통,적재,모로블러드오렌지농축액,해찬솔,9700
조은푸드텍,유자농축액(65),사과시럽,국내산,신규(DB에 없음),,적재,,,
조은푸드텍,자두농축액(65),사과시럽,칠레산,신규(DB에 없음),,적재,,,
조은푸드텍,자색고구마페이스트(40),사과시럽,국내산,신규(DB에 없음),,적재,,,
조은푸드텍,적포도농축액(68),사과시럽,칠레산,★공급사 미상 → 후보,확실,적재,적포도농축액,공급사 미상(source21),6400
조은푸드텍,적포도농축액(68),사과시럽,칠레산,타공급사 보유,확실,적재,적포도농축액,해찬솔,6400
조은푸드텍,청포도농축액(68),사과시럽,미국산,신규(DB에 없음),,적재,,,
조은푸드텍,체리농축액(68),사과시럽,미국산,★공급사 미상 → 후보,높음,적재,타트체리농축액,공급사 미상(source21),4800
조은푸드텍,체리농축액(68),사과시럽,미국산,★공급사 미상 → 후보,높음,적재,타트체리농축액,공급사 미상(source21),6800
조은푸드텍,크랜베리농축액(50),사과시럽,칠레산,신규(DB에 없음),,적재,,,
조은푸드텍,키위농축액(65),사과시럽,뉴질랜드산,신규(DB에 없음),,적재,,,
조은푸드텍,토마토농축액(60),사과시럽,미국산,신규(DB에 없음),,적재,,,
조은푸드텍,파인애플농축액(60),사과시럽,태국산,신규(DB에 없음),,적재,,,
조은푸드텍,포도농축액(65),사과시럽,칠레산,★공급사 미상 → 후보,높음,적재,적포도농축액,공급사 미상(source21),6400
조은푸드텍,포도농축액(65),사과시럽,칠레산,타공급사 보유,높음,적재,적포도농축액,해찬솔,6400
조은푸드텍,푸룬농축액(65),사과시럽,미국산,신규(DB에 없음),,적재,,,
조은푸드텍,풋사과농축액(70),사과시럽,칠레산,★공급사 미상 → 후보,높음,적재,사과농축액,공급사 미상(source21),4400
조은푸드텍,풋사과농축액(70),사과시럽,칠레산,★공급사 미상 → 후보,높음,적재,사과농축액,공급사 미상(source21),5700
조은푸드텍,풋사과농축액(70),사과시럽,칠레산,타공급사 보유,높음,적재,사과 농축액,해찬솔,4400
조은푸드텍,풋사과농축액(70),사과시럽,칠레산,타공급사 보유,높음,적재,사과 농축액,해찬솔,5700
조은푸드텍,풋사과농축액(70),사과시럽,칠레산,타공급사 보유,높음,적재,사과 농축액,하이베이스,7500
조은푸드텍,호박농축액 (60),사과시럽,국내산,신규(DB에 없음),,적재,,,
조은푸드텍,"과채류, 농산물을 착즙,농축 과정을 거친후",농축과즙분말,Spray Dry를 이용,신규(DB에 없음),,적재,,,
조은푸드텍,품과 믹스하여 사용하는데 최적화된 제품입니,농축과즙분말,다.,신규(DB에 없음),,적재,,,
조은푸드텍,감귤농축분말,농축과즙분말,국내산,타공급사 보유,확실,적재,감귤 농축분말,해찬솔,15000
조은푸드텍,감귤농축분말,농축과즙분말,국내산,타공급사 보유,확실,적재,감귤 농축분말,새롬비앤에프,13000
조은푸드텍,고구마농축분말,농축과즙분말,국내산,신규(DB에 없음),,적재,,,
조은푸드텍,골드키위과즙분말,농축과즙분말,뉴질랜드산,타공급사 보유,높음,적재,키위과즙분말(고형분30%),하이베이스,27000
조은푸드텍,단호박농축분말,농축과즙분말,국내산,타공급사 보유,확실,적재,단호박농축분말,하이베이스,21000
조은푸드텍,당근추출분말,농축과즙분말,국내산,타공급사 보유,확실,적재,당근추출분말,하이베이스,460000
조은푸드텍,당근추출분말,농축과즙분말,국내산,타공급사 보유,확실,적재,당근추출분말,하이베이스,22000
조은푸드텍,딸기농축분말,농축과즙분말,"국내, 이스라엘산",타공급사 보유,확실,적재,딸기농축분말,올담식품,18000
조은푸드텍,라임농축분말,농축과즙분말,이탈리아산,신규(DB에 없음),,적재,,,
조은푸드텍,라즈베리추출분말,농축과즙분말,대만산,신규(DB에 없음),,적재,,,
조은푸드텍,레드자몽농축분말,농축과즙분말,미국산,신규(DB에 없음),,적재,,,
조은푸드텍,레몬과즙분말,농축과즙분말,미국산,신규(DB에 없음),,적재,,,
조은푸드텍,레몬농축분말,농축과즙분말,이스라엘산,신규(DB에 없음),,적재,,,
조은푸드텍,레몬엑기스분말,농축과즙분말,미국산,신규(DB에 없음),,적재,,,
조은푸드텍,리치과즙분말,농축과즙분말,"베트남, 중국산",신규(DB에 없음),,적재,,,
조은푸드텍,망고농축분말,농축과즙분말,필리핀산,신규(DB에 없음),,적재,,,
조은푸드텍,망고엑기스분말,농축과즙분말,이스라엘산,신규(DB에 없음),,적재,,,
조은푸드텍,매실과즙분말,농축과즙분말,국내산,신규(DB에 없음),,적재,,,
조은푸드텍,메론농축분말,농축과즙분말,국내산,신규(DB에 없음),,적재,,,
조은푸드텍,모과농축분말,농축과즙분말,국내산,신규(DB에 없음),,적재,,,
조은푸드텍,무화과농축분말,농축과즙분말,터키산,신규(DB에 없음),,적재,,,
조은푸드텍,바나나농축분말,믹스베리농축분말,필리핀산,신규(DB에 없음),,적재,,,
조은푸드텍,밤농축분말,믹스베리농축분말,국내산,신규(DB에 없음),,적재,,,
조은푸드텍,배농축분말,믹스베리농축분말,미국산,신규(DB에 없음),,적재,,,
조은푸드텍,복숭아엑기스분말,믹스베리농축분말,이스라엘산,신규(DB에 없음),,적재,,,
조은푸드텍,블러드오렌지과즙분말,믹스베리농축분말,이스라엘산,신규(DB에 없음),,적재,,,
조은푸드텍,브로콜리농축분말,믹스베리농축분말,국내산,신규(DB에 없음),,적재,,,
조은푸드텍,블루베리농축분말,믹스베리농축분말,미국산,★공급사 미상 → 후보,확실,적재,블루베리농축분말,공급사 미상(source21),24000
조은푸드텍,블루베리농축분말,믹스베리농축분말,미국산,타공급사 보유,확실,적재,"블루베리농축분말
(cos10817)",엘본에이치앤비,24000
조은푸드텍,블루베리농축분말,믹스베리농축분말,미국산,타공급사 보유,확실,적재,블루베리 농축분말,새롬비앤에프,23000
조은푸드텍,블루베리농축분말,믹스베리농축분말,미국산,타공급사 보유,확실,적재,블루베리 농축분말,해찬솔,15000
조은푸드텍,블루베리농축분말,믹스베리농축분말,미국산,타공급사 보유,확실,적재,블루베리 농축분말,새롬비앤에프,24000
조은푸드텍,블루베리농축분말,믹스베리농축분말,미국산,타공급사 보유,확실,적재,블루베리 농축분말,하이베이스,40000
조은푸드텍,사과과즙분말,믹스베리농축분말,국내산,타공급사 보유,확실,적재,사과과즙분말,하이베이스,14000
조은푸드텍,석류농축분말,믹스베리농축분말,"이란, 이스라엘산",신규(DB에 없음),,적재,,,
조은푸드텍,수박과즙분말,믹스베리농축분말,미국산,신규(DB에 없음),,적재,,,
조은푸드텍,아로니아농축분말,시트러스농축분말,폴란드산,타공급사 보유,확실,적재,아로니아농축분말,하이베이스,17000
조은푸드텍,아로니아농축분말,시트러스농축분말,폴란드산,타공급사 보유,확실,적재,아로니아농축분말,해찬솔,15500
조은푸드텍,양배추농축분말,시트러스농축분말,국내산,★공급사 미상 → 후보,확실,적재,양배추농축분말,공급사 미상(source21),32000
조은푸드텍,엘더베리농축분말,시트러스농축분말,오스트리아산,타공급사 보유,확실,적재,엘더베리농축분말,해찬솔,20000
조은푸드텍,오렌지농축분말,열대과일혼합농축분말,브라질산,★공급사 미상 → 후보,확실,적재,오렌지농축분말,공급사 미상(source21),15000
조은푸드텍,오렌지농축분말,열대과일혼합농축분말,브라질산,★공급사 미상 → 후보,확실,적재,오렌지농축분말,공급사 미상(source21),18000
조은푸드텍,오렌지농축분말,열대과일혼합농축분말,브라질산,타공급사 보유,확실,적재,오렌지농축분말,해찬솔,15000
조은푸드텍,오렌지농축분말,열대과일혼합농축분말,브라질산,타공급사 보유,확실,적재,오렌지농축분말,새롬비앤에프,15000
조은푸드텍,오렌지농축분말,열대과일혼합농축분말,브라질산,타공급사 보유,확실,적재,오렌지농축분말,하이베이스,18000
조은푸드텍,유자농축분말,열대과일혼합농축분말,국내산,신규(DB에 없음),,적재,,,
조은푸드텍,자두농축분말,열대과일혼합농축분말,칠레산,신규(DB에 없음),,적재,,,
조은푸드텍,자색고구마엑기스분말,열대과일혼합농축분말,국내산,신규(DB에 없음),,적재,,,
조은푸드텍,청포도과즙분말,열대과일혼합농축분말,미국산,★공급사 미상 → 후보,확실,적재,청포도과즙분말,공급사 미상(source21),22000
조은푸드텍,청포도과즙분말,열대과일혼합농축분말,미국산,타공급사 보유,확실,적재,청포도 과즙분말,하이베이스,22000
조은푸드텍,체리과즙분말,열대과일혼합농축분말,미국산,신규(DB에 없음),,적재,,,
조은푸드텍,크랜베리농축분말,열대과일혼합농축분말,칠레산,신규(DB에 없음),,적재,,,
조은푸드텍,키위추출분말,열대과일혼합농축분말,뉴질랜드산,신규(DB에 없음),,적재,,,
조은푸드텍,토마토농축분말,열대과일혼합농축분말,미국산,타공급사 보유,확실,적재,토마토농축분말,새롬비앤에프,20000
조은푸드텍,파인애플농축분말,열대과일혼합농축분말,태국산,신규(DB에 없음),,적재,,,
조은푸드텍,포도농축분말,열대과일혼합농축분말,"칠레산, 국내산",★공급사 미상 → 후보,높음,적재,청포도농축분말,공급사 미상(source21),15000
조은푸드텍,포도농축분말,열대과일혼합농축분말,"칠레산, 국내산",타공급사 보유,높음,적재,청포도 농축분말,해찬솔,15000
조은푸드텍,포도농축분말,열대과일혼합농축분말,"칠레산, 국내산",타공급사 보유,높음,적재,청포도 농축분말,새롬비앤에프,15000
조은푸드텍,푸룬농축분말,열대과일혼합농축분말,미국산,★공급사 미상 → 후보,확실,적재,푸룬농축분말,공급사 미상(source21),19000
조은푸드텍,푸룬농축분말,열대과일혼합농축분말,미국산,타공급사 보유,확실,적재,푸룬농축분말,하이베이스,6000
조은푸드텍,풋사과과즙분말,열대과일혼합농축분말,독일산,타공급사 보유,높음,적재,사과과즙분말,하이베이스,14000
조은푸드텍,호박엑기스분말,열대과일혼합농축분말,국내산,신규(DB에 없음),,적재,,,
조은푸드텍,과채류 및 농산물의 원물에서 추출해,식품향(천연향),서 얻어진 향으로 인위적이지 않고,신규(DB에 없음),,적재,,,
조은푸드텍,딸기향,Fruit,,★공급사 미상 → 후보,확실,적재,딸기향,공급사 미상(source21),11000
조은푸드텍,딸기향,Fruit,,타공급사 보유,보통,적재,딸기향분말,올담식품,19000
조은푸드텍,사과향,Fruit,,★공급사 미상 → 후보,확실,적재,사과향,공급사 미상(source21),45000
조은푸드텍,라임향,Fruit,,신규(DB에 없음),,적재,,,
조은푸드텍,오렌지향,Fruit,,신규(DB에 없음),,적재,,,
조은푸드텍,라즈베리향,Fruit,,신규(DB에 없음),,적재,,,
조은푸드텍,자몽향,Fruit,,신규(DB에 없음),,적재,,,
조은푸드텍,레몬향,Fruit,,★공급사 미상 → 후보,보통,적재,레몬향분말,공급사 미상(source21),25000
조은푸드텍,포도향,Fruit,,신규(DB에 없음),,적재,,,
조은푸드텍,감귤향,Fruit,,신규(DB에 없음),,적재,,,
조은푸드텍,블루베리향,Fruit,,신규(DB에 없음),,적재,,,
조은푸드텍,체리향,Fruit,,신규(DB에 없음),,적재,,,
조은푸드텍,파인애플향,Fruit,,신규(DB에 없음),,적재,,,
조은푸드텍,레몬라임향,Fruit,,신규(DB에 없음),,적재,,,
조은푸드텍,석류향,Fruit,,★공급사 미상 → 후보,보통,적재,석류향분말,공급사 미상(source21),24000
조은푸드텍,바나나향,Fruit,,신규(DB에 없음),,적재,,,
조은푸드텍,복숭아향,Fruit,,신규(DB에 없음),,적재,,,
조은푸드텍,파인향,Herb,,신규(DB에 없음),,적재,,,
조은푸드텍,유칼립투스향,Herb,,신규(DB에 없음),,적재,,,
조은푸드텍,라벤더향,Herb,,신규(DB에 없음),,적재,,,
조은푸드텍,자스민향,Herb,,신규(DB에 없음),,적재,,,
조은푸드텍,스페아민트향,Herb,,신규(DB에 없음),,적재,,,
조은푸드텍,로베지향,Herb,,신규(DB에 없음),,적재,,,
조은푸드텍,아니스향,Herb,,신규(DB에 없음),,적재,,,
조은푸드텍,페퍼민트향,Herb,,신규(DB에 없음),,적재,,,
조은푸드텍,녹차향,Herb,,신규(DB에 없음),,적재,,,
조은푸드텍,로즈마리향,Herb,,신규(DB에 없음),,적재,,,
조은푸드텍,오리가넘향,Herb,,신규(DB에 없음),,적재,,,
조은푸드텍,네롤리향,Herb,,신규(DB에 없음),,적재,,,
조은푸드텍,계피향,Spice,,신규(DB에 없음),,적재,,,
조은푸드텍,커피향,Spice,,타공급사 보유,보통,적재,커피향분말,올담식품,32000
조은푸드텍,마늘향,Spice,,신규(DB에 없음),,적재,,,
조은푸드텍,후추향,Spice,,신규(DB에 없음),,적재,,,
조은푸드텍,바닐라향,Spice,,신규(DB에 없음),,적재,,,
조은푸드텍,코리안더향(고수향),Spice,,신규(DB에 없음),,적재,,,
조은푸드텍,바질향,Spice,,신규(DB에 없음),,적재,,,
조은푸드텍,코냑향,Spice,,신규(DB에 없음),,적재,,,
조은푸드텍,생강향,Spice,,신규(DB에 없음),,적재,,,
조은푸드텍,파츌리향,Spice,,신규(DB에 없음),,적재,,,
조은푸드텍,스모크향,Spice,,신규(DB에 없음),,적재,,,
조은푸드텍,양파향,Spice,,신규(DB에 없음),,적재,,,
조은푸드텍,있으므로 세부사항은 담당 영,Spice,,신규(DB에 없음),,적재,,,
조은푸드텍,식품의 가공 과정에서 손실되는,식품향(액상),,신규(DB에 없음),,적재,,,
조은푸드텍,소비자의 기호에 맞춰 풍미를,식품향(액상),,신규(DB에 없음),,적재,,,
조은푸드텍,할을 합니다. 여러 조합을 통,식품향(액상),,신규(DB에 없음),,적재,,,
조은푸드텍,운 제품을 생산합니다.,식품향(액상),,신규(DB에 없음),,적재,,,
조은푸드텍,가쓰오부시향,식품향(액상),,신규(DB에 없음),,적재,,,
조은푸드텍,메론향,식품향(액상),,신규(DB에 없음),,적재,,,
조은푸드텍,간장향,식품향(액상),,신규(DB에 없음),,적재,,,
조은푸드텍,멘톨향,식품향(액상),,신규(DB에 없음),,적재,,,
조은푸드텍,갈비향,식품향(액상),,신규(DB에 없음),,적재,,,
조은푸드텍,모과향,식품향(액상),,신규(DB에 없음),,적재,,,
조은푸드텍,감귤향,식품향(액상),,신규(DB에 없음),,적재,,,
조은푸드텍,모카커피향,식품향(액상),,신규(DB에 없음),,적재,,,
조은푸드텍,게향,식품향(액상),,신규(DB에 없음),,적재,,,
조은푸드텍,모히또향,식품향(액상),,신규(DB에 없음),,적재,,,
조은푸드텍,계피향,식품향(액상),,신규(DB에 없음),,적재,,,
조은푸드텍,밀크향,식품향(액상),,신규(DB에 없음),,적재,,,
조은푸드텍,고구마향,식품향(액상),,타공급사 보유,높음,적재,고구마(자색),하이베이스,19000
조은푸드텍,바나나향,식품향(액상),,신규(DB에 없음),,적재,,,
조은푸드텍,녹차향,식품향(액상),,신규(DB에 없음),,적재,,,
조은푸드텍,바닐라향,식품향(액상),,신규(DB에 없음),,적재,,,
조은푸드텍,누룽지향,식품향(액상),,신규(DB에 없음),,적재,,,
조은푸드텍,바베큐향,식품향(액상),,신규(DB에 없음),,적재,,,
조은푸드텍,당근향,식품향(액상),,신규(DB에 없음),,적재,,,
조은푸드텍,박하향,식품향(액상),,신규(DB에 없음),,적재,,,
조은푸드텍,대추향,식품향(액상),,신규(DB에 없음),,적재,,,
조은푸드텍,밤향,식품향(액상),,신규(DB에 없음),,적재,,,
조은푸드텍,더덕향,식품향(액상),,신규(DB에 없음),,적재,,,
조은푸드텍,배향,식품향(액상),,신규(DB에 없음),,적재,,,
조은푸드텍,도라지향,식품향(액상),,신규(DB에 없음),,적재,,,
조은푸드텍,버터스카치향,식품향(액상),,신규(DB에 없음),,적재,,,
조은푸드텍,두유향,식품향(액상),,신규(DB에 없음),,적재,,,
조은푸드텍,버터향,식품향(액상),,신규(DB에 없음),,적재,,,
조은푸드텍,딸기향,식품향(액상),,★공급사 미상 → 후보,확실,적재,딸기향,공급사 미상(source21),11000
조은푸드텍,딸기향,식품향(액상),,타공급사 보유,보통,적재,딸기향분말,올담식품,19000
조은푸드텍,벌꿀향,식품향(액상),,신규(DB에 없음),,적재,,,
조은푸드텍,땅콩향,식품향(액상),,신규(DB에 없음),,적재,,,
조은푸드텍,복분자향,식품향(액상),,신규(DB에 없음),,적재,,,
조은푸드텍,라스베리향,식품향(액상),,신규(DB에 없음),,적재,,,
조은푸드텍,복숭아향,식품향(액상),,신규(DB에 없음),,적재,,,
조은푸드텍,라임향,식품향(액상),,신규(DB에 없음),,적재,,,
조은푸드텍,불고기향,식품향(액상),,신규(DB에 없음),,적재,,,
조은푸드텍,라즈베리향,식품향(액상),,신규(DB에 없음),,적재,,,
조은푸드텍,블루베리향,식품향(액상),,신규(DB에 없음),,적재,,,
조은푸드텍,레몬향,식품향(액상),,★공급사 미상 → 후보,보통,적재,레몬향분말,공급사 미상(source21),25000
조은푸드텍,비프향,식품향(액상),,신규(DB에 없음),,적재,,,
조은푸드텍,마늘향,식품향(액상),,신규(DB에 없음),,적재,,,
조은푸드텍,사과향,식품향(액상),,★공급사 미상 → 후보,확실,적재,사과향,공급사 미상(source21),45000
조은푸드텍,매실향,식품향(액상),,타공급사 보유,보통,적재,매실향분말,해찬솔,24000
조은푸드텍,매실향,식품향(액상),,타공급사 보유,보통,적재,매실향분말,새롬비앤에프,30000
조은푸드텍,사이다향,식품향(액상),,신규(DB에 없음),,적재,,,
조은푸드텍,수 있으므로 세부사항은 담당 영,식품향(액상),,신규(DB에 없음),,적재,,,
조은푸드텍,새우향,식품향(액상),,신규(DB에 없음),,적재,,,
조은푸드텍,참깨향,식품향(액상),,신규(DB에 없음),,적재,,,
조은푸드텍,생강향,식품향(액상),,신규(DB에 없음),,적재,,,
조은푸드텍,체리향,식품향(액상),,신규(DB에 없음),,적재,,,
조은푸드텍,석류향,식품향(액상),,★공급사 미상 → 후보,보통,적재,석류향분말,공급사 미상(source21),24000
조은푸드텍,쵸코렛향,식품향(액상),,신규(DB에 없음),,적재,,,
조은푸드텍,스모크향,식품향(액상),,신규(DB에 없음),,적재,,,
조은푸드텍,치즈향,식품향(액상),,신규(DB에 없음),,적재,,,
조은푸드텍,스피아민트향,식품향(액상),,신규(DB에 없음),,적재,,,
조은푸드텍,커피향,식품향(액상),,타공급사 보유,보통,적재,커피향분말,올담식품,32000
조은푸드텍,숯불향,식품향(액상),,신규(DB에 없음),,적재,,,
조은푸드텍,코코넛향,식품향(액상),,신규(DB에 없음),,적재,,,
조은푸드텍,아로니아향,식품향(액상),,신규(DB에 없음),,적재,,,
조은푸드텍,콜라향,식품향(액상),,신규(DB에 없음),,적재,,,
조은푸드텍,아사이베리향,식품향(액상),,신규(DB에 없음),,적재,,,
조은푸드텍,쿨링향,식품향(액상),,신규(DB에 없음),,적재,,,
조은푸드텍,알로에향,식품향(액상),,신규(DB에 없음),,적재,,,
조은푸드텍,크림향,식품향(액상),,신규(DB에 없음),,적재,,,
조은푸드텍,양파향,식품향(액상),,신규(DB에 없음),,적재,,,
조은푸드텍,키위향,식품향(액상),,신규(DB에 없음),,적재,,,
조은푸드텍,오렌지향,식품향(액상),,신규(DB에 없음),,적재,,,
조은푸드텍,토마토향,식품향(액상),,신규(DB에 없음),,적재,,,
조은푸드텍,오미자향,식품향(액상),,신규(DB에 없음),,적재,,,
조은푸드텍,파인애플향,식품향(액상),,신규(DB에 없음),,적재,,,
조은푸드텍,오이향,식품향(액상),,신규(DB에 없음),,적재,,,
조은푸드텍,팥향,식품향(액상),,신규(DB에 없음),,적재,,,
조은푸드텍,오징어향,식품향(액상),,신규(DB에 없음),,적재,,,
조은푸드텍,페퍼민트향,식품향(액상),,신규(DB에 없음),,적재,,,
조은푸드텍,옥수수향,식품향(액상),,신규(DB에 없음),,적재,,,
조은푸드텍,포도향,식품향(액상),,신규(DB에 없음),,적재,,,
조은푸드텍,와사비향,식품향(액상),,신규(DB에 없음),,적재,,,
조은푸드텍,피자향,식품향(액상),,신규(DB에 없음),,적재,,,
조은푸드텍,요구르트향,식품향(액상),,타공급사 보유,높음,적재,요구르트향분말,올담식품,20000
조은푸드텍,허브향,식품향(액상),,신규(DB에 없음),,적재,,,
조은푸드텍,유자향,식품향(액상),,타공급사 보유,보통,적재,유자향분말,해찬솔,24500
조은푸드텍,유자향,식품향(액상),,타공급사 보유,보통,적재,유자향분말,새롬비앤에프,25000
조은푸드텍,헤이젤넛향,식품향(액상),,신규(DB에 없음),,적재,,,
조은푸드텍,인삼향,식품향(액상),,신규(DB에 없음),,적재,,,
조은푸드텍,혼합과일향,식품향(액상),,신규(DB에 없음),,적재,,,
조은푸드텍,자두향,식품향(액상),,신규(DB에 없음),,적재,,,
조은푸드텍,홍삼향,식품향(액상),,신규(DB에 없음),,적재,,,
조은푸드텍,자몽향,식품향(액상),,신규(DB에 없음),,적재,,,
조은푸드텍,홍차향,식품향(액상),,신규(DB에 없음),,적재,,,
조은푸드텍,장미향,식품향(액상),,신규(DB에 없음),,적재,,,
조은푸드텍,후르츠믹스향,식품향(액상),,신규(DB에 없음),,적재,,,
조은푸드텍,액상향을 Spray Dry,식품향(분말),,신규(DB에 없음),,적재,,,
조은푸드텍,스하여 사용하기 편하게 만든 제,식품향(분말),,신규(DB에 없음),,적재,,,
조은푸드텍,과 내열성이 뛰어납니다.,식품향(분말),,신규(DB에 없음),,적재,,,
조은푸드텍,감귤향코톤,식품향(분말),,신규(DB에 없음),,적재,,,
조은푸드텍,메론향코톤,식품향(분말),,신규(DB에 없음),,적재,,,
조은푸드텍,감자향코톤,식품향(분말),,신규(DB에 없음),,적재,,,
조은푸드텍,메이플향코톤,식품향(분말),,신규(DB에 없음),,적재,,,
조은푸드텍,계피향코톤,식품향(분말),,신규(DB에 없음),,적재,,,
조은푸드텍,멘톨향코톤,식품향(분말),,신규(DB에 없음),,적재,,,
조은푸드텍,고구마향코톤,식품향(분말),,타공급사 보유,보통,적재,고구마(자색),하이베이스,19000
조은푸드텍,모과향코톤,식품향(분말),,신규(DB에 없음),,적재,,,
조은푸드텍,골드키위향코톤,식품향(분말),,신규(DB에 없음),,적재,,,
조은푸드텍,믹스후르츠향코톤,식품향(분말),,신규(DB에 없음),,적재,,,
조은푸드텍,국화향코톤,식품향(분말),,신규(DB에 없음),,적재,,,
조은푸드텍,민트향코톤,식품향(분말),,신규(DB에 없음),,적재,,,
조은푸드텍,꿀향코톤,식품향(분말),,신규(DB에 없음),,적재,,,
조은푸드텍,민트초코향코톤,식품향(분말),,신규(DB에 없음),,적재,,,
조은푸드텍,넛트향코톤,식품향(분말),,신규(DB에 없음),,적재,,,
조은푸드텍,밀크향코톤,식품향(분말),,신규(DB에 없음),,적재,,,
조은푸드텍,녹차라떼향코톤,식품향(분말),,신규(DB에 없음),,적재,,,
조은푸드텍,바나나우유맛향코톤,식품향(분말),,신규(DB에 없음),,적재,,,
조은푸드텍,녹차향코톤,식품향(분말),,신규(DB에 없음),,적재,,,
조은푸드텍,바나나향코톤,식품향(분말),,신규(DB에 없음),,적재,,,
조은푸드텍,누룽지향코톤,식품향(분말),,신규(DB에 없음),,적재,,,
조은푸드텍,바닐라향코톤,식품향(분말),,신규(DB에 없음),,적재,,,
조은푸드텍,다크체리향코톤,식품향(분말),,신규(DB에 없음),,적재,,,
조은푸드텍,박하향코톤,식품향(분말),,신규(DB에 없음),,적재,,,
조은푸드텍,단호박향코톤,식품향(분말),,신규(DB에 없음),,적재,,,
조은푸드텍,버터스카치향코톤,식품향(분말),,신규(DB에 없음),,적재,,,
조은푸드텍,대두향코톤,식품향(분말),,신규(DB에 없음),,적재,,,
조은푸드텍,버터향코톤,식품향(분말),,신규(DB에 없음),,적재,,,
조은푸드텍,대추향코톤,식품향(분말),,신규(DB에 없음),,적재,,,
조은푸드텍,벚꽃향코톤,식품향(분말),,신규(DB에 없음),,적재,,,
조은푸드텍,당근향코톤,식품향(분말),,신규(DB에 없음),,적재,,,
조은푸드텍,베이컨향코톤,식품향(분말),,신규(DB에 없음),,적재,,,
조은푸드텍,도라지향코톤,식품향(분말),,신규(DB에 없음),,적재,,,
조은푸드텍,복숭아향코톤,식품향(분말),,신규(DB에 없음),,적재,,,
조은푸드텍,둥글레향 코톤,식품향(분말),,신규(DB에 없음),,적재,,,
조은푸드텍,블루베리향코톤,식품향(분말),,신규(DB에 없음),,적재,,,
조은푸드텍,드링크향코톤,식품향(분말),,신규(DB에 없음),,적재,,,
조은푸드텍,사과향코톤,식품향(분말),,★공급사 미상 → 후보,보통,적재,사과향,공급사 미상(source21),45000
조은푸드텍,딸기향코톤,식품향(분말),,★공급사 미상 → 후보,보통,적재,딸기향,공급사 미상(source21),11000
조은푸드텍,사이다향 코톤,식품향(분말),,신규(DB에 없음),,적재,,,
조은푸드텍,땅콩향코톤,식품향(분말),,신규(DB에 없음),,적재,,,
조은푸드텍,산딸기향코톤,식품향(분말),,★공급사 미상 → 후보,보통,적재,딸기향,공급사 미상(source21),11000
조은푸드텍,라즈베리향코톤,식품향(분말),,신규(DB에 없음),,적재,,,
조은푸드텍,살구향코톤,식품향(분말),,신규(DB에 없음),,적재,,,
조은푸드텍,레몬라임향코톤,식품향(분말),,신규(DB에 없음),,적재,,,
조은푸드텍,새우향코톤,식품향(분말),,신규(DB에 없음),,적재,,,
조은푸드텍,레몬향코톤,식품향(분말),,신규(DB에 없음),,적재,,,
조은푸드텍,생강향코톤,식품향(분말),,신규(DB에 없음),,적재,,,
조은푸드텍,로즈마리향코톤,식품향(분말),,신규(DB에 없음),,적재,,,
조은푸드텍,석류향코톤,식품향(분말),,신규(DB에 없음),,적재,,,
조은푸드텍,리치향코톤,식품향(분말),,신규(DB에 없음),,적재,,,
조은푸드텍,소다향코톤,식품향(분말),,신규(DB에 없음),,적재,,,
조은푸드텍,마늘향코톤,식품향(분말),,신규(DB에 없음),,적재,,,
조은푸드텍,수박향코톤,식품향(분말),,신규(DB에 없음),,적재,,,
조은푸드텍,마시멜로향코톤,식품향(분말),,신규(DB에 없음),,적재,,,
조은푸드텍,슈크림향코톤,식품향(분말),,신규(DB에 없음),,적재,,,
조은푸드텍,마스카폰치즈향코톤,식품향(분말),,신규(DB에 없음),,적재,,,
조은푸드텍,스피아민트향코톤,식품향(분말),,신규(DB에 없음),,적재,,,
조은푸드텍,마태차향코톤,식품향(분말),,신규(DB에 없음),,적재,,,
조은푸드텍,쌍화향코톤,식품향(분말),,신규(DB에 없음),,적재,,,
조은푸드텍,망고향코톤,식품향(분말),,신규(DB에 없음),,적재,,,
조은푸드텍,씨리얼향코톤,식품향(분말),,신규(DB에 없음),,적재,,,
조은푸드텍,망고스틴향코톤,식품향(분말),,신규(DB에 없음),,적재,,,
조은푸드텍,아로니아향코톤,식품향(분말),,신규(DB에 없음),,적재,,,
조은푸드텍,매실향코톤,식품향(분말),,신규(DB에 없음),,적재,,,
조은푸드텍,아몬드향코톤,식품향(분말),,신규(DB에 없음),,적재,,,
조은푸드텍,아사이베리향코톤,식품향(분말),,신규(DB에 없음),,적재,,,
조은푸드텍,커피향코톤,식품향(분말),,신규(DB에 없음),,적재,,,
조은푸드텍,아세로라향코톤,식품향(분말),,신규(DB에 없음),,적재,,,
조은푸드텍,코코아향코톤,식품향(분말),,신규(DB에 없음),,적재,,,
조은푸드텍,아카시아향코톤,식품향(분말),,신규(DB에 없음),,적재,,,
조은푸드텍,콜라향코톤,식품향(분말),,신규(DB에 없음),,적재,,,
조은푸드텍,야채향코톤,식품향(분말),,신규(DB에 없음),,적재,,,
조은푸드텍,콩향코톤,식품향(분말),,신규(DB에 없음),,적재,,,
조은푸드텍,얼그레이향코톤,식품향(분말),,신규(DB에 없음),,적재,,,
조은푸드텍,쿠키향코톤,식품향(분말),,신규(DB에 없음),,적재,,,
조은푸드텍,열대과일향코톤,식품향(분말),,신규(DB에 없음),,적재,,,
조은푸드텍,쿨링향코톤,식품향(분말),,신규(DB에 없음),,적재,,,
조은푸드텍,영지향코톤,식품향(분말),,신규(DB에 없음),,적재,,,
조은푸드텍,크림소다향분말,식품향(분말),,신규(DB에 없음),,적재,,,
조은푸드텍,오렌지향코톤,식품향(분말),,신규(DB에 없음),,적재,,,
조은푸드텍,키위향코톤,식품향(분말),,신규(DB에 없음),,적재,,,
조은푸드텍,오미자향코톤,식품향(분말),,신규(DB에 없음),,적재,,,
조은푸드텍,타로향코톤,식품향(분말),,신규(DB에 없음),,적재,,,
조은푸드텍,옥수수향코톤,식품향(분말),,신규(DB에 없음),,적재,,,
조은푸드텍,토마토향코톤,식품향(분말),,신규(DB에 없음),,적재,,,
조은푸드텍,와인향코톤,식품향(분말),,신규(DB에 없음),,적재,,,
조은푸드텍,토피넛향코톤,식품향(분말),,신규(DB에 없음),,적재,,,
조은푸드텍,요구르트향코톤,식품향(분말),,신규(DB에 없음),,적재,,,
조은푸드텍,튜티후르티향코톤,식품향(분말),,신규(DB에 없음),,적재,,,
조은푸드텍,유자향코톤,식품향(분말),,신규(DB에 없음),,적재,,,
조은푸드텍,파인애플향코톤,식품향(분말),,신규(DB에 없음),,적재,,,
조은푸드텍,유칼립투스향코톤,식품향(분말),,신규(DB에 없음),,적재,,,
조은푸드텍,파파야향코톤,식품향(분말),,신규(DB에 없음),,적재,,,
조은푸드텍,인삼향코톤,식품향(분말),,신규(DB에 없음),,적재,,,
조은푸드텍,팥향코톤,식품향(분말),,신규(DB에 없음),,적재,,,
조은푸드텍,자두향코톤,식품향(분말),,신규(DB에 없음),,적재,,,
조은푸드텍,페퍼민트향코톤,식품향(분말),,신규(DB에 없음),,적재,,,
조은푸드텍,장미향코톤,식품향(분말),,신규(DB에 없음),,적재,,,
조은푸드텍,패션후르츠향코톤,식품향(분말),,신규(DB에 없음),,적재,,,
조은푸드텍,참깨향코톤,식품향(분말),,신규(DB에 없음),,적재,,,
조은푸드텍,포도향코톤,식품향(분말),,신규(DB에 없음),,적재,,,
조은푸드텍,참다래향코톤,식품향(분말),,신규(DB에 없음),,적재,,,
조은푸드텍,피스타치오향코톤,식품향(분말),,신규(DB에 없음),,적재,,,
조은푸드텍,청사과향코톤,식품향(분말),,★공급사 미상 → 후보,보통,적재,사과향,공급사 미상(source21),45000
조은푸드텍,피타야향코톤,식품향(분말),,신규(DB에 없음),,적재,,,
조은푸드텍,청포도향코톤,식품향(분말),,신규(DB에 없음),,적재,,,
조은푸드텍,한라봉향코톤,식품향(분말),,신규(DB에 없음),,적재,,,
조은푸드텍,체다치즈향코톤,식품향(분말),,신규(DB에 없음),,적재,,,
조은푸드텍,헤이즐넛향분말,식품향(분말),,신규(DB에 없음),,적재,,,
조은푸드텍,체리향코톤,식품향(분말),,신규(DB에 없음),,적재,,,
조은푸드텍,헤이즐넛향코톤,식품향(분말),,신규(DB에 없음),,적재,,,
조은푸드텍,초코렛향코톤,식품향(분말),,신규(DB에 없음),,적재,,,
조은푸드텍,호두향코톤,식품향(분말),,신규(DB에 없음),,적재,,,
조은푸드텍,치즈향코톤,식품향(분말),,신규(DB에 없음),,적재,,,
조은푸드텍,호박향코톤,식품향(분말),,신규(DB에 없음),,적재,,,
조은푸드텍,치킨향코톤,식품향(분말),,신규(DB에 없음),,적재,,,
조은푸드텍,홍삼향코톤,식품향(분말),,신규(DB에 없음),,적재,,,
조은푸드텍,카라멜향코톤,식품향(분말),,신규(DB에 없음),,적재,,,
조은푸드텍,홍차향코톤,식품향(분말),,신규(DB에 없음),,적재,,,
조은푸드텍,카스타드향코톤,식품향(분말),,신규(DB에 없음),,적재,,,
조은푸드텍,화이트초코렛향코톤,식품향(분말),,신규(DB에 없음),,적재,,,
조은푸드텍,카카오향코톤,식품향(분말),,신규(DB에 없음),,적재,,,
조은푸드텍,흑설탕향코톤,식품향(분말),,신규(DB에 없음),,적재,,,
조은푸드텍,카푸치노향코톤,식품향(분말),,신규(DB에 없음),,적재,,,
조은푸드텍,히비스커스향코톤,식품향(분말),,신규(DB에 없음),,적재,,,
조은푸드텍,수 있으므로 세부사항은 담당 영,칼라만시향코톤,,신규(DB에 없음),,적재,,,
조은푸드텍,양질의 한방원료와 HACC,한방농축액,,신규(DB에 없음),,적재,,,
조은푸드텍,여 한방의 깊은 맛을 그대로 구,한방농축액,,신규(DB에 없음),,적재,,,
조은푸드텍,다. 원료 특성을 고려한,한방농축액,,신규(DB에 없음),,적재,,,
조은푸드텍,맛이 최대한 보전되도록 하였습니,한방농축액,,신규(DB에 없음),,적재,,,
조은푸드텍,감초농축액(60),한방농축액,우즈벡산,신규(DB에 없음),,적재,,,
조은푸드텍,감초엑스(55),한방농축액,중국산,★공급사 미상 → 후보,보통,적재,감초(원물),공급사 미상(source21),50000
조은푸드텍,감초엑스(55),한방농축액,중국산,★공급사 미상 → 후보,보통,적재,감초(원물)(우즈베키스탄),공급사 미상(source21),14000
조은푸드텍,강황농축액(60),한방농축액,인도산,신규(DB에 없음),,적재,,,
조은푸드텍,계피농축액(55),한방농축액,베트남산,신규(DB에 없음),,적재,,,
조은푸드텍,고추엑스(50),한방농축액,국내산,신규(DB에 없음),,적재,,,
조은푸드텍,꾸지뽕잎농축액(60),한방농축액,국내산,신규(DB에 없음),,적재,,,
조은푸드텍,녹차엑스(60),한방농축액,국내산,신규(DB에 없음),,적재,,,
조은푸드텍,당귀농축액(60),한방농축액,국내산,★공급사 미상 → 후보,확실,적재,당귀농축액,공급사 미상(source21),21000
조은푸드텍,당귀농축액(60),한방농축액,국내산,타공급사 보유,확실,적재,당귀농축액,해찬솔,21000
조은푸드텍,대추농축액(60),한방농축액,국내산,★공급사 미상 → 후보,확실,적재,대추농축액,공급사 미상(source21),20000
조은푸드텍,도라지농축액(65),한방농축액,국내산,신규(DB에 없음),,적재,,,
조은푸드텍,둥굴레농축액(55),한방농축액,국내산,신규(DB에 없음),,적재,,,
조은푸드텍,민들레엑기스(60),한방농축액,국내산,신규(DB에 없음),,적재,,,
조은푸드텍,생강농축액(65),한방농축액,국내산,★공급사 미상 → 후보,확실,적재,생강농축액,공급사 미상(source21),53000
조은푸드텍,생강농축액(65),한방농축액,국내산,★공급사 미상 → 후보,확실,적재,생강농축액,공급사 미상(source21),9500
조은푸드텍,생강농축액(65),한방농축액,국내산,타공급사 보유,확실,적재,생강농축액,해찬솔,53000
조은푸드텍,생강농축액(65),한방농축액,국내산,타공급사 보유,확실,적재,생강농축액,해찬솔,9500
조은푸드텍,생강농축액(65),한방농축액,국내산,타공급사 보유,확실,적재,생강농축액(60Brix이상),하이베이스,29000
조은푸드텍,생강농축액(65),한방농축액,국내산,타공급사 보유,확실,적재,생강농축액,새롬비앤에프,42000
조은푸드텍,솔잎농축액(65),한방농축액,국내산,신규(DB에 없음),,적재,,,
조은푸드텍,식물혼합농축액(60),한방농축액,,신규(DB에 없음),,적재,,,
조은푸드텍,식물혼합농축액(65),한방농축액,중국산,신규(DB에 없음),,적재,,,
조은푸드텍,인진쑥농축액(60),한방농축액,국내산,타공급사 보유,보통,적재,쑥 농축액,새롬비앤에프,16000
조은푸드텍,작약농축액(60),한방농축액,국내산,신규(DB에 없음),,적재,,,
조은푸드텍,진피농축액(65),한방농축액,국내산,신규(DB에 없음),,적재,,,
조은푸드텍,창출농축액(60),한방농축액,중국산,신규(DB에 없음),,적재,,,
조은푸드텍,헛개나무열매농축액(65),한방농축액,중국산,★공급사 미상 → 후보,확실,적재,헛개나무열매농축액,공급사 미상(source21),78000
조은푸드텍,흑마늘농축액(50),한방농축액,국내산,신규(DB에 없음),,적재,,,
조은푸드텍,가시오가피추출분말,한방농축분말,국내산,★공급사 미상 → 후보,확실,적재,가시오가피추출분말,공급사 미상(source21),30000
조은푸드텍,감초농축분말,한방농축분말,중국산,타공급사 보유,확실,적재,감초농축분말,올담식품,17500
조은푸드텍,건칡농축분말,한방농축분말,국내산,타공급사 보유,높음,적재,칡농축분말,새롬비앤에프,25000
조은푸드텍,계피농축분말,한방농축분말,중국산,신규(DB에 없음),,적재,,,
조은푸드텍,구기자추출분말,한방농축분말,국내산,★공급사 미상 → 후보,확실,적재,구기자추출분말,공급사 미상(source21),30000
조은푸드텍,구기자추출분말,한방농축분말,국내산,★공급사 미상 → 후보,확실,적재,구기자추출분말,공급사 미상(source21),35000
조은푸드텍,구기자추출분말,한방농축분말,국내산,★공급사 미상 → 후보,확실,적재,구기자추출분말,공급사 미상(source21),29700
조은푸드텍,구기자추출분말,한방농축분말,국내산,타공급사 보유,확실,적재,구기자추출분말,해찬솔,30000
조은푸드텍,구기자추출분말,한방농축분말,국내산,타공급사 보유,확실,적재,구기자추출분말,하이베이스,35000
조은푸드텍,구기자추출분말,한방농축분말,국내산,타공급사 보유,확실,적재,구기자추출분말,선일에프앤씨,29700
조은푸드텍,구기자추출분말,한방농축분말,국내산,★공급사 미상 → 후보,높음,적재,발효구기자추출분말,공급사 미상(source21),32000
조은푸드텍,구기자추출분말,한방농축분말,국내산,타공급사 보유,높음,적재,발효구기자추출분말,해찬솔,32000
조은푸드텍,녹차농축분말,한방농축분말,국내산,신규(DB에 없음),,적재,,,
조은푸드텍,다시마농축분말,한방농축분말,국내산,신규(DB에 없음),,적재,,,
조은푸드텍,당귀농축분말,한방농축분말,국내산,신규(DB에 없음),,적재,,,
조은푸드텍,대추농축분말,한방농축분말,국내산,신규(DB에 없음),,적재,,,
조은푸드텍,도라지농축분말,한방농축분말,국내산,신규(DB에 없음),,적재,,,
조은푸드텍,민들레엑기스분말,한방농축분말,국내산,신규(DB에 없음),,적재,,,
조은푸드텍,생강농축분말,한방농축분말,국내산,신규(DB에 없음),,적재,,,
조은푸드텍,생칡분말,한방농축분말,국내산,신규(DB에 없음),,적재,,,
조은푸드텍,쇠뜨기농축분말,한방농축분말,국내산,신규(DB에 없음),,적재,,,
조은푸드텍,솔잎농축분말,한방농축분말,국내산,신규(DB에 없음),,적재,,,
조은푸드텍,여주농축분말,식물추출분말K,베트남산,신규(DB에 없음),,적재,,,
조은푸드텍,영지추출분말,식물추출분말K,국내산,신규(DB에 없음),,적재,,,
조은푸드텍,인진쑥농축분말,식물추출분말K,국내산,신규(DB에 없음),,적재,,,
조은푸드텍,작약농축분말,식물추출분말K,국내산,신규(DB에 없음),,적재,,,
조은푸드텍,진피엑기스분말,식물추출분말K,국내산,타공급사 보유,확실,적재,진피엑기스분말,해찬솔,23000
조은푸드텍,표고버섯농축분말,식물추출분말K,중국산,신규(DB에 없음),,적재,,,
조은푸드텍,헛개나무열매농축분말,식물추출분말K,중국산,★공급사 미상 → 후보,확실,적재,헛개나무열매농축분말,공급사 미상(source21),15000
조은푸드텍,헛개나무열매농축분말,식물추출분말K,중국산,★공급사 미상 → 후보,확실,적재,헛개나무열매농축분말,공급사 미상(source21),57000
조은푸드텍,홍차추출분말,혼합농축분말,독일산,★공급사 미상 → 후보,확실,적재,홍차추출분말(얼그레이),공급사 미상(source21),16000
조은푸드텍,홍차추출분말,혼합농축분말,독일산,★공급사 미상 → 후보,확실,적재,홍차추출분말(우바),공급사 미상(source21),45000
조은푸드텍,다양한 종류의 맛을 내기 위해 첨가,맛분말,"하는 제품으로 결정과당, 농축 및",신규(DB에 없음),,적재,,,
조은푸드텍,만든 제품입니다.,맛분말,,신규(DB에 없음),,적재,,,
조은푸드텍,감귤맛분말,맛분말,,신규(DB에 없음),,적재,,,
조은푸드텍,레몬홍차맛분말,맛분말,,신규(DB에 없음),,적재,,,
조은푸드텍,사과맛분말,맛분말,,신규(DB에 없음),,적재,,,
조은푸드텍,청포도맛분말,맛분말,,신규(DB에 없음),,적재,,,
조은푸드텍,계피맛분말,맛분말,,신규(DB에 없음),,적재,,,
조은푸드텍,망고맛분말,맛분말,,신규(DB에 없음),,적재,,,
조은푸드텍,생강맛분말,맛분말,,신규(DB에 없음),,적재,,,
조은푸드텍,체리맛분말,맛분말,,신규(DB에 없음),,적재,,,
조은푸드텍,고구마맛분말,맛분말,,타공급사 보유,보통,적재,고구마(자색),하이베이스,19000
조은푸드텍,매실맛분말,맛분말,,신규(DB에 없음),,적재,,,
조은푸드텍,석류맛분말,맛분말,,신규(DB에 없음),,적재,,,
조은푸드텍,초코렛맛분말,맛분말,,신규(DB에 없음),,적재,,,
조은푸드텍,골드키위맛분말,맛분말,,신규(DB에 없음),,적재,,,
조은푸드텍,메론맛분말,맛분말,,신규(DB에 없음),,적재,,,
조은푸드텍,솔잎맛분말,맛분말,,신규(DB에 없음),,적재,,,
조은푸드텍,커피맛분말,맛분말,,신규(DB에 없음),,적재,,,
조은푸드텍,녹차맛분말,맛분말,,신규(DB에 없음),,적재,,,
조은푸드텍,밀크맛분말,맛분말,,신규(DB에 없음),,적재,,,
조은푸드텍,수박맛분말,맛분말,,신규(DB에 없음),,적재,,,
조은푸드텍,코코아맛분말,맛분말,,타공급사 보유,확실,적재,코코아맛분말,올담식품,9500
조은푸드텍,누룽지맛분말,맛분말,,신규(DB에 없음),,적재,,,
조은푸드텍,바나나맛분말,맛분말,,신규(DB에 없음),,적재,,,
조은푸드텍,아로니아맛분말,맛분말,,신규(DB에 없음),,적재,,,
조은푸드텍,크랜베리맛분말,맛분말,,신규(DB에 없음),,적재,,,
조은푸드텍,딸기맛분말,맛분말,,신규(DB에 없음),,적재,,,
조은푸드텍,바닐라맛분말,맛분말,,신규(DB에 없음),,적재,,,
조은푸드텍,열대과일맛분말,맛분말,,신규(DB에 없음),,적재,,,
조은푸드텍,키위맛분말,맛분말,,신규(DB에 없음),,적재,,,
조은푸드텍,딸기바나나맛분말,맛분말,,신규(DB에 없음),,적재,,,
조은푸드텍,밤맛분말,맛분말,,신규(DB에 없음),,적재,,,
조은푸드텍,오렌지맛분말,맛분말,,신규(DB에 없음),,적재,,,
조은푸드텍,파인애플맛분말,맛분말,,신규(DB에 없음),,적재,,,
조은푸드텍,라임맛분말,맛분말,,신규(DB에 없음),,적재,,,
조은푸드텍,배맛분말,맛분말,,신규(DB에 없음),,적재,,,
조은푸드텍,요구르트맛분말,맛분말,,타공급사 보유,높음,적재,요구르트맛분말-1,올담식품,10000
조은푸드텍,포도맛분말,맛분말,,신규(DB에 없음),,적재,,,
조은푸드텍,라즈베리맛분말,맛분말,,신규(DB에 없음),,적재,,,
조은푸드텍,복숭아맛분말,맛분말,,신규(DB에 없음),,적재,,,
조은푸드텍,유자맛분말,맛분말,,신규(DB에 없음),,적재,,,
조은푸드텍,호박맛분말,맛분말,,신규(DB에 없음),,적재,,,
조은푸드텍,레몬라임맛분말,맛분말,,신규(DB에 없음),,적재,,,
조은푸드텍,복숭아홍차맛분말,맛분말,,신규(DB에 없음),,적재,,,
조은푸드텍,자두맛분말,맛분말,,신규(DB에 없음),,적재,,,
조은푸드텍,홍차맛분말,맛분말,,신규(DB에 없음),,적재,,,
조은푸드텍,레몬맛분말,맛분말,,신규(DB에 없음),,적재,,,
조은푸드텍,블루베리맛분말,맛분말,,신규(DB에 없음),,적재,,,
조은푸드텍,자몽맛분말,맛분말,,신규(DB에 없음),,적재,,,
조은푸드텍,가쓰오엑스,조미제품,,신규(DB에 없음),,적재,,,
조은푸드텍,매운양념분말,조미제품,,신규(DB에 없음),,적재,,,
조은푸드텍,비프시즈닝분말,조미제품,,신규(DB에 없음),,적재,,,
조은푸드텍,다시마엑스분말,조미제품,,신규(DB에 없음),,적재,,,
조은푸드텍,게엑스,조미제품,,신규(DB에 없음),,적재,,,
조은푸드텍,바베큐시즈닝,조미제품,,신규(DB에 없음),,적재,,,
조은푸드텍,쇠고기엑스분말,조미제품,,신규(DB에 없음),,적재,,,
조은푸드텍,블랙페퍼,조미제품,,신규(DB에 없음),,적재,,,
조은푸드텍,김치시즈닝,조미제품,,신규(DB에 없음),,적재,,,
조은푸드텍,바베큐시즈닝분말,조미제품,,신규(DB에 없음),,적재,,,
조은푸드텍,숯불갈비엑기스,조미제품,,신규(DB에 없음),,적재,,,
조은푸드텍,김치시즈닝분말,조미제품,,신규(DB에 없음),,적재,,,
조은푸드텍,베이컨씨즈닝분말,조미제품,,신규(DB에 없음),,적재,,,
조은푸드텍,염지-DL,조미제품,,신규(DB에 없음),,적재,,,
조은푸드텍,다시마엑스,조미제품,,신규(DB에 없음),,적재,,,
조은푸드텍,불갈비조미분말,조미제품,,신규(DB에 없음),,적재,,,
조은푸드텍,치즈씨즈닝분말,조미제품,,신규(DB에 없음),,적재,,,
조은푸드텍,그레이프스킨칼라,천연색소,,신규(DB에 없음),,적재,,,
조은푸드텍,치자적색소,천연색소,,신규(DB에 없음),,적재,,,
조은푸드텍,코치닐색소,천연색소,,신규(DB에 없음),,적재,,,
조은푸드텍,카라멜색소,천연색소,,신규(DB에 없음),,적재,,,
조은푸드텍,비트레드색소,천연색소,,신규(DB에 없음),,적재,,,
조은푸드텍,치자청색소,천연색소,,신규(DB에 없음),,적재,,,
조은푸드텍,홍국적색소,천연색소,,신규(DB에 없음),,적재,,,
조은푸드텍,적양배추색소,천연색소,,신규(DB에 없음),,적재,,,
조은푸드텍,비트루트쥬스파우더,천연색소,,신규(DB에 없음),,적재,,,
조은푸드텍,치자황색소,천연색소,,타공급사 보유,높음,적재,천연치자황색소,하이베이스,34000
조은푸드텍,홍화황색소,천연색소,,신규(DB에 없음),,적재,,,
조은푸드텍,지용성파프리카,천연색소,,신규(DB에 없음),,적재,,,
조은푸드텍,오징어먹물색소,천연색소,,신규(DB에 없음),,적재,,,
조은푸드텍,치차녹색소,천연색소,,신규(DB에 없음),,적재,,,
조은푸드텍,자색고구마색소,천연색소,,신규(DB에 없음),,적재,,,
조은푸드텍,포도과피추출색소,천연색소,,신규(DB에 없음),,적재,,,
대덕약업,곤약감자추출물,건강기능식품,일본,신규(DB에 없음),,적재,,,
대덕약업,프로폴리스추출물,건강기능식품,대만,★공급사 미상 → 후보,보통,적재,프로폴리스,공급사 미상(source21),90000
대덕약업,프로폴리스추출물,건강기능식품,대만,★공급사 미상 → 후보,보통,적재,프로폴리스,공급사 미상(source21),420000
대덕약업,프로폴리스추출물,건강기능식품,대만,타공급사 보유,보통,적재,(유기농) 프로폴리스,제일,650000
대덕약업,달맞이꽃종자추출물,건강기능식품,일본,신규(DB에 없음),,적재,,,
대덕약업,달맞이종자유,건강기능식품,뉴질랜드,신규(DB에 없음),,적재,,,
대덕약업,대두이소플라본(어글리콘33%),건강기능식품,일본,★공급사 미상 → 후보,확실,적재,대두이소플라본(바이오이소플라본)(건식),공급사 미상(source21),300000
대덕약업,대두이소플라본(어글리콘33%),건강기능식품,일본,★공급사 미상 → 후보,확실,적재,대두이소플라본(수용성이소플라본)(건식),공급사 미상(source21),350000
대덕약업,대두이소플라본(어글리콘33%),건강기능식품,일본,★공급사 미상 → 후보,확실,적재,대두이소플라본,공급사 미상(source21),105000
대덕약업,대두이소플라본(어글리콘33%),건강기능식품,일본,★공급사 미상 → 후보,확실,적재,대두이소플라본,공급사 미상(source21),240000
대덕약업,대두이소플라본(어글리콘33%),건강기능식품,일본,★공급사 미상 → 후보,확실,적재,대두이소플라본,공급사 미상(source21),460000
대덕약업,대두이소플라본(어글리콘33%),건강기능식품,일본,타공급사 보유,확실,적재,대두이소플라본(바이오이소플라본),현대바이오랜드,300000
대덕약업,대두이소플라본(어글리콘33%),건강기능식품,일본,타공급사 보유,확실,적재,대두이소플라본(수용성이소플라본),현대바이오랜드,350000
대덕약업,라피노스(라피노스98%),건강기능식품,일본,신규(DB에 없음),,적재,,,
대덕약업,보라지종자유,건강기능식품,뉴질랜드,신규(DB에 없음),,적재,,,
대덕약업,상어연골추출분말,건강기능식품,일본,★공급사 미상 → 후보,확실,적재,상어연골추출분말,공급사 미상(source21),75000
대덕약업,상어연골추출분말,건강기능식품,일본,타공급사 보유,확실,적재,상어연골추출분말(뮤코다당),하이베이스,75000
대덕약업,상어연골추출분말,건강기능식품,일본,★공급사 미상 → 후보,보통,적재,상어연골,공급사 미상(source21),48000
대덕약업,상어연골추출분말,건강기능식품,일본,★공급사 미상 → 후보,보통,적재,상어연골,공급사 미상(source21),35000
대덕약업,상어연골추출분말,건강기능식품,일본,타공급사 보유,보통,적재,상어연골,하이베이스,48000
대덕약업,상어연골추출분말,건강기능식품,일본,타공급사 보유,보통,적재,상어연골,하이베이스,35000
대덕약업,알콕시글리세롤함유상어간유,건강기능식품,아이슬란드,신규(DB에 없음),,적재,,,
대덕약업,알콕시글리세롤함유상어간유,건강기능식품,일본,신규(DB에 없음),,적재,,,
대덕약업,은행잎추출분말,건강기능식품,미국,★공급사 미상 → 후보,확실,적재,은행잎추출분말 24%,공급사 미상(source21),185000
대덕약업,포스파티딜세린,건강기능식품,이스라엘,타공급사 보유,확실,적재,포스파티딜세린,하이베이스,660000
대덕약업,포스파티딜세린,건강기능식품,이스라엘,★공급사 미상 → 후보,확실,적재,포스파티딜세린70%,공급사 미상(source21),590000
대덕약업,포스파티딜세린,건강기능식품,이스라엘,타공급사 보유,확실,적재,포스파티딜세린 70%,오앤컴퍼니,630000
대덕약업,포스파티딜세린,건강기능식품,이스라엘,타공급사 보유,확실,적재,포스파티딜세린(70%),ambe,379050
대덕약업,포스파티딜세린,건강기능식품,이스라엘,★공급사 미상 → 후보,높음,적재,포스파티딜세린분말,공급사 미상(source21),660000
대덕약업,포스파티딜세린,건강기능식품,이스라엘,★공급사 미상 → 후보,높음,적재,포스파티딜세린분말,공급사 미상(source21),500000
대덕약업,식물성 비타민 D3,건강기능식품,중국,타공급사 보유,보통,적재,비타민D3,하이베이스,60000
대덕약업,식물성 비타민 D3,건강기능식품,중국,타공급사 보유,보통,적재,비타민D3,하이베이스,71500
대덕약업,홍국분말(자연유래),건강기능식품,일본,타공급사 보유,확실,적재,홍국(모나콜린)분말,하이베이스,150000
대덕약업,홍국분말(자연유래),건강기능식품,일본,★공급사 미상 → 후보,보통,적재,홍국,공급사 미상(source21),170000
대덕약업,홍국분말(자연유래),건강기능식품,일본,★공급사 미상 → 후보,보통,적재,홍국,공급사 미상(source21),270000
대덕약업,동결건조로얄젤리분말,식품공전,대만,신규(DB에 없음),,적재,,,
대덕약업,동결건조로얄젤리분말,식품공전,대만,신규(DB에 없음),,적재,,,
대덕약업,건조 청주 효모,기타가공품,일본,신규(DB에 없음),,적재,,,
대덕약업,국화꽃추출물,기타가공품,일본,신규(DB에 없음),,적재,,,
대덕약업,굴추출분말,기타가공품,일본,신규(DB에 없음),,적재,,,
대덕약업,글루타민펩타이드(밀유래),기타가공품,일본,★공급사 미상 → 후보,보통,적재,글루타민,공급사 미상(source21),16000
대덕약업,두나리엘라 바디웰 분말,기타가공품,이스라엘,신규(DB에 없음),,적재,,,
대덕약업,마름과피추출물,기타가공품,일본,신규(DB에 없음),,적재,,,
대덕약업,발효보리추출분말(GABA90%),기타가공품,일본,신규(DB에 없음),,적재,,,
대덕약업,브로콜리추출분말 NMN,기타가공품,일본,★공급사 미상 → 후보,높음,적재,브로콜리추출분말,공급사 미상(source21),19000
대덕약업,브로콜리추출분말 NMN,기타가공품,일본,타공급사 보유,높음,적재,브로콜리추출분말,하이베이스,19000
대덕약업,SAC함유 마늘발효추출물,기타가공품,일본,신규(DB에 없음),,적재,,,
대덕약업,상엽추출물분말,기타가공품,일본,신규(DB에 없음),,적재,,,
대덕약업,시베리추출물,기타가공품,일본,신규(DB에 없음),,적재,,,
대덕약업,식물발효추출물,기타가공품,일본,신규(DB에 없음),,적재,,,
대덕약업,식물성유산균 사균체 분말 K-1,기타가공품,일본,신규(DB에 없음),,적재,,,
대덕약업,엔터로코커스 사균체분말(EC-12),기타가공품,일본,신규(DB에 없음),,적재,,,
대덕약업,미네락토 유산균 분말,기타가공품,일본,신규(DB에 없음),,적재,,,
대덕약업,아스코필란HS(노티드랙추출분말),기타가공품,일본,신규(DB에 없음),,적재,,,
대덕약업,아가리쿠스버섯분말,기타가공품,일본,신규(DB에 없음),,적재,,,
대덕약업,양송이 버섯추출분말,기타가공품,일본,신규(DB에 없음),,적재,,,
대덕약업,어골칼슘(칼슘 영양소),기타가공품,일본,★공급사 미상 → 후보,확실,적재,어골칼슘,공급사 미상(source21),38000
대덕약업,어골칼슘(칼슘 영양소),기타가공품,일본,타공급사 보유,확실,적재,어골칼슘,하이베이스,36000
대덕약업,어골칼슘(칼슘 영양소),기타가공품,일본,타공급사 보유,확실,적재,어골칼슘,제일,22000
대덕약업,어골칼슘(칼슘 영양소),기타가공품,일본,★공급사 미상 → 후보,보통,적재,칼슘(구연산),공급사 미상(source21),17000
대덕약업,어골칼슘(칼슘 영양소),기타가공품,일본,★공급사 미상 → 후보,보통,적재,칼슘(밀크칼슘),공급사 미상(source21),20000
대덕약업,어골칼슘(칼슘 영양소),기타가공품,일본,★공급사 미상 → 후보,보통,적재,칼슘(밀크칼슘),공급사 미상(source21),17000
대덕약업,어골칼슘(칼슘 영양소),기타가공품,일본,★공급사 미상 → 후보,보통,적재,칼슘(산호),공급사 미상(source21),20000
대덕약업,어골칼슘(칼슘 영양소),기타가공품,일본,★공급사 미상 → 후보,보통,적재,칼슘(산호),공급사 미상(source21),24000
대덕약업,어골칼슘(칼슘 영양소),기타가공품,일본,★공급사 미상 → 후보,보통,적재,칼슘(어골),공급사 미상(source21),38000
대덕약업,어골칼슘(칼슘 영양소),기타가공품,일본,★공급사 미상 → 후보,보통,적재,칼슘(탄산),공급사 미상(source21),2500
대덕약업,어골칼슘(칼슘 영양소),기타가공품,일본,★공급사 미상 → 후보,보통,적재,칼슘(해조),공급사 미상(source21),9500
대덕약업,연어이리추출물(DNA-Na),기타가공품,일본,신규(DB에 없음),,적재,,,
대덕약업,연어코연골추출분말,기타가공품,일본,신규(DB에 없음),,적재,,,
대덕약업,올리브열매 마스리닌산 분말,기타가공품,일본,신규(DB에 없음),,적재,,,
대덕약업,가다랑어엘라스틴 펩타이드,기타가공품,일본,신규(DB에 없음),,적재,,,
대덕약업,말 엘라스틴,기타가공품,일본,★공급사 미상 → 후보,높음,적재,엘라스틴,공급사 미상(source21),380000
대덕약업,말 엘라스틴,기타가공품,일본,★공급사 미상 → 후보,높음,적재,엘라스틴,공급사 미상(source21),270000
대덕약업,전칠삼추출분말,기타가공품,중국,신규(DB에 없음),,적재,,,
대덕약업,토마토종자추출부말,기타가공품,일본,신규(DB에 없음),,적재,,,
대덕약업,팽나무버섯추출물(키토글루칸),기타가공품,일본,신규(DB에 없음),,적재,,,
대덕약업,펜타데실함유 아우란오일,기타가공품,일본,신규(DB에 없음),,적재,,,
대덕약업,가리비 플라즈마로겐,기타가공품,일본,신규(DB에 없음),,적재,,,
대덕약업,멍게 플라즈마로겐,기타가공품,일본,신규(DB에 없음),,적재,,,
대덕약업,필발추출분말,기타가공품,일본,신규(DB에 없음),,적재,,,
대덕약업,후코이단,기타가공품,일본,★공급사 미상 → 후보,확실,적재,후코이단,공급사 미상(source21),600000
대덕약업,후코이단,기타가공품,일본,★공급사 미상 → 후보,확실,적재,후코이단(혜원),공급사 미상(source21),600000
대덕약업,후코이단,기타가공품,일본,★공급사 미상 → 후보,보통,적재,미역귀후코이단,공급사 미상(source21),600000
대덕약업,후코이단,기타가공품,일본,★공급사 미상 → 후보,보통,적재,다시마후코이단,공급사 미상(source21),500000
대덕약업,P-콘드로이친(돼지 연골 유래),기타가공품,덴마크,★공급사 미상 → 후보,높음,적재,콘드로이친(황산20%),공급사 미상(source21),83000
대덕약업,천연토코페롤분말(V-E 70%),식품첨가물,일본,★공급사 미상 → 후보,보통,적재,토코페롤(DA),공급사 미상(source21),93000
대덕약업,천연토코페롤분말(V-E 70%),식품첨가물,일본,★공급사 미상 → 후보,보통,적재,토코페롤(포도씨유),공급사 미상(source21),6500
대덕약업,헴철1%(천연철분1%),식품첨가물,일본,★공급사 미상 → 후보,확실,적재,헴철,공급사 미상(source21),135000
대덕약업,헴철1%(천연철분1%),식품첨가물,일본,★공급사 미상 → 후보,확실,적재,헴철,공급사 미상(source21),220000
대덕약업,헴철1%(천연철분1%),식품첨가물,일본,타공급사 보유,확실,적재,헴철,하이베이스,135000
대덕약업,헴철1%(천연철분1%),식품첨가물,일본,타공급사 보유,확실,적재,헴철,하이베이스,220000
대덕약업,"헴철2%(천연철분2%,수용성)",식품첨가물,일본,★공급사 미상 → 후보,확실,적재,헴철,공급사 미상(source21),135000
대덕약업,"헴철2%(천연철분2%,수용성)",식품첨가물,일본,★공급사 미상 → 후보,확실,적재,헴철,공급사 미상(source21),220000
대덕약업,"헴철2%(천연철분2%,수용성)",식품첨가물,일본,타공급사 보유,확실,적재,헴철,하이베이스,135000
대덕약업,"헴철2%(천연철분2%,수용성)",식품첨가물,일본,타공급사 보유,확실,적재,헴철,하이베이스,220000
대덕약업,글루콘산철,식품첨가물,미국,타공급사 보유,확실,적재,글루콘산철,제일,70000
대덕약업,글루콘산아연,식품첨가물,미국,타공급사 보유,확실,적재,글루콘산아연,태성,27000
대덕약업,글루콘산아연,식품첨가물,미국,타공급사 보유,확실,적재,글루콘산아연,태성,11000
대덕약업,글루콘산아연,식품첨가물,미국,★공급사 미상 → 후보,확실,적재,글루콘산 아연,공급사 미상(source21),29000
대덕약업,글루콘산아연,식품첨가물,미국,타공급사 보유,확실,적재,글루콘산아연,제일,20000
향림산업,조인시스트(구절초추출물),개별인정형 건기식원료,국내산,신규(DB에 없음),,적재,,,
향림산업,그린세라-F,개별인정형 건기식원료,국내산,신규(DB에 없음),,적재,,,
향림산업,포도블루베리추출혼합분말,개별인정형 건기식원료,프랑스,신규(DB에 없음),,적재,,,
향림산업,미숙여주주정추출분말,개별인정형 건기식원료,국내산,신규(DB에 없음),,적재,,,
향림산업,칸탈로프멜론추출물,개별인정형 건기식원료,국내산,신규(DB에 없음),,적재,,,
향림산업,시네트롤 (자몽추출물등 복합물),개별인정형 & 건기식 원료,프랑스,신규(DB에 없음),,적재,,,
향림산업,가르시니아 추출물,개별인정형 & 건기식 원료,인도,신규(DB에 없음),,적재,,,
향림산업,토날린 액상,개별인정형 & 건기식 원료,독일,신규(DB에 없음),,적재,,,
향림산업,대두이소플라본,개별인정형 & 건기식 원료,미국,★공급사 미상 → 후보,확실,적재,대두이소플라본(바이오이소플라본)(건식),공급사 미상(source21),300000
향림산업,대두이소플라본,개별인정형 & 건기식 원료,미국,★공급사 미상 → 후보,확실,적재,대두이소플라본(수용성이소플라본)(건식),공급사 미상(source21),350000
향림산업,대두이소플라본,개별인정형 & 건기식 원료,미국,★공급사 미상 → 후보,확실,적재,대두이소플라본,공급사 미상(source21),105000
향림산업,대두이소플라본,개별인정형 & 건기식 원료,미국,★공급사 미상 → 후보,확실,적재,대두이소플라본,공급사 미상(source21),240000
향림산업,대두이소플라본,개별인정형 & 건기식 원료,미국,★공급사 미상 → 후보,확실,적재,대두이소플라본,공급사 미상(source21),460000
향림산업,대두이소플라본,개별인정형 & 건기식 원료,미국,타공급사 보유,확실,적재,대두이소플라본(바이오이소플라본),현대바이오랜드,300000
향림산업,대두이소플라본,개별인정형 & 건기식 원료,미국,타공급사 보유,확실,적재,대두이소플라본(수용성이소플라본),현대바이오랜드,350000
향림산업,홍경천,개별인정형 & 건기식 원료,중국,★공급사 미상 → 후보,확실,적재,홍경천,공급사 미상(source21),330000
향림산업,홍경천,개별인정형 & 건기식 원료,중국,★공급사 미상 → 후보,보통,적재,홍경천추출물,공급사 미상(source21),380000
향림산업,홍경천,개별인정형 & 건기식 원료,중국,타공급사 보유,보통,적재,홍경천추출물,하이베이스,330000
향림산업,홍경천,개별인정형 & 건기식 원료,중국,타공급사 보유,보통,적재,홍경천추출물,삼오제약,295000
향림산업,해조칼슘,미네랄,영국(원물: 아이슬랜드),★공급사 미상 → 후보,확실,적재,해조칼슘,공급사 미상(source21),10000
향림산업,해조칼슘,미네랄,영국(원물: 아이슬랜드),타공급사 보유,확실,적재,해조칼슘,엘본에이치앤비,9800
향림산업,해조칼슘,미네랄,영국(원물: 아이슬랜드),타공급사 보유,확실,적재,해조칼슘,서호상사,11000
향림산업,해조칼슘,미네랄,영국(원물: 아이슬랜드),타공급사 보유,확실,적재,해조칼슘,하이베이스,26000
향림산업,해조칼슘,미네랄,영국(원물: 아이슬랜드),타공급사 보유,확실,적재,해조칼슘(아쿠아칼),하이베이스,11000
향림산업,해조칼슘,미네랄,영국(원물: 아이슬랜드),★공급사 미상 → 후보,보통,적재,칼슘(구연산),공급사 미상(source21),17000
향림산업,해조칼슘,미네랄,영국(원물: 아이슬랜드),★공급사 미상 → 후보,보통,적재,칼슘(밀크칼슘),공급사 미상(source21),20000
향림산업,해조칼슘,미네랄,영국(원물: 아이슬랜드),★공급사 미상 → 후보,보통,적재,칼슘(밀크칼슘),공급사 미상(source21),17000
향림산업,해조칼슘,미네랄,영국(원물: 아이슬랜드),★공급사 미상 → 후보,보통,적재,칼슘(산호),공급사 미상(source21),20000
향림산업,해조칼슘,미네랄,영국(원물: 아이슬랜드),★공급사 미상 → 후보,보통,적재,칼슘(산호),공급사 미상(source21),24000
향림산업,해조칼슘,미네랄,영국(원물: 아이슬랜드),★공급사 미상 → 후보,보통,적재,칼슘(어골),공급사 미상(source21),38000
향림산업,해조칼슘,미네랄,영국(원물: 아이슬랜드),★공급사 미상 → 후보,보통,적재,칼슘(탄산),공급사 미상(source21),2500
향림산업,해조칼슘,미네랄,영국(원물: 아이슬랜드),★공급사 미상 → 후보,보통,적재,칼슘(해조),공급사 미상(source21),9500
향림산업,아쿠아민마그네슘,미네랄,영국,신규(DB에 없음),,적재,,,
향림산업,산호칼슘,미네랄,미국,★공급사 미상 → 후보,보통,적재,칼슘(구연산),공급사 미상(source21),17000
향림산업,산호칼슘,미네랄,미국,★공급사 미상 → 후보,보통,적재,칼슘(밀크칼슘),공급사 미상(source21),20000
향림산업,산호칼슘,미네랄,미국,★공급사 미상 → 후보,보통,적재,칼슘(밀크칼슘),공급사 미상(source21),17000
향림산업,산호칼슘,미네랄,미국,★공급사 미상 → 후보,보통,적재,칼슘(산호),공급사 미상(source21),20000
향림산업,산호칼슘,미네랄,미국,★공급사 미상 → 후보,보통,적재,칼슘(산호),공급사 미상(source21),24000
향림산업,산호칼슘,미네랄,미국,★공급사 미상 → 후보,보통,적재,칼슘(어골),공급사 미상(source21),38000
향림산업,산호칼슘,미네랄,미국,★공급사 미상 → 후보,보통,적재,칼슘(탄산),공급사 미상(source21),2500
향림산업,산호칼슘,미네랄,미국,★공급사 미상 → 후보,보통,적재,칼슘(해조),공급사 미상(source21),9500
향림산업,피로인산제이철,미네랄,독일,신규(DB에 없음),,적재,,,
향림산업,조제스위트콘파우더,식품 & 단백질 원료,뉴질랜드,신규(DB에 없음),,적재,,,
향림산업,완두단백분말,식품 & 단백질 원료,독일,신규(DB에 없음),,적재,,,
향림산업,쌀단백분말,식품 & 단백질 원료,베트남,타공급사 보유,확실,적재,쌀단백분말,하이베이스,10000
향림산업,쌀단백분말,식품 & 단백질 원료,베트남,타공급사 보유,확실,적재,쌀단백분말,하이베이스,16000
향림산업,우유농축분말,식품 & 단백질 원료,독일,신규(DB에 없음),,적재,,,
향림산업,유청분말,식품 & 단백질 원료,독일,신규(DB에 없음),,적재,,,
향림산업,유기농아가베시럽,식품 원료,멕시코,★공급사 미상 → 후보,보통,적재,아가베시럽(유기농),공급사 미상(source21),15000
향림산업,미배아/현미배아발효추출물,식품 원료,국내산,타공급사 보유,보통,적재,현미배아발효추출물,바이오벤,190000
향림산업,대두레시틴(분말),식품 원료,인도,★공급사 미상 → 후보,높음,적재,대두레시틴분말,공급사 미상(source21),15000
향림산업,대두레시틴(분말),식품 원료,인도,★공급사 미상 → 후보,높음,적재,대두레시틴액상,공급사 미상(source21),4600
향림산업,대두레시틴(분말),식품 원료,인도,★공급사 미상 → 후보,보통,적재,대두레시틴추출분말,공급사 미상(source21),26000
향림산업,대두레시틴(분말),식품 원료,인도,타공급사 보유,보통,적재,대두레시틴 추출분말,하이베이스,26000
향림산업,과채발효효소분말,식품 원료,국내산,★공급사 미상 → 후보,보통,적재,효소분말(15곡),공급사 미상(source21),60000
향림산업,과채발효효소분말,식품 원료,국내산,★공급사 미상 → 후보,보통,적재,효소분말(6곡),공급사 미상(source21),55000
향림산업,과채발효효소분말,식품 원료,국내산,★공급사 미상 → 후보,보통,적재,효소분말(현미),공급사 미상(source21),60000
향림산업,과채발효효소분말,식품 원료,국내산,★공급사 미상 → 후보,보통,적재,효소분말(현미),공급사 미상(source21),52000
향림산업,맞춤형 효소 식품,식품 원료,국내산,신규(DB에 없음),,적재,,,
향림산업,비타민 A,비타민 & 바스프,"덴마크(분말), 독일(오일)",신규(DB에 없음),,적재,,,
향림산업,비타민 B2,비타민 & 바스프,국내산,타공급사 보유,확실,적재,비타민B2,하이베이스,95000
향림산업,비타민 B5,비타민 & 바스프,독일,타공급사 보유,확실,적재,비타민B5,하이베이스,50000
향림산업,비타민 B12,비타민 & 바스프,덴마크,타공급사 보유,확실,적재,비타민B12,하이베이스,138000
향림산업,비타민 B12,비타민 & 바스프,덴마크,타공급사 보유,확실,적재,비타민B12,엘본에이치앤비,92000
향림산업,비타민 B12,비타민 & 바스프,덴마크,타공급사 보유,확실,적재,비타민B12,하이베이스,5500
향림산업,비타민 B12,비타민 & 바스프,덴마크,타공급사 보유,높음,적재,비타민B1,하이베이스,55000
향림산업,비타민 D3,비타민 & 바스프,미국,타공급사 보유,확실,적재,비타민D3,하이베이스,60000
향림산업,비타민 D3,비타민 & 바스프,미국,타공급사 보유,확실,적재,비타민D3,하이베이스,71500
향림산업,비타민 E,오일 & 바스프,국내산,타공급사 보유,확실,적재,비타민E,하이베이스,24000
향림산업,비타민 E,오일 & 바스프,국내산,★공급사 미상 → 후보,보통,적재,비타민E 혼합제재,공급사 미상(source21),70000
향림산업,DHA 미세조류 오메가,오일 & 바스프,"독일(액상), 국내산(분말)",신규(DB에 없음),,적재,,,
향림산업,오메가 0525,오일 & 바스프,"독일(액상), 국내산(분말)",신규(DB에 없음),,적재,,,
향림산업,아라키돈산,오일 & 바스프,독일,신규(DB에 없음),,적재,,,
진성교역상사,OPN - 05 (오스테오폰틴),,덴마크산,신규(DB에 없음),,적재,,,
진성교역상사,ALPHA 20 (알파락트알부민),,덴마크산,신규(DB에 없음),,적재,,,
진성교역상사,QU - 8302 (MPI_분리유단백),,덴마크산,신규(DB에 없음),,적재,,,
진성교역상사,MM-0525BG (밀크칼슘),,덴마크산,신규(DB에 없음),,적재,,,
진성교역상사,CPP (Casein phosphopeptide),,"덴마크산, 프랑스산",신규(DB에 없음),,적재,,,
진성교역상사,WPH8010 (유청단백가수분해물),,덴마크산,신규(DB에 없음),,적재,,,
진성교역상사,일반 MPI (Miprodan 18),,덴마크산,신규(DB에 없음),,적재,,,
진성교역상사,GMP(글리코 메크로 펩타이드) 10,,덴마크산,신규(DB에 없음),,적재,,,
진성교역상사,MFGM-07 (유지방구막단백질),,덴마크산,신규(DB에 없음),,적재,,,
진성교역상사,Calcium Casein (Miprodan 40),,덴마크산,신규(DB에 없음),,적재,,,
진성교역상사,Micellar casein (분리유단백),,미국산,신규(DB에 없음),,적재,,,
진성교역상사,IWPI90 (인스턴트 분리유청단백),,미국산,신규(DB에 없음),,적재,,,
진성교역상사,IWPC80 (인스턴트 농축유청단백),,미국산,신규(DB에 없음),,적재,,,
진성교역상사,IWPH8503 (인스턴트 가수분해유청단백),,미국산,신규(DB에 없음),,적재,,,
진성교역상사,Probev90 (유청단백분말),,미국산,신규(DB에 없음),,적재,,,
진성교역상사,Hydrolyzed PRObev Agglomerated,,미국산,신규(DB에 없음),,적재,,,
진성교역상사,"PRObev Agglomerated,Instant PRObev Deoiled Sunflower",,미국산,신규(DB에 없음),,적재,,,
진성교역상사,Lactose (100mesh),,미국산,신규(DB에 없음),,적재,,,
진성교역상사,DWP90 (탈염유청단백),,아일랜드산,신규(DB에 없음),,적재,,,
진성교역상사,Rennet Casein,,아일랜드산,신규(DB에 없음),,적재,,,
진성교역상사,Sodium Caseinate (카제인나트륨),,아일랜드산,신규(DB에 없음),,적재,,,
진성교역상사,SMP 100% (탈지분유),,독일산,신규(DB에 없음),,적재,,,
진성교역상사,"SMP (혼합탈지분유) - 88/12, 85/15",,네덜란드산,신규(DB에 없음),,적재,,,
진성교역상사,WMP (전지분유),,"미국산, 뉴질랜드산",신규(DB에 없음),,적재,,,
진성교역상사,WPH (Pep2dia),,프랑스산,★공급사 미상 → 후보,확실,적재,WPH,공급사 미상(source21),23000
진성교역상사,WPH (Pep2dia),,프랑스산,타공급사 보유,확실,적재,WPH (가수분해유청단백),하이베이스,23000
진성교역상사,PRODIET 85B / 87B FLUID (미셀라 카제인),,프랑스산,신규(DB에 없음),,적재,,,
진성교역상사,Colostrum Powder,,"프랑스산, 미국산",신규(DB에 없음),,적재,,,
진성교역상사,CPP (Casein phospho peptide),,프랑스산,신규(DB에 없음),,적재,,,
진성교역상사,Lactium,,프랑스산,신규(DB에 없음),,적재,,,
진성교역상사,L-글루타민,,중국산,★공급사 미상 → 후보,보통,적재,글루타민,공급사 미상(source21),16000
진성교역상사,BCAA INSTANT POWDER,,중국산,★공급사 미상 → 후보,높음,적재,아미노산혼합물BCAA INSTANT POWDER,공급사 미상(source21),25000
진성교역상사,산양유단백분말,,국산,★공급사 미상 → 후보,확실,적재,산양유단백분말,공급사 미상(source21),38000
진성교역상사,산양유단백분말,,국산,타공급사 보유,확실,적재,산양유단백분말,태성,37000
진성교역상사,산양유단백분말,,국산,★공급사 미상 → 후보,확실,적재,산양유단백분말(네덜란드),공급사 미상(source21),35000
진성교역상사,산양유단백분말,,국산,타공급사 보유,높음,적재,산양유단백,담원인터내셔널,35000
진성교역상사,제3인산칼슘,,중국산,신규(DB에 없음),,적재,,,
진성교역상사,스위트콘,,태국산,신규(DB에 없음),,적재,,,
진성교역상사,건양파민스(3mm),,미국산,신규(DB에 없음),,적재,,,
진성교역상사,아몬드 프로틴 파우더,,미국산,신규(DB에 없음),,적재,,,
지큐바이오,홍경천 추출물,건강기능식품 원료,스페인,★공급사 미상 → 후보,확실,적재,홍경천추출물,공급사 미상(source21),380000
지큐바이오,홍경천 추출물,건강기능식품 원료,스페인,타공급사 보유,확실,적재,홍경천추출물,하이베이스,330000
지큐바이오,홍경천 추출물,건강기능식품 원료,스페인,타공급사 보유,확실,적재,홍경천추출물,삼오제약,295000
지큐바이오,홍경천 추출물,건강기능식품 원료,스페인,★공급사 미상 → 후보,보통,적재,홍경천,공급사 미상(source21),330000
지큐바이오,밀크씨슬추출분말,건강기능식품 원료,폴란드,타공급사 보유,보통,적재,밀크씨슬추출분말/실리마린50%,씨에스에프,105000
지큐바이오,밀크씨슬추출분말,건강기능식품 원료,폴란드,★공급사 미상 → 후보,보통,적재,밀크씨슬,공급사 미상(source21),98000
지큐바이오,밀크씨슬추출분말,건강기능식품 원료,폴란드,★공급사 미상 → 후보,보통,적재,밀크씨슬,공급사 미상(source21),72000
지큐바이오,밀크씨슬추출분말,건강기능식품 원료,폴란드,★공급사 미상 → 후보,보통,적재,밀크씨슬(유기농),공급사 미상(source21),390000
지큐바이오,밀크씨슬추출분말,건강기능식품 원료,폴란드,★공급사 미상 → 후보,보통,적재,밀크씨슬(유기농),공급사 미상(source21),450000
지큐바이오,밀크씨슬추출분말,건강기능식품 원료,폴란드,타공급사 보유,보통,적재,밀크씨슬(유기농밀크씨슬분말),태성,22000
지큐바이오,키토산(HD1P),건강기능식품 원료,태국,★공급사 미상 → 후보,확실,적재,키토산,공급사 미상(source21),45000
지큐바이오,키토산(HD1P),건강기능식품 원료,태국,타공급사 보유,확실,적재,키토산,제일,36000
지큐바이오,키토산(HD1P),건강기능식품 원료,태국,★공급사 미상 → 후보,보통,적재,키토산분말,공급사 미상(source21),58000
지큐바이오,"가르시니아 추출물(수용,불용성)",건강기능식품 원료,인도,신규(DB에 없음),,적재,,,
지큐바이오,유기농 가르시니아 추출물,건강기능식품 원료,인도,신규(DB에 없음),,적재,,,
지큐바이오,녹차 추출물,건강기능식품 원료,인도,★공급사 미상 → 후보,높음,적재,녹차추출물분말,공급사 미상(source21),100000
지큐바이오,녹차 추출물,건강기능식품 원료,인도,★공급사 미상 → 후보,높음,적재,녹차추출물분말,공급사 미상(source21),80000
지큐바이오,녹차 추출물,건강기능식품 원료,인도,★공급사 미상 → 후보,높음,적재,녹차추출물분말,공급사 미상(source21),77000
지큐바이오,녹차 추출물,건강기능식품 원료,인도,★공급사 미상 → 후보,높음,적재,녹차추출물분말,공급사 미상(source21),26000
지큐바이오,녹차 추출물,건강기능식품 원료,인도,★공급사 미상 → 후보,높음,적재,녹차추출물분말,공급사 미상(source21),27000
지큐바이오,옥타코사놀,건강기능식품 원료,중국 미국,★공급사 미상 → 후보,확실,적재,옥타코사놀,공급사 미상(source21),720000
지큐바이오,옥타코사놀,건강기능식품 원료,중국 미국,타공급사 보유,확실,적재,옥타코사놀 60%,제일,650000
지큐바이오,옥타코사놀,건강기능식품 원료,중국 미국,★공급사 미상 → 후보,보통,적재,옥타코사놀추출분말(60%),공급사 미상(source21),600000
지큐바이오,옥타코사놀,건강기능식품 원료,중국 미국,★공급사 미상 → 후보,보통,적재,옥타코사놀추출분말,공급사 미상(source21),110000
지큐바이오,스피루리나,건강기능식품 원료,인도,타공급사 보유,확실,적재,스피루리나,주영,42000
지큐바이오,스피루리나,건강기능식품 원료,인도,★공급사 미상 → 후보,높음,적재,블루스피루리나(일반분말),공급사 미상(source21),180000
지큐바이오,스피루리나,건강기능식품 원료,인도,타공급사 보유,높음,적재,스피루리나분말,화인컴퍼니,42000
지큐바이오,레몬껍질추출물(엽산5%),건강기능식품 원료,인도,타공급사 보유,확실,적재,레몬껍질추출물(엽산5%),선일에프앤씨,78000
지큐바이오,양송이버섯분말,건강기능식품 원료,미국,신규(DB에 없음),,적재,,,
지큐바이오,과립형 프락토올리고당,건강기능식품 원료,중국,★공급사 미상 → 후보,높음,적재,프락토올리고당,공급사 미상(source21),8000
지큐바이오,홍국분말,건강기능식품 원료,중국,타공급사 보유,확실,적재,홍국(모나콜린)분말,하이베이스,150000
지큐바이오,홍국분말,건강기능식품 원료,중국,★공급사 미상 → 후보,보통,적재,홍국,공급사 미상(source21),170000
지큐바이오,홍국분말,건강기능식품 원료,중국,★공급사 미상 → 후보,보통,적재,홍국,공급사 미상(source21),270000
지큐바이오,프로바이오틱스,건강기능식품 원료,이태리,신규(DB에 없음),,적재,,,
지큐바이오,구아검 가수분해물,건강기능식품 원료,인도,★공급사 미상 → 후보,확실,적재,구아검가수분해물,공급사 미상(source21),36000
지큐바이오,구아검 가수분해물,건강기능식품 원료,인도,타공급사 보유,확실,적재,구아검가수분해물,하이베이스,38000
지큐바이오,MSM,건강기능식품 원료,중국,★공급사 미상 → 후보,확실,적재,MSM,공급사 미상(source21),20000
지큐바이오,MSM,건강기능식품 원료,중국,★공급사 미상 → 후보,확실,적재,MSM(옵티),공급사 미상(source21),60000
지큐바이오,알로에전잎추출분말,건강기능식품 원료,인도,★공급사 미상 → 후보,확실,적재,알로에전잎추출분말,공급사 미상(source21),45000
지큐바이오,초유단백분말,일반식품 및 식품첨가물 원료,네덜란드,★공급사 미상 → 후보,확실,적재,초유단백분말,공급사 미상(source21),9000
지큐바이오,초유단백분말,일반식품 및 식품첨가물 원료,네덜란드,타공급사 보유,보통,적재,초유단백(IgG 20%),엘본에이치앤비,82000
지큐바이오,저분자콜라겐,일반식품 및 식품첨가물 원료,인도,★공급사 미상 → 후보,보통,적재,콜라겐(당근),공급사 미상(source21),70000
지큐바이오,저분자콜라겐,일반식품 및 식품첨가물 원료,인도,★공급사 미상 → 후보,보통,적재,콜라겐(비변성2형),공급사 미상(source21),7700000
지큐바이오,저분자콜라겐,일반식품 및 식품첨가물 원료,인도,★공급사 미상 → 후보,보통,적재,콜라겐(어린피쉬),공급사 미상(source21),36000
지큐바이오,저분자콜라겐,일반식품 및 식품첨가물 원료,인도,★공급사 미상 → 후보,보통,적재,콜라겐(어린피쉬),공급사 미상(source21),46000
지큐바이오,저분자콜라겐,일반식품 및 식품첨가물 원료,인도,★공급사 미상 → 후보,보통,적재,콜라겐(피쉬),공급사 미상(source21),24000
지큐바이오,저분자콜라겐,일반식품 및 식품첨가물 원료,인도,★공급사 미상 → 후보,보통,적재,콜라겐(피쉬),공급사 미상(source21),38000
지큐바이오,저분자콜라겐,일반식품 및 식품첨가물 원료,인도,★공급사 미상 → 후보,보통,적재,콜라겐(피쉬),공급사 미상(source21),29000
지큐바이오,저분자콜라겐,일반식품 및 식품첨가물 원료,인도,★공급사 미상 → 후보,보통,적재,콜라겐(피쉬),공급사 미상(source21),28000
지큐바이오,발효녹용,일반식품 및 식품첨가물 원료,국내제조,신규(DB에 없음),,적재,,,
지큐바이오,수용성 커큐민 추출물,일반식품 및 식품첨가물 원료,인도,신규(DB에 없음),,적재,,,
지큐바이오,유기농과일야채혼합분말,일반식품 및 식품첨가물 원료,미국,타공급사 보유,확실,적재,유기농과일야채혼합분말,하이베이스,82000
지큐바이오,유기농과일야채혼합분말,일반식품 및 식품첨가물 원료,미국,★공급사 미상 → 후보,확실,적재,유기농과일야채혼합분말,공급사 미상(source21),121000
지큐바이오,유기농과일야채혼합분말,일반식품 및 식품첨가물 원료,미국,타공급사 보유,높음,적재,과일야채혼합분말,하이베이스,84000
지큐바이오,유기농과일야채혼합분말,일반식품 및 식품첨가물 원료,미국,★공급사 미상 → 후보,보통,적재,야채혼합분말(과일),공급사 미상(source21),84000
지큐바이오,유기농베리혼합분말,일반식품 및 식품첨가물 원료,미국,타공급사 보유,확실,적재,유기농베리혼합분말,하이베이스,165000
지큐바이오,GQ-181,개별인정형 원료,,신규(DB에 없음),,적재,,,
지큐바이오,GQ-191,개별인정형 원료,,신규(DB에 없음),,적재,,,
지큐바이오,GQ-192,개별인정형 원료,,신규(DB에 없음),,적재,,,
지큐바이오,GQ-201,개별인정형 원료,,신규(DB에 없음),,적재,,,
지큐바이오,GQ-211,개별인정형 원료,,신규(DB에 없음),,적재,,,
지큐바이오,GQ-212,개별인정형 원료,,신규(DB에 없음),,적재,,,
비카인,모로오렌지 추출분말 (C3G 함유),과∙채가공품,폴란드,타공급사 보유,확실,리포트전용,모로오렌지추출분말,새롬비앤에프,15000
비카인,모로오렌지 추출분말 (C3G 함유),과∙채가공품,폴란드,타공급사 보유,확실,리포트전용,모로오렌지추출분말,하이베이스,55000
비카인,모로오렌지 추출분말 (C3G 함유),과∙채가공품,폴란드,타공급사 보유,확실,리포트전용,모로오렌지추출분말,하이베이스,18000
비카인,모로오렌지 추출분말 (C3G 함유),과∙채가공품,폴란드,타공급사 보유,확실,리포트전용,모로오렌지 추출분말,해찬솔,16500
비카인,모로오렌지 추출분말 (C3G 함유),과∙채가공품,폴란드,타공급사 보유,확실,리포트전용,모로오렌지 추출분말,하이베이스,55000
비카인,모로오렌지 추출분말 (C3G 함유),과∙채가공품,폴란드,타공급사 보유,확실,리포트전용,모로오렌지 추출분말,하이베이스,18000
비카인,모로오렌지 추출분말 (C3G 함유),과∙채가공품,폴란드,★공급사 미상 → 후보,확실,리포트전용,모로오렌지추출분말,공급사 미상(source21),17000
비카인,모로오렌지 추출분말 (C3G 함유),과∙채가공품,폴란드,타공급사 보유,보통,리포트전용,모로오렌지추출분말 hcs7565,엘본에이치앤비,16000
비카인,모로오렌지 추출분말 (C3G 함유),과∙채가공품,폴란드,★공급사 미상 → 후보,보통,리포트전용,모로오렌지,공급사 미상(source21),75000
비카인,모로오렌지 추출분말 (C3G 함유),과∙채가공품,폴란드,★공급사 미상 → 후보,보통,리포트전용,모로오렌지,공급사 미상(source21),16000
비카인,모로오렌지 추출분말 (C3G 함유),과∙채가공품,폴란드,★공급사 미상 → 후보,보통,리포트전용,모로오렌지,공급사 미상(source21),15000
비카인,모로오렌지 추출분말 (C3G 함유),과∙채가공품,폴란드,★공급사 미상 → 후보,보통,리포트전용,모로오렌지,공급사 미상(source21),55000
비카인,모로오렌지 추출분말 (C3G 함유),과∙채가공품,폴란드,★공급사 미상 → 후보,보통,리포트전용,모로오렌지,공급사 미상(source21),18000
마음,베르가못 추출분말 (베르가못 폴리페놀 0.38% 함유),식품첨가물,이탈리아,타공급사 보유,확실,리포트전용,베르가못추출분말,엔바이오텍,120000
마음,베르가못 추출분말 (베르가못 폴리페놀 0.38% 함유),식품첨가물,이탈리아,타공급사 보유,확실,리포트전용,베르가못추출분말,해찬솔,18000
"담원, 마음",락토페린농축물 (순도 100% 이상),식품첨가물,뉴질랜드,★공급사 미상 → 후보,확실,리포트전용,락토페린농축물,공급사 미상(source21),1300000
"담원, 마음",락토페린농축물 (순도 100% 이상),식품첨가물,뉴질랜드,★공급사 미상 → 후보,확실,리포트전용,락토페린농축물,공급사 미상(source21),980000
"담원, 마음",락토페린농축물 (순도 100% 이상),식품첨가물,뉴질랜드,★공급사 미상 → 후보,확실,리포트전용,락토페린농축물,공급사 미상(source21),3500000
"담원, 마음",락토페린농축물 (순도 100% 이상),식품첨가물,뉴질랜드,타공급사 보유,확실,리포트전용,락토페린 농축물,담원인터내셔널,1300000
"담원, 마음",락토페린농축물 (순도 100% 이상),식품첨가물,뉴질랜드,타공급사 보유,보통,리포트전용,락토페린,하이베이스,1200000
"담원, 마음",락토페린농축물 (순도 100% 이상),식품첨가물,뉴질랜드,★공급사 미상 → 후보,보통,리포트전용,락토페린 5kg,공급사 미상(source21),1250000
프라임에이치앤비,유기농 콤부차분말,고형차,영국,신규(DB에 없음),,리포트전용,,,
프라임에이치앤비,유기농 사과초모식초분말 (유기산 8% 함유),음료베이스 (분말제품),영국,★공급사 미상 → 후보,높음,리포트전용,사과초모식초분말,공급사 미상(source21),32000
프라임에이치앤비,유기농 ABC 쥬스분말,고형차,영국,신규(DB에 없음),,리포트전용,,,
프라임에이치앤비,유기농 ABC NFC 착즙쥬스,과∙채가공품,독일,신규(DB에 없음),,리포트전용,,,
프라임에이치앤비,유기농 로즈힙 쥬스분말 100%,과∙채가공품,영국,신규(DB에 없음),,리포트전용,,,
프라임헬스바이오,사과초모식초분말 (유기산 8% 함유),음료베이스 (분말제품),영국,★공급사 미상 → 후보,확실,리포트전용,사과초모식초분말,공급사 미상(source21),32000
비카인,로즈힙 추출분말,과∙채가공품,폴란드,★공급사 미상 → 후보,확실,리포트전용,로즈힙추출분말,공급사 미상(source21),20000
비카인,로즈힙 추출분말,과∙채가공품,폴란드,★공급사 미상 → 후보,확실,리포트전용,로즈힙추출분말,공급사 미상(source21),60000
비카인,로즈힙 추출분말,과∙채가공품,폴란드,타공급사 보유,확실,리포트전용,로즈힙추출분말,해찬솔,20000
비카인,로즈힙 추출분말,과∙채가공품,폴란드,타공급사 보유,확실,리포트전용,로즈힙추출분말,하이베이스,60000
비카인,로즈힙 추출분말,과∙채가공품,폴란드,타공급사 보유,확실,리포트전용,로즈힙 추출분말,해찬솔,20000
비카인,로즈힙 추출분말,과∙채가공품,폴란드,타공급사 보유,높음,리포트전용,유기농로즈힙추출분말,태성,38000
프라임에이치앤비,레몬버베나 추출분말,고형차,스페인산,신규(DB에 없음),,리포트전용,,,
담원인터내셔널,로즈힙 추출분말,과∙채가공품,폴란드,★공급사 미상 → 후보,확실,리포트전용,로즈힙추출분말,공급사 미상(source21),20000
담원인터내셔널,로즈힙 추출분말,과∙채가공품,폴란드,★공급사 미상 → 후보,확실,리포트전용,로즈힙추출분말,공급사 미상(source21),60000
담원인터내셔널,로즈힙 추출분말,과∙채가공품,폴란드,타공급사 보유,확실,리포트전용,로즈힙추출분말,해찬솔,20000
담원인터내셔널,로즈힙 추출분말,과∙채가공품,폴란드,타공급사 보유,확실,리포트전용,로즈힙추출분말,하이베이스,60000
담원인터내셔널,로즈힙 추출분말,과∙채가공품,폴란드,타공급사 보유,확실,리포트전용,로즈힙 추출분말,해찬솔,20000
담원인터내셔널,로즈힙 추출분말,과∙채가공품,폴란드,타공급사 보유,높음,리포트전용,유기농로즈힙추출분말,태성,38000
비카인,블러드오렌지 쥬스분말,과∙채가공품,폴란드,신규(DB에 없음),,리포트전용,,,
비카인,그린커피빈 추출분말,기타농산가공품,인도,★공급사 미상 → 후보,확실,리포트전용,그린커피빈추출분말,공급사 미상(source21),25000
비카인,그린커피빈 추출분말,기타농산가공품,인도,타공급사 보유,확실,리포트전용,그린커피빈추출분말,엔바이오텍,25000
비카인,그린커피빈 추출분말,기타농산가공품,인도,★공급사 미상 → 후보,보통,리포트전용,그린커피빈,공급사 미상(source21),600000
비카인,그린커피빈 추출분말,기타농산가공품,인도,★공급사 미상 → 후보,보통,리포트전용,그린커피빈,공급사 미상(source21),700000
비카인,레몬밤 추출물분말,고형차,폴란드,★공급사 미상 → 후보,높음,리포트전용,레몬 밤 추출물,공급사 미상(source21),150000
비카인,레몬밤 추출물분말,고형차,폴란드,★공급사 미상 → 후보,높음,리포트전용,레몬밤추출물,공급사 미상(source21),150000
비카인,레몬밤 추출물분말,고형차,폴란드,★공급사 미상 → 후보,높음,리포트전용,레몬밤추출물(일식원료),공급사 미상(source21),14000
(주)비카인,링곤베리 퓨레 추출분말,과∙채가공품,폴란드,신규(DB에 없음),,리포트전용,,,
프라임에이치앤비,L-글루타치온 효모추출물(L-글루타치온 98%),효모식품,인도,★공급사 미상 → 후보,높음,리포트전용,글루타치온(L)효모추출물,공급사 미상(source21),160000
비카인,L-글루타치온 효모추출물(L-글루타치온 50%),효모식품,인도,★공급사 미상 → 후보,높음,리포트전용,글루타치온(L)효모추출물,공급사 미상(source21),160000
(주)비카인,L-글루타치온 효모추출물 (순도 5%),효모식품,인도,★공급사 미상 → 후보,높음,리포트전용,글루타치온(L)효모추출물,공급사 미상(source21),160000
(주)비카인,로즈마리 추출분말 (Carnosic acid와 Carnosol의 합 15%),기타농산가공품,스페인,타공급사 보유,확실,리포트전용,로즈마리 추출분말,해찬솔,16000
(주)비카인,밀씨앗추출분말 (세라티크 세라마이드),곡류가공품,프랑스,신규(DB에 없음),,리포트전용,,,
마음,피쉬콜라겐 (300Da 이하),기타가공품,인도,타공급사 보유,확실,리포트전용,피쉬콜라겐,세일인터내셔널,42000
마음,피쉬콜라겐 (300Da 이하),기타가공품,인도,타공급사 보유,보통,리포트전용,저분자피쉬콜라겐,테이스트메이커코리아,34000
마음,피쉬콜라겐 (300Da 이하),기타가공품,인도,타공급사 보유,보통,리포트전용,저분자피쉬콜라겐,테이스트메이커코리아,32000
마음,피쉬콜라겐 (300Da 이하),기타가공품,인도,타공급사 보유,보통,리포트전용,저분자피쉬콜라겐,테이스트메이커코리아,29000
마음,피쉬콜라겐 (300Da 이하),기타가공품,인도,타공급사 보유,보통,리포트전용,저분자피쉬콜라겐,테이스트메이커코리아,27000
마음,피쉬콜라겐 (300Da 이하),기타가공품,인도,★공급사 미상 → 후보,보통,리포트전용,콜라겐(당근),공급사 미상(source21),70000
마음,피쉬콜라겐 (300Da 이하),기타가공품,인도,★공급사 미상 → 후보,보통,리포트전용,콜라겐(비변성2형),공급사 미상(source21),7700000
마음,피쉬콜라겐 (300Da 이하),기타가공품,인도,★공급사 미상 → 후보,보통,리포트전용,콜라겐(어린피쉬),공급사 미상(source21),36000
마음,피쉬콜라겐 (300Da 이하),기타가공품,인도,★공급사 미상 → 후보,보통,리포트전용,콜라겐(어린피쉬),공급사 미상(source21),46000
마음,피쉬콜라겐 (300Da 이하),기타가공품,인도,★공급사 미상 → 후보,보통,리포트전용,콜라겐(피쉬),공급사 미상(source21),24000
마음,피쉬콜라겐 (300Da 이하),기타가공품,인도,★공급사 미상 → 후보,보통,리포트전용,콜라겐(피쉬),공급사 미상(source21),38000
마음,피쉬콜라겐 (300Da 이하),기타가공품,인도,★공급사 미상 → 후보,보통,리포트전용,콜라겐(피쉬),공급사 미상(source21),29000
마음,피쉬콜라겐 (300Da 이하),기타가공품,인도,★공급사 미상 → 후보,보통,리포트전용,콜라겐(피쉬),공급사 미상(source21),28000
마음,피쉬콜라겐 (300Da 이하),기타가공품,인도,타공급사 보유,보통,리포트전용,피쉬콜라겐펩타이드,주영,55000
비카인,피쉬콜라겐 (500Da 이하),기타가공품 (살균제품),베트남,타공급사 보유,확실,리포트전용,피쉬콜라겐,세일인터내셔널,42000
비카인,피쉬콜라겐 (500Da 이하),기타가공품 (살균제품),베트남,타공급사 보유,보통,리포트전용,저분자피쉬콜라겐,테이스트메이커코리아,34000
비카인,피쉬콜라겐 (500Da 이하),기타가공품 (살균제품),베트남,타공급사 보유,보통,리포트전용,저분자피쉬콜라겐,테이스트메이커코리아,32000
비카인,피쉬콜라겐 (500Da 이하),기타가공품 (살균제품),베트남,타공급사 보유,보통,리포트전용,저분자피쉬콜라겐,테이스트메이커코리아,29000
비카인,피쉬콜라겐 (500Da 이하),기타가공품 (살균제품),베트남,타공급사 보유,보통,리포트전용,저분자피쉬콜라겐,테이스트메이커코리아,27000
비카인,피쉬콜라겐 (500Da 이하),기타가공품 (살균제품),베트남,★공급사 미상 → 후보,보통,리포트전용,콜라겐(당근),공급사 미상(source21),70000
비카인,피쉬콜라겐 (500Da 이하),기타가공품 (살균제품),베트남,★공급사 미상 → 후보,보통,리포트전용,콜라겐(비변성2형),공급사 미상(source21),7700000
비카인,피쉬콜라겐 (500Da 이하),기타가공품 (살균제품),베트남,★공급사 미상 → 후보,보통,리포트전용,콜라겐(어린피쉬),공급사 미상(source21),36000
비카인,피쉬콜라겐 (500Da 이하),기타가공품 (살균제품),베트남,★공급사 미상 → 후보,보통,리포트전용,콜라겐(어린피쉬),공급사 미상(source21),46000
비카인,피쉬콜라겐 (500Da 이하),기타가공품 (살균제품),베트남,★공급사 미상 → 후보,보통,리포트전용,콜라겐(피쉬),공급사 미상(source21),24000
비카인,피쉬콜라겐 (500Da 이하),기타가공품 (살균제품),베트남,★공급사 미상 → 후보,보통,리포트전용,콜라겐(피쉬),공급사 미상(source21),38000
비카인,피쉬콜라겐 (500Da 이하),기타가공품 (살균제품),베트남,★공급사 미상 → 후보,보통,리포트전용,콜라겐(피쉬),공급사 미상(source21),29000
비카인,피쉬콜라겐 (500Da 이하),기타가공품 (살균제품),베트남,★공급사 미상 → 후보,보통,리포트전용,콜라겐(피쉬),공급사 미상(source21),28000
비카인,피쉬콜라겐 (500Da 이하),기타가공품 (살균제품),베트남,타공급사 보유,보통,리포트전용,피쉬콜라겐펩타이드,주영,55000
비카인,피쉬콜라겐 (300Da 이하),기타가공품,중국,타공급사 보유,확실,리포트전용,피쉬콜라겐,세일인터내셔널,42000
비카인,피쉬콜라겐 (300Da 이하),기타가공품,중국,타공급사 보유,보통,리포트전용,저분자피쉬콜라겐,테이스트메이커코리아,34000
비카인,피쉬콜라겐 (300Da 이하),기타가공품,중국,타공급사 보유,보통,리포트전용,저분자피쉬콜라겐,테이스트메이커코리아,32000
비카인,피쉬콜라겐 (300Da 이하),기타가공품,중국,타공급사 보유,보통,리포트전용,저분자피쉬콜라겐,테이스트메이커코리아,29000
비카인,피쉬콜라겐 (300Da 이하),기타가공품,중국,타공급사 보유,보통,리포트전용,저분자피쉬콜라겐,테이스트메이커코리아,27000
비카인,피쉬콜라겐 (300Da 이하),기타가공품,중국,★공급사 미상 → 후보,보통,리포트전용,콜라겐(당근),공급사 미상(source21),70000
비카인,피쉬콜라겐 (300Da 이하),기타가공품,중국,★공급사 미상 → 후보,보통,리포트전용,콜라겐(비변성2형),공급사 미상(source21),7700000
비카인,피쉬콜라겐 (300Da 이하),기타가공품,중국,★공급사 미상 → 후보,보통,리포트전용,콜라겐(어린피쉬),공급사 미상(source21),36000
비카인,피쉬콜라겐 (300Da 이하),기타가공품,중국,★공급사 미상 → 후보,보통,리포트전용,콜라겐(어린피쉬),공급사 미상(source21),46000
비카인,피쉬콜라겐 (300Da 이하),기타가공품,중국,★공급사 미상 → 후보,보통,리포트전용,콜라겐(피쉬),공급사 미상(source21),24000
비카인,피쉬콜라겐 (300Da 이하),기타가공품,중국,★공급사 미상 → 후보,보통,리포트전용,콜라겐(피쉬),공급사 미상(source21),38000
비카인,피쉬콜라겐 (300Da 이하),기타가공품,중국,★공급사 미상 → 후보,보통,리포트전용,콜라겐(피쉬),공급사 미상(source21),29000
비카인,피쉬콜라겐 (300Da 이하),기타가공품,중국,★공급사 미상 → 후보,보통,리포트전용,콜라겐(피쉬),공급사 미상(source21),28000
비카인,피쉬콜라겐 (300Da 이하),기타가공품,중국,타공급사 보유,보통,리포트전용,피쉬콜라겐펩타이드,주영,55000
오성,화이트토마토 농축추출분말,과∙채가공품,미국,신규(DB에 없음),,리포트전용,,,
비카인,밀크세라마이드,기타가공품,독일,★공급사 미상 → 후보,확실,리포트전용,밀크세라마이드,공급사 미상(source21),270000
비카인,비타민D3 100 S/D혼합제제,식품첨가물 혼합제제,영국,신규(DB에 없음),,리포트전용,,,
프라임에이치앤비,"소연골 추출분말(콘드로이친황산) (콘드로이친황산 25%, 프로테오글리칸 2%)",기타농산가공품,인도,★공급사 미상 → 후보,확실,리포트전용,소연골추출분말(프로테오글리칸2%),공급사 미상(source21),110000
프라임에이치앤비,"소연골 추출분말(콘드로이친황산) (콘드로이친황산 25%, 프로테오글리칸 2%)",기타농산가공품,인도,★공급사 미상 → 후보,확실,리포트전용,소연골추출분말(프로테오글리칸10%),공급사 미상(source21),130000
프라임에이치앤비,"소연골 추출분말(콘드로이친황산) (콘드로이친황산 25%, 프로테오글리칸 2%)",기타농산가공품,인도,타공급사 보유,높음,리포트전용,"소연골추출분말(콘드로이친황산25%),",하이베이스,135000
비카인,보스웰리아 추출분말 (보스웰릭산 65%),고형차,인도,★공급사 미상 → 후보,확실,리포트전용,보스웰리아추출분말,공급사 미상(source21),12000
비카인,보스웰리아 추출분말 (보스웰릭산 65%),고형차,인도,★공급사 미상 → 후보,보통,리포트전용,보스웰리아,공급사 미상(source21),43000
프라임에이치앤비,보스웰리아 추출분말 (보스웰릭산 75%),고형차,인도,★공급사 미상 → 후보,확실,리포트전용,보스웰리아추출분말,공급사 미상(source21),12000
프라임에이치앤비,보스웰리아 추출분말 (보스웰릭산 75%),고형차,인도,★공급사 미상 → 후보,보통,리포트전용,보스웰리아,공급사 미상(source21),43000
비카인,보스웰리아 추출분말 (보스웰릭산 10%),고형차,인도,★공급사 미상 → 후보,확실,리포트전용,보스웰리아추출분말,공급사 미상(source21),12000
비카인,보스웰리아 추출분말 (보스웰릭산 10%),고형차,인도,★공급사 미상 → 후보,보통,리포트전용,보스웰리아,공급사 미상(source21),43000
담원인터내셔널,하스카프 주스분말,과∙채가공품,폴란드,신규(DB에 없음),,리포트전용,,,
프라임에이치앤비,레몬밤추출분말,고형차,스페인,★공급사 미상 → 후보,확실,리포트전용,레몬밤추출분말,공급사 미상(source21),15000
프라임에이치앤비,민들레추출분말,고형차,스페인,★공급사 미상 → 후보,확실,리포트전용,민들레추출분말,공급사 미상(source21),24000
프라임에이치앤비,민들레추출분말,고형차,스페인,타공급사 보유,확실,리포트전용,민들레추출분말,하이베이스,24000
프라임에이치앤비,민들레추출분말,고형차,스페인,타공급사 보유,확실,리포트전용,민들레추출분말,올담식품,16500
프라임에이치앤비,유기농 카멜리나 오일 100%,기타식물성유지(압착),독일,신규(DB에 없음),,리포트전용,,,
비카인,유기농 올리브오일,올리브유,독일,★공급사 미상 → 후보,보통,리포트전용,올리브오일,공급사 미상(source21),11000
비카인,유기농 올리브오일,올리브유,독일,★공급사 미상 → 후보,보통,리포트전용,올리브오일,공급사 미상(source21),9000
비카인,유기농 올리브오일,올리브유,독일,타공급사 보유,보통,리포트전용,올리브오일,하이베이스,9000
비카인,유기농 아르간오일,기타식물성유지,독일,신규(DB에 없음),,리포트전용,,,
비카인,유기농 대마종자유,기타식물성유지,독일,신규(DB에 없음),,리포트전용,,,
비카인,유기농 대마종자유,기타식물성유지,독일,신규(DB에 없음),,리포트전용,,,
비카인,엑스트라버진 대마종자유,기타식물성유지,독일,신규(DB에 없음),,리포트전용,,,
프라임헬스바이오,유기농 보리새싹 쥬스분말,과∙채가공품,미국,신규(DB에 없음),,리포트전용,,,
신영허브,호라산밀 (카무트),밀(씨앗),터키,신규(DB에 없음),,리포트전용,,,
비카인,유기농 타트체리 동결건조분말,과∙채가공품,폴란드,신규(DB에 없음),,리포트전용,,,
프라임헬스바이오,타트체리 착즙분말 (몽모랑시 품종),고형차,영국,신규(DB에 없음),,리포트전용,,,
비카인,타트체리 착즙주스 분말,과∙채가공품,폴란드,신규(DB에 없음),,리포트전용,,,
비카인,NFC 타트체리주스 (체리100%),과∙채주스,터키,신규(DB에 없음),,리포트전용,,,
비카인,루바브 추출분말,고형차,스페인,★공급사 미상 → 후보,확실,리포트전용,루바브추출분말,공급사 미상(source21),24000
비카인,루바브 추출분말,고형차,스페인,★공급사 미상 → 후보,확실,리포트전용,루바브추출분말,공급사 미상(source21),20000
비카인,루바브 추출분말,고형차,스페인,타공급사 보유,확실,리포트전용,루바브추출분말,해찬솔,24000
비카인,루바브 추출분말,고형차,스페인,타공급사 보유,확실,리포트전용,루바브추출분말,하이베이스,20000
비카인,루바브 추출분말,고형차,스페인,타공급사 보유,확실,리포트전용,루바브추출분말(줄기),하이베이스,20000
비카인,화이트석류 추출분말,,스페인,★공급사 미상 → 후보,보통,리포트전용,석류추출분말,공급사 미상(source21),15000
비카인,화이트석류 추출분말,,스페인,★공급사 미상 → 후보,보통,리포트전용,석류추출분말,공급사 미상(source21),24000
비카인,화이트석류 추출분말,,스페인,타공급사 보유,보통,리포트전용,석류추출분말,해찬솔,15000
비카인,화이트석류 추출분말,,스페인,타공급사 보유,보통,리포트전용,석류추출분말,하이베이스,24000
비카인,석류추출분말 (65 Brix),과∙채가공품,폴란드,★공급사 미상 → 후보,확실,리포트전용,석류추출분말,공급사 미상(source21),15000
비카인,석류추출분말 (65 Brix),과∙채가공품,폴란드,★공급사 미상 → 후보,확실,리포트전용,석류추출분말,공급사 미상(source21),24000
비카인,석류추출분말 (65 Brix),과∙채가공품,폴란드,타공급사 보유,확실,리포트전용,석류추출분말,해찬솔,15000
비카인,석류추출분말 (65 Brix),과∙채가공품,폴란드,타공급사 보유,확실,리포트전용,석류추출분말,하이베이스,24000
담원인터내셔널,산양유단백분말 (SKIMMED GOAT PROTEIN POWDER),유함유가공품 (살균제품),네덜란드,★공급사 미상 → 후보,확실,리포트전용,산양유단백분말,공급사 미상(source21),38000
담원인터내셔널,산양유단백분말 (SKIMMED GOAT PROTEIN POWDER),유함유가공품 (살균제품),네덜란드,타공급사 보유,확실,리포트전용,산양유단백분말,태성,37000
담원인터내셔널,산양유단백분말 (SKIMMED GOAT PROTEIN POWDER),유함유가공품 (살균제품),네덜란드,★공급사 미상 → 후보,확실,리포트전용,산양유단백분말(네덜란드),공급사 미상(source21),35000
담원인터내셔널,산양유단백분말 (SKIMMED GOAT PROTEIN POWDER),유함유가공품 (살균제품),네덜란드,동일공급사 기등록,높음,리포트전용,산양유단백,담원인터내셔널,35000
프라임헬스바이오,초유분말 2060 (IgG 20% 이상),기타가공품,미국,★공급사 미상 → 후보,보통,리포트전용,초유분말,공급사 미상(source21),50000
프라임헬스바이오,초유분말 2060 (IgG 20% 이상),기타가공품,미국,★공급사 미상 → 후보,보통,리포트전용,초유분말,공급사 미상(source21),85000
프라임헬스바이오,초유분말 2060 (IgG 20% 이상),기타가공품,미국,타공급사 보유,보통,리포트전용,초유분말10%,태성,55000
프라임헬스바이오,초유분말 2060 (IgG 20% 이상),기타가공품,미국,타공급사 보유,보통,리포트전용,초유분말20%,태성,83000
프라임헬스바이오,유기농 빌베리 쥬스분말,고형차,영국,신규(DB에 없음),,리포트전용,,,
비카인,차즈기 추출분말,고형차,중국,★공급사 미상 → 후보,확실,리포트전용,차즈기추출분말,공급사 미상(source21),16000
비카인,차즈기 추출분말,고형차,중국,★공급사 미상 → 후보,확실,리포트전용,차즈기추출분말,공급사 미상(source21),18000
비카인,여주추출분말 (핵심성분 CLA(공액 리놀레산) 7%),과∙채가공품,인도,신규(DB에 없음),,리포트전용,,,
비카인,자일로올리고당,올리고당,중국,신규(DB에 없음),,리포트전용,,,
비카인,자일로 올리고당 70%,과∙채가공품,중국,신규(DB에 없음),,리포트전용,,,
프라임에이치앤비,아누카 사과 농축액,농축과재즙,이탈리아,★공급사 미상 → 후보,확실,리포트전용,아누카사과농축액,공급사 미상(source21),18000
프라임에이치앤비,아누카 사과 농축액,농축과재즙,이탈리아,★공급사 미상 → 후보,보통,리포트전용,사과농축액,공급사 미상(source21),4400
프라임에이치앤비,아누카 사과 농축액,농축과재즙,이탈리아,★공급사 미상 → 후보,보통,리포트전용,사과농축액,공급사 미상(source21),5700
프라임에이치앤비,아누카 사과 농축액,농축과재즙,이탈리아,타공급사 보유,보통,리포트전용,사과 농축액,해찬솔,4400
프라임에이치앤비,아누카 사과 농축액,농축과재즙,이탈리아,타공급사 보유,보통,리포트전용,사과 농축액,해찬솔,5700
프라임에이치앤비,아누카 사과 농축액,농축과재즙,이탈리아,타공급사 보유,보통,리포트전용,사과 농축액,하이베이스,7500
프라임에이치앤비,아누카사과 NFC 쥬스,,이탈리아,신규(DB에 없음),,리포트전용,,,
프라임에이치앤비,아누카 사과 추출분말,,이탈리아,타공급사 보유,확실,리포트전용,아누카사과추출분말,하이베이스,67000
프라임에이치앤비,[건기] 뮤코다당 단백콘드로이친,건강기능식품원료,인도,신규(DB에 없음),,리포트전용,,,
프라임에이치앤비,프리미엄 비타민C 100,기타가공품,-,신규(DB에 없음),,리포트전용,,,
프라임에이치앤비,프리미엄 로즈마리 마리골드 복합물,기타가공품,-,신규(DB에 없음),,리포트전용,,,
프라임에이치앤비,소연골 콘드로이친 프로테오글리칸,기타가공품,-,신규(DB에 없음),,리포트전용,,,
프라임에이치앤비,이탈리안 아누카사과추출분말,기타가공품,-,타공급사 보유,보통,리포트전용,아누카사과추출분말,하이베이스,67000
프라임에이치앤비,프리미엄 차즈기추출분말,기타가공품,-,★공급사 미상 → 후보,보통,리포트전용,차즈기추출분말,공급사 미상(source21),16000
프라임에이치앤비,프리미엄 차즈기추출분말,기타가공품,-,★공급사 미상 → 후보,보통,리포트전용,차즈기추출분말,공급사 미상(source21),18000
프라임에이치앤비,프리미엄 매스틱추출물,기타가공품,-,신규(DB에 없음),,리포트전용,,,
프라임에이치앤비,프리미엄 상어연골분말,기타가공품,-,★공급사 미상 → 후보,보통,리포트전용,상어연골분말,공급사 미상(source21),48000
프라임에이치앤비,프리미엄 상어연골분말,기타가공품,-,★공급사 미상 → 후보,보통,리포트전용,상어연골분말,공급사 미상(source21),95000
프라임에이치앤비,프리미엄 상어연골분말,기타가공품,-,타공급사 보유,보통,리포트전용,상어연골분말,엘본에이치앤비,47000
프라임에이치앤비,프리미엄 상어연골분말,기타가공품,-,타공급사 보유,보통,리포트전용,상어연골분말,하이베이스,95000
프라임에이치앤비,프리미엄 상어연골분말,기타가공품,-,타공급사 보유,보통,리포트전용,상어연골분말,하이베이스,50000
프라임에이치앤비,프리미엄 상어연골분말,기타가공품,-,타공급사 보유,보통,리포트전용,상어연골분말,씨에스에프,33000
프라임에이치앤비,홍국 발효구기자 추출분말,기타가공품,-,★공급사 미상 → 후보,높음,리포트전용,발효구기자추출분말,공급사 미상(source21),32000
프라임에이치앤비,홍국 발효구기자 추출분말,기타가공품,-,타공급사 보유,높음,리포트전용,발효구기자추출분말,해찬솔,32000
프라임에이치앤비,홍국 발효구기자 추출분말,기타가공품,-,★공급사 미상 → 후보,보통,리포트전용,구기자추출분말,공급사 미상(source21),30000
프라임에이치앤비,홍국 발효구기자 추출분말,기타가공품,-,★공급사 미상 → 후보,보통,리포트전용,구기자추출분말,공급사 미상(source21),35000
프라임에이치앤비,홍국 발효구기자 추출분말,기타가공품,-,★공급사 미상 → 후보,보통,리포트전용,구기자추출분말,공급사 미상(source21),29700
프라임에이치앤비,홍국 발효구기자 추출분말,기타가공품,-,타공급사 보유,보통,리포트전용,구기자추출분말,해찬솔,30000
프라임에이치앤비,홍국 발효구기자 추출분말,기타가공품,-,타공급사 보유,보통,리포트전용,구기자추출분말,하이베이스,35000
프라임에이치앤비,홍국 발효구기자 추출분말,기타가공품,-,타공급사 보유,보통,리포트전용,구기자추출분말,선일에프앤씨,29700
프라임에이치앤비,L-글루타치온 효모추출물,기타가공품,-,★공급사 미상 → 후보,높음,리포트전용,글루타치온(L)효모추출물,공급사 미상(source21),160000
프라임에이치앤비,프로테오글리칸 연어코 소연골 추출물,기타가공품,-,신규(DB에 없음),,리포트전용,,,
프라임에이치앤비,프리미엄 레몬밤 단델리온 추출복합물,기타가공품,-,신규(DB에 없음),,리포트전용,,,
프라임에이치앤비,프리미엄 레몬버베나 추출복합물,기타가공품,-,신규(DB에 없음),,리포트전용,,,
프라임에이치앤비,프리미엄 몽모랑시 타트체리 착즙분말,과.채가공품,-,신규(DB에 없음),,리포트전용,,,
프라임에이치앤비,프리미엄 소연골 추출분말,기타가공품,-,★공급사 미상 → 후보,보통,리포트전용,소연골추출분말(프로테오글리칸2%),공급사 미상(source21),110000
프라임에이치앤비,프리미엄 소연골 추출분말,기타가공품,-,★공급사 미상 → 후보,보통,리포트전용,소연골추출분말(프로테오글리칸10%),공급사 미상(source21),130000
프라임에이치앤비,PRIME 퓨어 새싹보리 쥬스분말,과.채가공품,-,신규(DB에 없음),,리포트전용,,,
키오코리아,[건기] MSM 40~80 mesh (MSM 98% 이상),건강기능식품원료,미국,신규(DB에 없음),,리포트전용,,,
키오코리아,[건기] OPTI MSM (MSM 98% 이상),건강기능식품원료,미국,신규(DB에 없음),,리포트전용,,,
키오코리아,[건기] N-아세틸글루코사민,건강기능식품원료,,신규(DB에 없음),,리포트전용,,,
키오코리아,[건기] 가르시아닌 캄보지아추출물,건강기능식품원료,인도,신규(DB에 없음),,리포트전용,,,
키오코리아,비타민C,혼합제제 식품 첨가물,중국,★공급사 미상 → 후보,확실,리포트전용,비타민C,공급사 미상(source21),7500
키오코리아,비타민C,혼합제제 식품 첨가물,중국,★공급사 미상 → 후보,확실,리포트전용,비타민C(중성),공급사 미상(source21),70000
키오코리아,비타민C,혼합제제 식품 첨가물,중국,★공급사 미상 → 후보,확실,리포트전용,비타민C(리포조말),공급사 미상(source21),150000
키오코리아,비타민C,혼합제제 식품 첨가물,중국,★공급사 미상 → 후보,확실,리포트전용,비타민C(리포조말),공급사 미상(source21),170000
키오코리아,비타민C,혼합제제 식품 첨가물,중국,타공급사 보유,확실,리포트전용,비타민C ( Luwei ),태성,7500
키오코리아,비타민C,혼합제제 식품 첨가물,중국,타공급사 보유,확실,리포트전용,비타민C,서호상사,6500
키오코리아,비타민C,혼합제제 식품 첨가물,중국,타공급사 보유,확실,리포트전용,비타민C,선일에프앤씨,4800
키오코리아,비타민C,혼합제제 식품 첨가물,중국,타공급사 보유,확실,리포트전용,비타민C (직타용),선일에프앤씨,6800
키오코리아,비타민C,혼합제제 식품 첨가물,중국,타공급사 보유,확실,리포트전용,비타민C,하이베이스,7000
키오코리아,비타민C,혼합제제 식품 첨가물,중국,★공급사 미상 → 후보,확실,리포트전용,비타민C,공급사 미상(source21),35000
키오코리아,비타민C,혼합제제 식품 첨가물,중국,타공급사 보유,확실,리포트전용,비타민C,원아,4300
키오코리아,비타민C,혼합제제 식품 첨가물,중국,타공급사 보유,확실,리포트전용,비타민C,씨에스에프,4600
키오코리아,비타민C,혼합제제 식품 첨가물,중국,타공급사 보유,보통,리포트전용,중성비타민C,하이베이스,70000
키오코리아,비타민C,혼합제제 식품 첨가물,중국,타공급사 보유,보통,리포트전용,중성비타민C,제일,40000
키오코리아,비타민C,혼합제제 식품 첨가물,중국,★공급사 미상 → 후보,보통,리포트전용,리포좀비타민C,공급사 미상(source21),140000
키오코리아,비타민C,혼합제제 식품 첨가물,중국,★공급사 미상 → 후보,보통,리포트전용,리포좀비타민C70%,공급사 미상(source21),147000
키오코리아,비타민C,혼합제제 식품 첨가물,중국,타공급사 보유,보통,리포트전용,비타민C 97% 혼합제제,태성,12000
키오코리아,비타민C,혼합제제 식품 첨가물,중국,타공급사 보유,보통,리포트전용,리포조말비타민C,보타닉,110000
키오코리아,비타민C,혼합제제 식품 첨가물,중국,★공급사 미상 → 후보,확실,리포트전용,비타민C,공급사 미상(source21),7500
키오코리아,비타민C,혼합제제 식품 첨가물,중국,★공급사 미상 → 후보,확실,리포트전용,비타민C(중성),공급사 미상(source21),70000
키오코리아,비타민C,혼합제제 식품 첨가물,중국,★공급사 미상 → 후보,확실,리포트전용,비타민C(리포조말),공급사 미상(source21),150000
키오코리아,비타민C,혼합제제 식품 첨가물,중국,★공급사 미상 → 후보,확실,리포트전용,비타민C(리포조말),공급사 미상(source21),170000
키오코리아,비타민C,혼합제제 식품 첨가물,중국,타공급사 보유,확실,리포트전용,비타민C ( Luwei ),태성,7500
키오코리아,비타민C,혼합제제 식품 첨가물,중국,타공급사 보유,확실,리포트전용,비타민C,서호상사,6500
키오코리아,비타민C,혼합제제 식품 첨가물,중국,타공급사 보유,확실,리포트전용,비타민C,선일에프앤씨,4800
키오코리아,비타민C,혼합제제 식품 첨가물,중국,타공급사 보유,확실,리포트전용,비타민C (직타용),선일에프앤씨,6800
키오코리아,비타민C,혼합제제 식품 첨가물,중국,타공급사 보유,확실,리포트전용,비타민C,하이베이스,7000
키오코리아,비타민C,혼합제제 식품 첨가물,중국,★공급사 미상 → 후보,확실,리포트전용,비타민C,공급사 미상(source21),35000
키오코리아,비타민C,혼합제제 식품 첨가물,중국,타공급사 보유,확실,리포트전용,비타민C,원아,4300
키오코리아,비타민C,혼합제제 식품 첨가물,중국,타공급사 보유,확실,리포트전용,비타민C,씨에스에프,4600
키오코리아,비타민C,혼합제제 식품 첨가물,중국,타공급사 보유,보통,리포트전용,중성비타민C,하이베이스,70000
키오코리아,비타민C,혼합제제 식품 첨가물,중국,타공급사 보유,보통,리포트전용,중성비타민C,제일,40000
키오코리아,비타민C,혼합제제 식품 첨가물,중국,★공급사 미상 → 후보,보통,리포트전용,리포좀비타민C,공급사 미상(source21),140000
키오코리아,비타민C,혼합제제 식품 첨가물,중국,★공급사 미상 → 후보,보통,리포트전용,리포좀비타민C70%,공급사 미상(source21),147000
키오코리아,비타민C,혼합제제 식품 첨가물,중국,타공급사 보유,보통,리포트전용,비타민C 97% 혼합제제,태성,12000
키오코리아,비타민C,혼합제제 식품 첨가물,중국,타공급사 보유,보통,리포트전용,리포조말비타민C,보타닉,110000
키오코리아,[건기] 포스파티딜세린,건강기능식품원료,미국,타공급사 보유,보통,리포트전용,포스파티딜세린,하이베이스,660000
키오코리아,[건기] 포스파티딜세린,건강기능식품원료,미국,★공급사 미상 → 후보,보통,리포트전용,포스파티딜세린70%,공급사 미상(source21),590000
키오코리아,[건기] 포스파티딜세린,건강기능식품원료,미국,타공급사 보유,보통,리포트전용,포스파티딜세린 70%,오앤컴퍼니,630000
키오코리아,[건기] 포스파티딜세린,건강기능식품원료,미국,타공급사 보유,보통,리포트전용,포스파티딜세린(70%),ambe,379050
키오코리아,[건기]-개별인정원료 레몬밤 혼합추출분말,건강기능식품원료,국내산,신규(DB에 없음),,리포트전용,,,
키오코리아,수용성 커큐민 추출물,기타농산가공품,인도,신규(DB에 없음),,리포트전용,,,
키오코리아,몽모랑시 타트체리농축액 (65 Brix / PH 2.9),"과,재가공품",터키,★공급사 미상 → 후보,보통,리포트전용,타트체리농축액,공급사 미상(source21),4800
키오코리아,몽모랑시 타트체리농축액 (65 Brix / PH 2.9),"과,재가공품",터키,★공급사 미상 → 후보,보통,리포트전용,타트체리농축액,공급사 미상(source21),6800
키오코리아,유기농 ABC 주스 (10 Brix),과∙채가공품,스페인,신규(DB에 없음),,리포트전용,,,
키오코리아,모로 오렌지 농축액 (65 Brix),과∙채가공품,이탈리아,★공급사 미상 → 후보,높음,리포트전용,오렌지농축액,공급사 미상(source21),11000
키오코리아,모로 오렌지 농축액 (65 Brix),과∙채가공품,이탈리아,타공급사 보유,높음,리포트전용,오렌지농축액,하이베이스,11000
키오코리아,모로 오렌지 농축액 (65 Brix),과∙채가공품,이탈리아,★공급사 미상 → 후보,보통,리포트전용,모로오렌지,공급사 미상(source21),75000
키오코리아,모로 오렌지 농축액 (65 Brix),과∙채가공품,이탈리아,★공급사 미상 → 후보,보통,리포트전용,모로오렌지,공급사 미상(source21),16000
키오코리아,모로 오렌지 농축액 (65 Brix),과∙채가공품,이탈리아,★공급사 미상 → 후보,보통,리포트전용,모로오렌지,공급사 미상(source21),15000
키오코리아,모로 오렌지 농축액 (65 Brix),과∙채가공품,이탈리아,★공급사 미상 → 후보,보통,리포트전용,모로오렌지,공급사 미상(source21),55000
키오코리아,모로 오렌지 농축액 (65 Brix),과∙채가공품,이탈리아,★공급사 미상 → 후보,보통,리포트전용,모로오렌지,공급사 미상(source21),18000
키오코리아,유기농모로 오렌지 농축액 (65 Brix),과∙채가공품,이탈리아,★공급사 미상 → 후보,보통,리포트전용,오렌지농축액,공급사 미상(source21),11000
키오코리아,유기농모로 오렌지 농축액 (65 Brix),과∙채가공품,이탈리아,타공급사 보유,보통,리포트전용,오렌지농축액,하이베이스,11000
키오코리아,모로 오렌지쥬스( NFC ) (15 Brix),과∙채가공품,이탈리아,★공급사 미상 → 후보,높음,리포트전용,모로오렌지,공급사 미상(source21),75000
키오코리아,모로 오렌지쥬스( NFC ) (15 Brix),과∙채가공품,이탈리아,★공급사 미상 → 후보,높음,리포트전용,모로오렌지,공급사 미상(source21),16000
키오코리아,모로 오렌지쥬스( NFC ) (15 Brix),과∙채가공품,이탈리아,★공급사 미상 → 후보,높음,리포트전용,모로오렌지,공급사 미상(source21),15000
키오코리아,모로 오렌지쥬스( NFC ) (15 Brix),과∙채가공품,이탈리아,★공급사 미상 → 후보,높음,리포트전용,모로오렌지,공급사 미상(source21),55000
키오코리아,모로 오렌지쥬스( NFC ) (15 Brix),과∙채가공품,이탈리아,★공급사 미상 → 후보,높음,리포트전용,모로오렌지,공급사 미상(source21),18000
키오코리아,유기농 사과 농축액 (70 Brix),과∙채가공품 (살균제품),터키,★공급사 미상 → 후보,보통,리포트전용,사과농축액,공급사 미상(source21),4400
키오코리아,유기농 사과 농축액 (70 Brix),과∙채가공품 (살균제품),터키,★공급사 미상 → 후보,보통,리포트전용,사과농축액,공급사 미상(source21),5700
키오코리아,유기농 사과 농축액 (70 Brix),과∙채가공품 (살균제품),터키,타공급사 보유,보통,리포트전용,사과 농축액,해찬솔,4400
키오코리아,유기농 사과 농축액 (70 Brix),과∙채가공품 (살균제품),터키,타공급사 보유,보통,리포트전용,사과 농축액,해찬솔,5700
키오코리아,유기농 사과 농축액 (70 Brix),과∙채가공품 (살균제품),터키,타공급사 보유,보통,리포트전용,사과 농축액,하이베이스,7500
키오코리아,L-글루타치온 (글루타치온 14%),효모식품,스위스,★공급사 미상 → 후보,높음,리포트전용,글루타치온(캐나다),공급사 미상(source21),450000
키오코리아,L-글루타치온 (글루타치온 14%),효모식품,스위스,★공급사 미상 → 후보,높음,리포트전용,글루타치온(14%)(스위스),공급사 미상(source21),180000
키오코리아,L-글루타치온 (글루타치온 14%),효모식품,스위스,★공급사 미상 → 후보,높음,리포트전용,글루타치온,공급사 미상(source21),350000
키오코리아,L-글루타치온 (글루타치온 14%),효모식품,스위스,타공급사 보유,높음,리포트전용,글루타치온 85%,뉴다바이오,800000
키오코리아,L-글루타치온 (글루타치온 14%),효모식품,스위스,타공급사 보유,높음,리포트전용,글루타치온(50%),태성,320000
키오코리아,L-글루타치온 (글루타치온 14%),효모식품,스위스,타공급사 보유,높음,리포트전용,글루타치온,하람,380000
키오코리아,L-글루타치온 (글루타치온 14%),효모식품,스위스,★공급사 미상 → 후보,높음,리포트전용,글루타치온50%,공급사 미상(source21),380000
키오코리아,L-글루타치온 (글루타치온 14%),효모식품,스위스,★공급사 미상 → 후보,높음,리포트전용,글루타치온50%,공급사 미상(source21),250000
키오코리아,L-글루타치온 (글루타치온 14%),효모식품,스위스,타공급사 보유,높음,리포트전용,글루타치온 50%(영국산),원아,265000
키오코리아,L-글루타치온 (글루타치온 14%),효모식품,스위스,타공급사 보유,높음,리포트전용,글루타치온 50%(미국),원아,230000
키오코리아,L-글루타치온 (글루타치온 14%),효모식품,스위스,타공급사 보유,높음,리포트전용,글루타치온98%,ambe,250000
키오코리아,L-글루타치온 (글루타치온 14%),효모식품,스위스,타공급사 보유,높음,리포트전용,글루타치온98%,SvAgro,250000
키오코리아,잴라티나이즈드 블랙마카분말,고형차,페루,신규(DB에 없음),,리포트전용,,,
키오코리아,저분자피쉬콜라겐 (200Da ~ 1000Da),기타가공품 (살균제품),베트남,타공급사 보유,확실,리포트전용,저분자피쉬콜라겐,테이스트메이커코리아,34000
키오코리아,저분자피쉬콜라겐 (200Da ~ 1000Da),기타가공품 (살균제품),베트남,타공급사 보유,확실,리포트전용,저분자피쉬콜라겐,테이스트메이커코리아,32000
키오코리아,저분자피쉬콜라겐 (200Da ~ 1000Da),기타가공품 (살균제품),베트남,타공급사 보유,확실,리포트전용,저분자피쉬콜라겐,테이스트메이커코리아,29000
키오코리아,저분자피쉬콜라겐 (200Da ~ 1000Da),기타가공품 (살균제품),베트남,타공급사 보유,확실,리포트전용,저분자피쉬콜라겐,테이스트메이커코리아,27000
키오코리아,저분자피쉬콜라겐 (200Da ~ 1000Da),기타가공품 (살균제품),베트남,타공급사 보유,보통,리포트전용,피쉬콜라겐,세일인터내셔널,42000
키오코리아,저분자피쉬콜라겐 ( 500Da ),기타가공품 (살균제품),베트남,타공급사 보유,확실,리포트전용,저분자피쉬콜라겐,테이스트메이커코리아,34000
키오코리아,저분자피쉬콜라겐 ( 500Da ),기타가공품 (살균제품),베트남,타공급사 보유,확실,리포트전용,저분자피쉬콜라겐,테이스트메이커코리아,32000
키오코리아,저분자피쉬콜라겐 ( 500Da ),기타가공품 (살균제품),베트남,타공급사 보유,확실,리포트전용,저분자피쉬콜라겐,테이스트메이커코리아,29000
키오코리아,저분자피쉬콜라겐 ( 500Da ),기타가공품 (살균제품),베트남,타공급사 보유,확실,리포트전용,저분자피쉬콜라겐,테이스트메이커코리아,27000
키오코리아,저분자피쉬콜라겐 ( 500Da ),기타가공품 (살균제품),베트남,타공급사 보유,보통,리포트전용,피쉬콜라겐,세일인터내셔널,42000
키오코리아,에리스톨위드스테비아,혼합제제 식품 첨가물,미국,신규(DB에 없음),,리포트전용,,,
키오코리아,침향 분말,기타가공품,인도네시아,타공급사 보유,확실,리포트전용,침향분말,서호상사,85000
키오코리아,침향 분말,기타가공품,인도네시아,타공급사 보유,보통,리포트전용,침향,개성상인,85000
키오코리아,침향 분말,기타가공품,인도네시아,★공급사 미상 → 후보,보통,리포트전용,침향,공급사 미상(source21),140000
키오코리아,침향 분말,기타가공품,인도네시아,★공급사 미상 → 후보,보통,리포트전용,침향(개성상인),공급사 미상(source21),85000
키오코리아,침향 분말,기타가공품,인도네시아,★공급사 미상 → 후보,보통,리포트전용,침향,공급사 미상(source21),42000
키오코리아,침향 분말,기타가공품,인도네시아,타공급사 보유,보통,리포트전용,침향(원물),바이오케어,58000
키오코리아,침향 분말,기타가공품,인도네시아,타공급사 보유,보통,리포트전용,침향(분말),바이오케어,68000
키오코리아,레몬버베나 추출분말,고형차,프랑스산,신규(DB에 없음),,리포트전용,,,
키오코리아,초록잎 홍합분말,기타수산가공품,뉴질랜드,★공급사 미상 → 후보,확실,리포트전용,초록잎홍합분말,공급사 미상(source21),63000
키오코리아,몽모랑시 타트체리 농축분말,과∙채가공품,국내,신규(DB에 없음),,리포트전용,,,
키오코리아,유기농동결건조아로니아분말,과∙채가공품,폴란드,신규(DB에 없음),,리포트전용,,,
키오코리아,사과초모식초분말,기타가공품,국내,★공급사 미상 → 후보,확실,리포트전용,사과초모식초분말,공급사 미상(source21),32000
키오코리아,가당망고,당절임,베트남,신규(DB에 없음),,리포트전용,,,
프라임H&B,모링가잎분말,,인도,신규(DB에 없음),,리포트전용,,,
프라임H&B,그라비올라 건잎,,필리핀,신규(DB에 없음),,리포트전용,,,
프라임H&B,시네트롤엑스피유알,,프랑스,신규(DB에 없음),,리포트전용,,,
프라임H&B,코코넛MCT오일,,말레이시아,신규(DB에 없음),,리포트전용,,,
프라임H&B,금은화 추출분말,고형차,중국,신규(DB에 없음),,리포트전용,,,
프라임H&B,유기농 석류 쥬스 분말,과∙채가공품,폴란드,신규(DB에 없음),,리포트전용,,,
엔바이오텍,아누카 사과추출분말,과∙채가공품,폴란드,타공급사 보유,확실,리포트전용,아누카사과추출분말,하이베이스,67000
엔바이오텍,유기농 밀크씨슬,,,★공급사 미상 → 후보,보통,리포트전용,밀크씨슬,공급사 미상(source21),98000
엔바이오텍,유기농 밀크씨슬,,,★공급사 미상 → 후보,보통,리포트전용,밀크씨슬,공급사 미상(source21),72000
엔바이오텍,유기농 밀크씨슬,,,★공급사 미상 → 후보,보통,리포트전용,밀크씨슬(유기농),공급사 미상(source21),390000
엔바이오텍,유기농 밀크씨슬,,,★공급사 미상 → 후보,보통,리포트전용,밀크씨슬(유기농),공급사 미상(source21),450000
엔바이오텍,유기농 밀크씨슬,,,타공급사 보유,보통,리포트전용,밀크씨슬(유기농밀크씨슬분말),태성,22000
엔바이오텍,그린커피빈 추출물분말,기타농산가공품,인도,★공급사 미상 → 후보,보통,리포트전용,그린커피빈,공급사 미상(source21),600000
엔바이오텍,그린커피빈 추출물분말,기타농산가공품,인도,★공급사 미상 → 후보,보통,리포트전용,그린커피빈,공급사 미상(source21),700000
에스엔씨인터네셔널,연어코연골추출분말,기타 수산물가공품,인도,신규(DB에 없음),,리포트전용,,,
해찬솔푸드,모로블러드오렌지 추출분말,과∙채가공품,-,★공급사 미상 → 후보,확실,리포트전용,모로블러드오렌지추출분말,공급사 미상(source21),16000
키오코리아,모로블러드오렌지 농축액,과∙채가공품,이탈리아,★공급사 미상 → 후보,확실,리포트전용,모로블러드오렌지농축액,공급사 미상(source21),9700
키오코리아,모로블러드오렌지 농축액,과∙채가공품,이탈리아,타공급사 보유,확실,리포트전용,모로블러드오렌지농축액,해찬솔,9700
키오코리아,모로블러드오렌지 농축액,과∙채가공품,이탈리아,★공급사 미상 → 후보,보통,리포트전용,오렌지농축액,공급사 미상(source21),11000
키오코리아,모로블러드오렌지 농축액,과∙채가공품,이탈리아,타공급사 보유,보통,리포트전용,오렌지농축액,하이베이스,11000
해찬솔푸드,발효율피추출분말,기타가공품,국내산,★공급사 미상 → 후보,확실,리포트전용,발효율피추출분말,공급사 미상(source21),19000
마음,레몬밤 추출분말,고형차,중국,★공급사 미상 → 후보,확실,리포트전용,레몬밤추출분말,공급사 미상(source21),15000
해찬솔푸드,구절초추출분말,기타가공품,국내산,★공급사 미상 → 후보,확실,리포트전용,구절초추출분말,공급사 미상(source21),18000
해찬솔푸드,구절초추출분말,기타가공품,국내산,타공급사 보유,확실,리포트전용,구절초추출분말,해찬솔,15000
해찬솔푸드,구절초추출분말,기타가공품,국내산,타공급사 보유,확실,리포트전용,구절초추출분말,하이베이스,18000
엔바이오텍,초록입홍합 분말,기타수산물가공품,뉴질랜드,신규(DB에 없음),,리포트전용,,,
엔바이오텍,콘드로이친Q,기타가공품,-,★공급사 미상 → 후보,확실,리포트전용,콘드로이친Q(콘드로이친20%),공급사 미상(source21),53000
엔바이오텍,콘드로이친Q,기타가공품,-,★공급사 미상 → 후보,높음,리포트전용,콘드로이친(황산20%),공급사 미상(source21),83000
해밀,MBP유단백추출분말,기타가공품,-,신규(DB에 없음),,리포트전용,,,
DH솔루션,알가리스 (해조칼슘),기타수산물가공품,프랑스,신규(DB에 없음),,리포트전용,,,
DH솔루션,밀크 쏠츠 (밀크 칼슘),기타가공품,,신규(DB에 없음),,리포트전용,,,
해찬솔푸드,루바브추출물분말,기타가공품,국내산,신규(DB에 없음),,리포트전용,,,
해찬솔푸드,백수오추출분말,기타가공품,국내산,★공급사 미상 → 후보,확실,리포트전용,백수오추출분말,공급사 미상(source21),43000
해찬솔푸드,백수오추출분말,기타가공품,국내산,타공급사 보유,확실,리포트전용,백수오추출분말,하이베이스,43000
해찬솔푸드,병아리콩추출분말H,기타가공품,-,타공급사 보유,높음,리포트전용,병아리콩추출분말,해찬솔,14000
해찬솔푸드,갈근추출분말 (칡뿌리분말),기타농산가공품,국내산,타공급사 보유,확실,리포트전용,갈근추출분말,하이베이스,22000
해찬솔푸드,수국잎열수추출분말,기타가공품,국내산,타공급사 보유,확실,리포트전용,수국잎 열수 추출분말,해찬솔,50000
해찬솔푸드,수국잎열수추출분말,기타가공품,국내산,타공급사 보유,확실,리포트전용,수국잎 열수 추출분말,하이베이스,52000
해찬솔푸드,수국잎열수추출분말,기타가공품,국내산,타공급사 보유,확실,리포트전용,수국잎 열수 추출분말,하이베이스,16000
비전바이오켐,엥게비타 지에스에이치 (Engevita GSH) (순도 2.5%),효모식품,에스토니아,신규(DB에 없음),,리포트전용,,,
동일팜텍,스네일 익스트락트 파우더 (뮤신),기타가공품,프랑스,신규(DB에 없음),,리포트전용,,,
DH솔루션,엘라스틴 가수분해물,기타가공품,미국,★공급사 미상 → 후보,확실,리포트전용,엘라스틴가수분해물,공급사 미상(source21),260000
DH솔루션,엘라스틴 분말,기타가공품,미국,★공급사 미상 → 후보,보통,리포트전용,엘라스틴,공급사 미상(source21),380000
DH솔루션,엘라스틴 분말,기타가공품,미국,★공급사 미상 → 후보,보통,리포트전용,엘라스틴,공급사 미상(source21),270000
BTC,프로라스틴 (엘라스틴),기타가공품,미국,신규(DB에 없음),,리포트전용,,,
청우라이프사이언스,히알루론산 (Hyaluronic Acid) (100%),식품첨가물,중국,★공급사 미상 → 후보,확실,리포트전용,히알루론산,공급사 미상(source21),440000
청우라이프사이언스,히알루론산 (Hyaluronic Acid) (100%),식품첨가물,중국,★공급사 미상 → 후보,확실,리포트전용,히알루론산,공급사 미상(source21),370000
청우라이프사이언스,히알루론산 (Hyaluronic Acid) (100%),식품첨가물,중국,★공급사 미상 → 후보,확실,리포트전용,히알루론산,공급사 미상(source21),275000
청우라이프사이언스,히알루론산 (Hyaluronic Acid) (100%),식품첨가물,중국,★공급사 미상 → 후보,보통,리포트전용,히알루론산혼합제제,공급사 미상(source21),140000
DH솔루션,히알루론산혼합제제 (10%),혼합제제,중국,★공급사 미상 → 후보,확실,리포트전용,히알루론산혼합제제,공급사 미상(source21),140000
DH솔루션,히알루론산혼합제제 (10%),혼합제제,중국,★공급사 미상 → 후보,보통,리포트전용,히알루론산,공급사 미상(source21),440000
DH솔루션,히알루론산혼합제제 (10%),혼합제제,중국,★공급사 미상 → 후보,보통,리포트전용,히알루론산,공급사 미상(source21),370000
DH솔루션,히알루론산혼합제제 (10%),혼합제제,중국,★공급사 미상 → 후보,보통,리포트전용,히알루론산,공급사 미상(source21),275000
해찬솔푸드,맥문동추출분말,,국산,신규(DB에 없음),,리포트전용,,,
해찬솔푸드,치커리추출분말,,국산,신규(DB에 없음),,리포트전용,,,
해찬솔푸드,양배추추출분말,,국산,신규(DB에 없음),,리포트전용,,,
해찬솔푸드,브로콜리농축분말,,국산,신규(DB에 없음),,리포트전용,,,
올담식품,홍국발효구기자분말,과∙채가공품,국내산,타공급사 보유,확실,리포트전용,홍국발효 구기자 분말,해찬솔,32000
올담식품,홍국발효구기자분말,과∙채가공품,국내산,★공급사 미상 → 후보,보통,리포트전용,구기자분말,공급사 미상(source21),65000
올담식품,홍국발효구기자분말,과∙채가공품,국내산,타공급사 보유,보통,리포트전용,구기자분말,바이오케어,46000
올담식품,홍국발효구기자분말,과∙채가공품,국내산,타공급사 보유,보통,리포트전용,구기자분말,바이오케어,17000
올담식품,홍국발효구기자분말,과∙채가공품,국내산,타공급사 보유,보통,리포트전용,홍국발효구기자분말 hcs-7759,엘본에이치앤비,35000
해찬솔푸드,홍국발효구기자분말,기타가공품,국내산,타공급사 보유,확실,리포트전용,홍국발효 구기자 분말,해찬솔,32000
해찬솔푸드,홍국발효구기자분말,기타가공품,국내산,★공급사 미상 → 후보,보통,리포트전용,구기자분말,공급사 미상(source21),65000
해찬솔푸드,홍국발효구기자분말,기타가공품,국내산,타공급사 보유,보통,리포트전용,구기자분말,바이오케어,46000
해찬솔푸드,홍국발효구기자분말,기타가공품,국내산,타공급사 보유,보통,리포트전용,구기자분말,바이오케어,17000
해찬솔푸드,홍국발효구기자분말,기타가공품,국내산,타공급사 보유,보통,리포트전용,홍국발효구기자분말 hcs-7759,엘본에이치앤비,35000
해찬솔푸드,발효구기자추출분말,과∙채가공품,국내산,★공급사 미상 → 후보,확실,리포트전용,발효구기자추출분말,공급사 미상(source21),32000
해찬솔푸드,발효구기자추출분말,과∙채가공품,국내산,타공급사 보유,확실,리포트전용,발효구기자추출분말,해찬솔,32000
해찬솔푸드,발효구기자추출분말,과∙채가공품,국내산,★공급사 미상 → 후보,높음,리포트전용,구기자추출분말,공급사 미상(source21),30000
해찬솔푸드,발효구기자추출분말,과∙채가공품,국내산,★공급사 미상 → 후보,높음,리포트전용,구기자추출분말,공급사 미상(source21),35000
해찬솔푸드,발효구기자추출분말,과∙채가공품,국내산,★공급사 미상 → 후보,높음,리포트전용,구기자추출분말,공급사 미상(source21),29700
해찬솔푸드,발효구기자추출분말,과∙채가공품,국내산,타공급사 보유,높음,리포트전용,구기자추출분말,해찬솔,30000
해찬솔푸드,발효구기자추출분말,과∙채가공품,국내산,타공급사 보유,높음,리포트전용,구기자추출분말,하이베이스,35000
해찬솔푸드,발효구기자추출분말,과∙채가공품,국내산,타공급사 보유,높음,리포트전용,구기자추출분말,선일에프앤씨,29700
해찬솔푸드,복분자추출분말,과∙채가공품,국내산,신규(DB에 없음),,리포트전용,,,
해찬솔푸드,19곡추출혼합분말,곡류가공품,국내산,신규(DB에 없음),,리포트전용,,,
DH솔루션,오라프티 에이치피 (치커리뿌리 추출 분말),기타가공품,벨기에,신규(DB에 없음),,리포트전용,,,
DH솔루션,유기농 아가베 이눌린,기타가공품,멕시코,신규(DB에 없음),,리포트전용,,,
담원인터내셔널,시베리아 차가버섯 차,고형차,러시아,신규(DB에 없음),,리포트전용,,,
DH솔루션,비타민C (ASCORBIC ACID FINE FOWDER),식품첨가물,영국,★공급사 미상 → 후보,확실,리포트전용,비타민C,공급사 미상(source21),7500
DH솔루션,비타민C (ASCORBIC ACID FINE FOWDER),식품첨가물,영국,★공급사 미상 → 후보,확실,리포트전용,비타민C(중성),공급사 미상(source21),70000
DH솔루션,비타민C (ASCORBIC ACID FINE FOWDER),식품첨가물,영국,★공급사 미상 → 후보,확실,리포트전용,비타민C(리포조말),공급사 미상(source21),150000
DH솔루션,비타민C (ASCORBIC ACID FINE FOWDER),식품첨가물,영국,★공급사 미상 → 후보,확실,리포트전용,비타민C(리포조말),공급사 미상(source21),170000
DH솔루션,비타민C (ASCORBIC ACID FINE FOWDER),식품첨가물,영국,타공급사 보유,확실,리포트전용,비타민C ( Luwei ),태성,7500
DH솔루션,비타민C (ASCORBIC ACID FINE FOWDER),식품첨가물,영국,타공급사 보유,확실,리포트전용,비타민C,서호상사,6500
DH솔루션,비타민C (ASCORBIC ACID FINE FOWDER),식품첨가물,영국,타공급사 보유,확실,리포트전용,비타민C,선일에프앤씨,4800
DH솔루션,비타민C (ASCORBIC ACID FINE FOWDER),식품첨가물,영국,타공급사 보유,확실,리포트전용,비타민C (직타용),선일에프앤씨,6800
DH솔루션,비타민C (ASCORBIC ACID FINE FOWDER),식품첨가물,영국,타공급사 보유,확실,리포트전용,비타민C,하이베이스,7000
DH솔루션,비타민C (ASCORBIC ACID FINE FOWDER),식품첨가물,영국,★공급사 미상 → 후보,확실,리포트전용,비타민C,공급사 미상(source21),35000
DH솔루션,비타민C (ASCORBIC ACID FINE FOWDER),식품첨가물,영국,타공급사 보유,확실,리포트전용,비타민C,원아,4300
DH솔루션,비타민C (ASCORBIC ACID FINE FOWDER),식품첨가물,영국,타공급사 보유,확실,리포트전용,비타민C,씨에스에프,4600
DH솔루션,비타민C (ASCORBIC ACID FINE FOWDER),식품첨가물,영국,타공급사 보유,보통,리포트전용,중성비타민C,하이베이스,70000
DH솔루션,비타민C (ASCORBIC ACID FINE FOWDER),식품첨가물,영국,타공급사 보유,보통,리포트전용,중성비타민C,제일,40000
DH솔루션,비타민C (ASCORBIC ACID FINE FOWDER),식품첨가물,영국,★공급사 미상 → 후보,보통,리포트전용,리포좀비타민C,공급사 미상(source21),140000
DH솔루션,비타민C (ASCORBIC ACID FINE FOWDER),식품첨가물,영국,★공급사 미상 → 후보,보통,리포트전용,리포좀비타민C70%,공급사 미상(source21),147000
DH솔루션,비타민C (ASCORBIC ACID FINE FOWDER),식품첨가물,영국,타공급사 보유,보통,리포트전용,비타민C 97% 혼합제제,태성,12000
DH솔루션,비타민C (ASCORBIC ACID FINE FOWDER),식품첨가물,영국,타공급사 보유,보통,리포트전용,리포조말비타민C,보타닉,110000
DH솔루션,비타민C (ASCORBIC ACID FINE FOWDER),식품첨가물,미국,★공급사 미상 → 후보,확실,리포트전용,비타민C,공급사 미상(source21),7500
DH솔루션,비타민C (ASCORBIC ACID FINE FOWDER),식품첨가물,미국,★공급사 미상 → 후보,확실,리포트전용,비타민C(중성),공급사 미상(source21),70000
DH솔루션,비타민C (ASCORBIC ACID FINE FOWDER),식품첨가물,미국,★공급사 미상 → 후보,확실,리포트전용,비타민C(리포조말),공급사 미상(source21),150000
DH솔루션,비타민C (ASCORBIC ACID FINE FOWDER),식품첨가물,미국,★공급사 미상 → 후보,확실,리포트전용,비타민C(리포조말),공급사 미상(source21),170000
DH솔루션,비타민C (ASCORBIC ACID FINE FOWDER),식품첨가물,미국,타공급사 보유,확실,리포트전용,비타민C ( Luwei ),태성,7500
DH솔루션,비타민C (ASCORBIC ACID FINE FOWDER),식품첨가물,미국,타공급사 보유,확실,리포트전용,비타민C,서호상사,6500
DH솔루션,비타민C (ASCORBIC ACID FINE FOWDER),식품첨가물,미국,타공급사 보유,확실,리포트전용,비타민C,선일에프앤씨,4800
DH솔루션,비타민C (ASCORBIC ACID FINE FOWDER),식품첨가물,미국,타공급사 보유,확실,리포트전용,비타민C (직타용),선일에프앤씨,6800
DH솔루션,비타민C (ASCORBIC ACID FINE FOWDER),식품첨가물,미국,타공급사 보유,확실,리포트전용,비타민C,하이베이스,7000
DH솔루션,비타민C (ASCORBIC ACID FINE FOWDER),식품첨가물,미국,★공급사 미상 → 후보,확실,리포트전용,비타민C,공급사 미상(source21),35000
DH솔루션,비타민C (ASCORBIC ACID FINE FOWDER),식품첨가물,미국,타공급사 보유,확실,리포트전용,비타민C,원아,4300
DH솔루션,비타민C (ASCORBIC ACID FINE FOWDER),식품첨가물,미국,타공급사 보유,확실,리포트전용,비타민C,씨에스에프,4600
DH솔루션,비타민C (ASCORBIC ACID FINE FOWDER),식품첨가물,미국,타공급사 보유,보통,리포트전용,중성비타민C,하이베이스,70000
DH솔루션,비타민C (ASCORBIC ACID FINE FOWDER),식품첨가물,미국,타공급사 보유,보통,리포트전용,중성비타민C,제일,40000
DH솔루션,비타민C (ASCORBIC ACID FINE FOWDER),식품첨가물,미국,★공급사 미상 → 후보,보통,리포트전용,리포좀비타민C,공급사 미상(source21),140000
DH솔루션,비타민C (ASCORBIC ACID FINE FOWDER),식품첨가물,미국,★공급사 미상 → 후보,보통,리포트전용,리포좀비타민C70%,공급사 미상(source21),147000
DH솔루션,비타민C (ASCORBIC ACID FINE FOWDER),식품첨가물,미국,타공급사 보유,보통,리포트전용,비타민C 97% 혼합제제,태성,12000
DH솔루션,비타민C (ASCORBIC ACID FINE FOWDER),식품첨가물,미국,타공급사 보유,보통,리포트전용,리포조말비타민C,보타닉,110000
DH솔루션,비타민C (L-ASCORBIC ACID),식품첨가물,중국,★공급사 미상 → 후보,확실,리포트전용,비타민C,공급사 미상(source21),7500
DH솔루션,비타민C (L-ASCORBIC ACID),식품첨가물,중국,★공급사 미상 → 후보,확실,리포트전용,비타민C(중성),공급사 미상(source21),70000
DH솔루션,비타민C (L-ASCORBIC ACID),식품첨가물,중국,★공급사 미상 → 후보,확실,리포트전용,비타민C(리포조말),공급사 미상(source21),150000
DH솔루션,비타민C (L-ASCORBIC ACID),식품첨가물,중국,★공급사 미상 → 후보,확실,리포트전용,비타민C(리포조말),공급사 미상(source21),170000
DH솔루션,비타민C (L-ASCORBIC ACID),식품첨가물,중국,타공급사 보유,확실,리포트전용,비타민C ( Luwei ),태성,7500
DH솔루션,비타민C (L-ASCORBIC ACID),식품첨가물,중국,타공급사 보유,확실,리포트전용,비타민C,서호상사,6500
DH솔루션,비타민C (L-ASCORBIC ACID),식품첨가물,중국,타공급사 보유,확실,리포트전용,비타민C,선일에프앤씨,4800
DH솔루션,비타민C (L-ASCORBIC ACID),식품첨가물,중국,타공급사 보유,확실,리포트전용,비타민C (직타용),선일에프앤씨,6800
DH솔루션,비타민C (L-ASCORBIC ACID),식품첨가물,중국,타공급사 보유,확실,리포트전용,비타민C,하이베이스,7000
DH솔루션,비타민C (L-ASCORBIC ACID),식품첨가물,중국,★공급사 미상 → 후보,확실,리포트전용,비타민C,공급사 미상(source21),35000
DH솔루션,비타민C (L-ASCORBIC ACID),식품첨가물,중국,타공급사 보유,확실,리포트전용,비타민C,원아,4300
DH솔루션,비타민C (L-ASCORBIC ACID),식품첨가물,중국,타공급사 보유,확실,리포트전용,비타민C,씨에스에프,4600
DH솔루션,비타민C (L-ASCORBIC ACID),식품첨가물,중국,타공급사 보유,보통,리포트전용,중성비타민C,하이베이스,70000
DH솔루션,비타민C (L-ASCORBIC ACID),식품첨가물,중국,타공급사 보유,보통,리포트전용,중성비타민C,제일,40000
DH솔루션,비타민C (L-ASCORBIC ACID),식품첨가물,중국,★공급사 미상 → 후보,보통,리포트전용,리포좀비타민C,공급사 미상(source21),140000
DH솔루션,비타민C (L-ASCORBIC ACID),식품첨가물,중국,★공급사 미상 → 후보,보통,리포트전용,리포좀비타민C70%,공급사 미상(source21),147000
DH솔루션,비타민C (L-ASCORBIC ACID),식품첨가물,중국,타공급사 보유,보통,리포트전용,비타민C 97% 혼합제제,태성,12000
DH솔루션,비타민C (L-ASCORBIC ACID),식품첨가물,중국,타공급사 보유,보통,리포트전용,리포조말비타민C,보타닉,110000
세일인터내쇼날,비타민C (ASCORBIC ACID FINE FOWDER),식품첨가물,영국,★공급사 미상 → 후보,확실,리포트전용,비타민C,공급사 미상(source21),7500
세일인터내쇼날,비타민C (ASCORBIC ACID FINE FOWDER),식품첨가물,영국,★공급사 미상 → 후보,확실,리포트전용,비타민C(중성),공급사 미상(source21),70000
세일인터내쇼날,비타민C (ASCORBIC ACID FINE FOWDER),식품첨가물,영국,★공급사 미상 → 후보,확실,리포트전용,비타민C(리포조말),공급사 미상(source21),150000
세일인터내쇼날,비타민C (ASCORBIC ACID FINE FOWDER),식품첨가물,영국,★공급사 미상 → 후보,확실,리포트전용,비타민C(리포조말),공급사 미상(source21),170000
세일인터내쇼날,비타민C (ASCORBIC ACID FINE FOWDER),식품첨가물,영국,타공급사 보유,확실,리포트전용,비타민C ( Luwei ),태성,7500
세일인터내쇼날,비타민C (ASCORBIC ACID FINE FOWDER),식품첨가물,영국,타공급사 보유,확실,리포트전용,비타민C,서호상사,6500
세일인터내쇼날,비타민C (ASCORBIC ACID FINE FOWDER),식품첨가물,영국,타공급사 보유,확실,리포트전용,비타민C,선일에프앤씨,4800
세일인터내쇼날,비타민C (ASCORBIC ACID FINE FOWDER),식품첨가물,영국,타공급사 보유,확실,리포트전용,비타민C (직타용),선일에프앤씨,6800
세일인터내쇼날,비타민C (ASCORBIC ACID FINE FOWDER),식품첨가물,영국,타공급사 보유,확실,리포트전용,비타민C,하이베이스,7000
세일인터내쇼날,비타민C (ASCORBIC ACID FINE FOWDER),식품첨가물,영국,★공급사 미상 → 후보,확실,리포트전용,비타민C,공급사 미상(source21),35000
세일인터내쇼날,비타민C (ASCORBIC ACID FINE FOWDER),식품첨가물,영국,타공급사 보유,확실,리포트전용,비타민C,원아,4300
세일인터내쇼날,비타민C (ASCORBIC ACID FINE FOWDER),식품첨가물,영국,타공급사 보유,확실,리포트전용,비타민C,씨에스에프,4600
세일인터내쇼날,비타민C (ASCORBIC ACID FINE FOWDER),식품첨가물,영국,타공급사 보유,보통,리포트전용,중성비타민C,하이베이스,70000
세일인터내쇼날,비타민C (ASCORBIC ACID FINE FOWDER),식품첨가물,영국,타공급사 보유,보통,리포트전용,중성비타민C,제일,40000
세일인터내쇼날,비타민C (ASCORBIC ACID FINE FOWDER),식품첨가물,영국,★공급사 미상 → 후보,보통,리포트전용,리포좀비타민C,공급사 미상(source21),140000
세일인터내쇼날,비타민C (ASCORBIC ACID FINE FOWDER),식품첨가물,영국,★공급사 미상 → 후보,보통,리포트전용,리포좀비타민C70%,공급사 미상(source21),147000
세일인터내쇼날,비타민C (ASCORBIC ACID FINE FOWDER),식품첨가물,영국,타공급사 보유,보통,리포트전용,비타민C 97% 혼합제제,태성,12000
세일인터내쇼날,비타민C (ASCORBIC ACID FINE FOWDER),식품첨가물,영국,타공급사 보유,보통,리포트전용,리포조말비타민C,보타닉,110000
담원,파바빈프로테인,두류가공품,호주,신규(DB에 없음),,리포트전용,,,
올담식품,진득찰추출분말,기타가공품,국내산,신규(DB에 없음),,리포트전용,,,
성풍양행,초유단백분말 (살균제품),기타가공품,미국,★공급사 미상 → 후보,확실,리포트전용,초유단백분말,공급사 미상(source21),9000
성풍양행,초유단백분말 (살균제품),기타가공품,미국,타공급사 보유,보통,리포트전용,초유단백(IgG 20%),엘본에이치앤비,82000
제이씨월드,분리유단백 (MIP),유함유가공품,프랑스,타공급사 보유,확실,리포트전용,분리유단백(MPI),담원인터내셔널,22000
제이씨월드,분리유단백 (MIP),유함유가공품,프랑스,★공급사 미상 → 후보,높음,리포트전용,분리유단백질(MPI),공급사 미상(source21),22000
마음,분리대두단백 (ISP),두류가공품,중국,★공급사 미상 → 후보,확실,리포트전용,분리대두단백(ISP),공급사 미상(source21),7000
마음,분리대두단백 (ISP),두류가공품,중국,타공급사 보유,확실,리포트전용,분리대두단백(ISP),담원인터내셔널,6300
마음,분리대두단백 (ISP),두류가공품,중국,타공급사 보유,확실,리포트전용,분리대두단백(ISP),담원인터내셔널,7500
마음,분리대두단백 (ISP),두류가공품,중국,타공급사 보유,확실,리포트전용,분리대두단백(ISP),담원인터내셔널,10400
마음,분리대두단백 (ISP),두류가공품,중국,★공급사 미상 → 후보,높음,리포트전용,분리대두단백질,공급사 미상(source21),9000
마음,분리대두단백 (ISP),두류가공품,중국,★공급사 미상 → 후보,높음,리포트전용,분리대두단백질,공급사 미상(source21),6300
마음,분리대두단백 (ISP),두류가공품,중국,★공급사 미상 → 후보,높음,리포트전용,분리대두단백질,공급사 미상(source21),7500
에스엘바이오켐,분리대두단백 (ISP),두류가공품,중국,★공급사 미상 → 후보,확실,리포트전용,분리대두단백(ISP),공급사 미상(source21),7000
에스엘바이오켐,분리대두단백 (ISP),두류가공품,중국,타공급사 보유,확실,리포트전용,분리대두단백(ISP),담원인터내셔널,6300
에스엘바이오켐,분리대두단백 (ISP),두류가공품,중국,타공급사 보유,확실,리포트전용,분리대두단백(ISP),담원인터내셔널,7500
에스엘바이오켐,분리대두단백 (ISP),두류가공품,중국,타공급사 보유,확실,리포트전용,분리대두단백(ISP),담원인터내셔널,10400
에스엘바이오켐,분리대두단백 (ISP),두류가공품,중국,★공급사 미상 → 후보,높음,리포트전용,분리대두단백질,공급사 미상(source21),9000
에스엘바이오켐,분리대두단백 (ISP),두류가공품,중국,★공급사 미상 → 후보,높음,리포트전용,분리대두단백질,공급사 미상(source21),6300
에스엘바이오켐,분리대두단백 (ISP),두류가공품,중국,★공급사 미상 → 후보,높음,리포트전용,분리대두단백질,공급사 미상(source21),7500
마음,분리대두단백 (ISP),두류가공품,인도,★공급사 미상 → 후보,확실,리포트전용,분리대두단백(ISP),공급사 미상(source21),7000
마음,분리대두단백 (ISP),두류가공품,인도,타공급사 보유,확실,리포트전용,분리대두단백(ISP),담원인터내셔널,6300
마음,분리대두단백 (ISP),두류가공품,인도,타공급사 보유,확실,리포트전용,분리대두단백(ISP),담원인터내셔널,7500
마음,분리대두단백 (ISP),두류가공품,인도,타공급사 보유,확실,리포트전용,분리대두단백(ISP),담원인터내셔널,10400
마음,분리대두단백 (ISP),두류가공품,인도,★공급사 미상 → 후보,높음,리포트전용,분리대두단백질,공급사 미상(source21),9000
마음,분리대두단백 (ISP),두류가공품,인도,★공급사 미상 → 후보,높음,리포트전용,분리대두단백질,공급사 미상(source21),6300
마음,분리대두단백 (ISP),두류가공품,인도,★공급사 미상 → 후보,높음,리포트전용,분리대두단백질,공급사 미상(source21),7500
씨엔비즈,인스턴트 농축유청단백분말 (WPC 80% INSTANTIZED),기타가공품,미국,타공급사 보유,보통,리포트전용,농축유청단백(WPC),담원인터내셔널,15500
콩코드상사,인스턴트 농축유청단백분말 (WPC 80% INSTANTIZED),기타가공품,미국,타공급사 보유,보통,리포트전용,농축유청단백(WPC),담원인터내셔널,15500
호수,인스턴트 농축유청단백분말 (INSTANT WHEY PROTEIN CONCENTRATE 80 PRO),기타가공품,미국,타공급사 보유,보통,리포트전용,농축유청단백(WPC),담원인터내셔널,15500
씨엔비즈,인스턴트 분리유청단백 90 (WPI),기타가공품,미국,타공급사 보유,보통,리포트전용,분리유청단백(WPI),담원인터내셔널,23000
씨엔비즈,인스턴트 분리유청단백 90 (WPI),기타가공품,미국,타공급사 보유,보통,리포트전용,분리유청단백(WPI),담원인터내셔널,29000
씨엔비즈,인스턴트 분리유청단백 90 (WPI),기타가공품,미국,타공급사 보유,보통,리포트전용,분리유청단백(WPI),하이베이스,24000
호수,인스턴트 분리유청단백 (WPI) (INSTANT WHEY PROTEIN ISOLATE 90%),기타가공품,미국,타공급사 보유,보통,리포트전용,분리유청단백(WPI),담원인터내셔널,23000
호수,인스턴트 분리유청단백 (WPI) (INSTANT WHEY PROTEIN ISOLATE 90%),기타가공품,미국,타공급사 보유,보통,리포트전용,분리유청단백(WPI),담원인터내셔널,29000
호수,인스턴트 분리유청단백 (WPI) (INSTANT WHEY PROTEIN ISOLATE 90%),기타가공품,미국,타공급사 보유,보통,리포트전용,분리유청단백(WPI),하이베이스,24000
성풍양행,초유단백분말 1080 (IgG 10%),기타가공품,미국,★공급사 미상 → 후보,보통,리포트전용,초유단백분말,공급사 미상(source21),9000
성풍양행,초유단백분말 1080 (IgG 10%),기타가공품,미국,★공급사 미상 → 후보,보통,리포트전용,초유단백분말,공급사 미상(source21),9000
해찬솔푸드,차즈기추출분말H,기타가공품,국내산,★공급사 미상 → 후보,높음,리포트전용,차즈기추출분말,공급사 미상(source21),16000
해찬솔푸드,차즈기추출분말H,기타가공품,국내산,★공급사 미상 → 후보,높음,리포트전용,차즈기추출분말,공급사 미상(source21),18000
담원,키오스 네이처 매스틱 네오,기타가공품,그리스,신규(DB에 없음),,리포트전용,,,
담원,키오스 네이처 매스틱 네오,기타가공품,그리스,신규(DB에 없음),,리포트전용,,,
디에스메디팜,비오틴 (D-BIOTIN),식품첨가물,프랑스,타공급사 보유,확실,리포트전용,비오틴,서호상사,13000
디에스메디팜,비오틴 (D-BIOTIN),식품첨가물,프랑스,타공급사 보유,확실,리포트전용,비오틴,제일,580000
디에스메디팜,비오틴 (D-BIOTIN),식품첨가물,프랑스,★공급사 미상 → 후보,보통,리포트전용,비오틴/g,공급사 미상(source21),2000
디에스메디팜,비오틴 (D-BIOTIN),식품첨가물,프랑스,★공급사 미상 → 후보,보통,리포트전용,비오틴/g,공급사 미상(source21),13000
디에스메디팜,비오틴 (D-BIOTIN),식품첨가물,프랑스,타공급사 보유,보통,리포트전용,식물성비오틴(아가티잎추출물),제일,400000
하이베이스,건조맥주효모,효모식품,리투아니아,★공급사 미상 → 후보,보통,리포트전용,맥주효모,공급사 미상(source21),9500
하이베이스,건조맥주효모,효모식품,리투아니아,★공급사 미상 → 후보,보통,리포트전용,맥주효모,공급사 미상(source21),9200
코리아바이오텍,곡류아채과일혼합발효효소 A,효소식품,-,신규(DB에 없음),,리포트전용,,,
더비건,우슬분말,기타가공품,,★공급사 미상 → 후보,확실,리포트전용,우슬분말(쇠무릎),공급사 미상(source21),27500
백중,산화마그네슘(Magnesium Oxide Light),식품첨가물,독일,신규(DB에 없음),,리포트전용,,,
DH솔루션,효소처리스테비아,,,★공급사 미상 → 후보,확실,리포트전용,효소처리스테비아,공급사 미상(source21),44000
해찬솔푸드,헛개나무열매추출분말,,국산,타공급사 보유,확실,리포트전용,헛개나무 열매 추출분말,하이베이스,23000
해찬솔푸드,감초농축분말,,우즈베키스탄,타공급사 보유,확실,리포트전용,감초농축분말,올담식품,17500
건기,[건기] 가르시니아 캄보니아 추출물 (HCA 65% 이상),건강기능식품원료,인도,신규(DB에 없음),,리포트전용,,,
건기,[건기] 글루코사민 황산염 (황산염 980mg),건강기능식품원료,독일,타공급사 보유,보통,리포트전용,글루코사민 황산염,엘본에이치앤비,20000
건기,[건기] 프락토올리고당 분말 (프락토올리고당 950mg),건강기능식품원료,인도/국산,★공급사 미상 → 후보,보통,리포트전용,프락토올리고당,공급사 미상(source21),8000
건기,[건기] 마리골드 꽃 추출물 (루테인 20%),건강기능식품원료,인도,★공급사 미상 → 후보,보통,리포트전용,마리골드꽃추출물,공급사 미상(source21),140000
건기,[건기] 마리골드 꽃 추출물 (루테인 20%),건강기능식품원료,인도,★공급사 미상 → 후보,보통,리포트전용,마리골드꽃추출물,공급사 미상(source21),130000
건기,[건기] 마리골드 꽃 추출물 (루테인 20%),건강기능식품원료,인도,타공급사 보유,보통,리포트전용,마리골드꽃추출물 (루테인오일) 20%,미래바이오텍,140000
건기,[건기] 마리골드 꽃 추출물 (루테인 20%),건강기능식품원료,인도,타공급사 보유,보통,리포트전용,마리골드꽃추출물 (루테인오일) 20%,엘본에이치앤비,130000
AI코리아,L-아르기닌,,중국,★공급사 미상 → 후보,보통,리포트전용,아르기닌,공급사 미상(source21),28000
AI코리아,L-아르기닌,,중국,타공급사 보유,보통,리포트전용,아르기닌,원아,9500
AI코리아,L-아르기닌,,중국,타공급사 보유,보통,리포트전용,아르기닌,ambe,22000
AI코리아,L-아르기닌,,중국,타공급사 보유,보통,리포트전용,아르기닌(중국산),디에스메디팜,9500
휴바테크,L-로이신,,중국,★공급사 미상 → 후보,확실,리포트전용,L-로이신,공급사 미상(source21),30000
휴바테크,L-로이신,,중국,타공급사 보유,확실,리포트전용,L-로이신,선일에프앤씨,17000
휴바테크,L-로이신,,중국,타공급사 보유,확실,리포트전용,L-로이신,씨에스에프,21000
휴바테크,L-로이신,,중국,타공급사 보유,확실,리포트전용,L-로이신,arisun,16048
휴바테크,L-로이신,,중국,타공급사 보유,확실,리포트전용,L-로이신,씨에스에프,31000
휴바테크,L-로이신,,중국,★공급사 미상 → 후보,보통,리포트전용,로이신(루신),공급사 미상(source21),28000
DH솔루션,15곡곡류효소,,,★공급사 미상 → 후보,높음,리포트전용,15곡곡류효소분말,공급사 미상(source21),60000
DH솔루션,15곡곡류효소,,,★공급사 미상 → 후보,높음,리포트전용,15곡 곡류효소분말,공급사 미상(source21),60000
DH솔루션,치커리식이섬유,,네덜란드,신규(DB에 없음),,리포트전용,,,
DH솔루션,귀리식이섬유,곡류가공품,벨기에,★공급사 미상 → 후보,확실,리포트전용,귀리식이섬유,공급사 미상(source21),6000
DH솔루션,귀리식이섬유,곡류가공품,벨기에,타공급사 보유,보통,리포트전용,귀리식이섬유 추출분말,하이베이스,6000
항림산업,완두단백분말,곡류가공품,독일,신규(DB에 없음),,리포트전용,,,
DH솔루션,비타민 K1 5% 혼합제제,혼합제제,스위스,신규(DB에 없음),,리포트전용,,,
DH솔루션,비타민 A 325,혼합제제,미국,신규(DB에 없음),,리포트전용,,,
DH솔루션,비타민D3 100 S/D혼합제제,혼합제제,영국,신규(DB에 없음),,리포트전용,,,
DH솔루션,비타민B1,,미국,타공급사 보유,확실,리포트전용,비타민B1,하이베이스,55000
DH솔루션,비타민B1,,미국,타공급사 보유,높음,리포트전용,비타민B12,하이베이스,138000
DH솔루션,비타민B1,,미국,타공급사 보유,높음,리포트전용,비타민B12,엘본에이치앤비,92000
DH솔루션,비타민B1,,미국,타공급사 보유,높음,리포트전용,비타민B12,하이베이스,5500
DH솔루션,비타민B2,,미국,타공급사 보유,확실,리포트전용,비타민B2,하이베이스,95000
DH솔루션,비타민B6,,미국,타공급사 보유,확실,리포트전용,비타민B6,하이베이스,47000
DH솔루션,랄민에스 1000 건조효모(셀렌.0.1%-캐나다),,캐나다,신규(DB에 없음),,리포트전용,,,
DH솔루션,산화아연,,캐나다,신규(DB에 없음),,리포트전용,,,
DH솔루션,글루콘산아연,,미국,타공급사 보유,확실,리포트전용,글루콘산아연,태성,27000
DH솔루션,글루콘산아연,,미국,타공급사 보유,확실,리포트전용,글루콘산아연,태성,11000
DH솔루션,글루콘산아연,,미국,★공급사 미상 → 후보,확실,리포트전용,글루콘산 아연,공급사 미상(source21),29000
DH솔루션,글루콘산아연,,미국,타공급사 보유,확실,리포트전용,글루콘산아연,제일,20000
DH솔루션,황산아연,,독일,신규(DB에 없음),,리포트전용,,,
DH솔루션,판토텐산칼슘,,미국,★공급사 미상 → 후보,확실,리포트전용,판토텐산칼슘,공급사 미상(source21),108000
DH솔루션,판토텐산칼슘,,미국,타공급사 보유,확실,리포트전용,판토텐산 칼슘,하이베이스,108000
DH솔루션,판토텐산칼슘,,미국,타공급사 보유,확실,리포트전용,판토텐산 칼슘,태성,85000
DH솔루션,나이아신,,미국,신규(DB에 없음),,리포트전용,,,
DH솔루션,건조효모(셀렌),,캐나다,★공급사 미상 → 후보,확실,리포트전용,건조효모,공급사 미상(source21),630000
DH솔루션,건조효모(셀렌),,캐나다,★공급사 미상 → 후보,확실,리포트전용,건조효모,공급사 미상(source21),13500
DH솔루션,건조효모(셀렌),,캐나다,타공급사 보유,확실,리포트전용,건조효모,에스제이디,16700
DH솔루션,건조효모(셀렌),,캐나다,타공급사 보유,보통,리포트전용,건조효모 아연,에스제이디,47000
DH솔루션,건조효모(셀렌),,캐나다,타공급사 보유,보통,리포트전용,건조효모 크롬,에스제이디,48000
DH솔루션,건조효모(셀렌),,캐나다,타공급사 보유,보통,리포트전용,건조효모셀레늄,에스제이디,40000
세일인터내쇼날,비타민미네랄믹스-DH,식품첨가물 혼합제제,-,타공급사 보유,높음,리포트전용,비타민 미네랄믹스,하이베이스,27000
세일인터내쇼날,분말비타민D3,혼합제제 식품첨가물,스위스,타공급사 보유,높음,리포트전용,비타민D3,하이베이스,60000
세일인터내쇼날,분말비타민D3,혼합제제 식품첨가물,스위스,타공급사 보유,높음,리포트전용,비타민D3,하이베이스,71500
DH솔루션,L-프롤린 (FOOD GRADE),식품첨가물,중국,★공급사 미상 → 후보,보통,리포트전용,프롤린,공급사 미상(source21),33000
DH솔루션,L-시스틴,식품첨가물,중국,★공급사 미상 → 후보,확실,리포트전용,L-시스틴,공급사 미상(source21),43000
DH솔루션,L-시스테인염산염,식품첨가물,,★공급사 미상 → 후보,보통,리포트전용,L-시스테인,공급사 미상(source21),25000
DH솔루션,아미노산혼합제제-9,식품첨가물,국내,신규(DB에 없음),,리포트전용,,,
네오크레마,썬올리고P2 [프락토올리고당],올리고당,국내산,신규(DB에 없음),,리포트전용,,,
DH솔루션,락토바실러스플란타넘배양건조물,기타가공품,-,신규(DB에 없음),,리포트전용,,,
DH솔루션,22종혼합유산균,기타가공품,-,신규(DB에 없음),,리포트전용,,,
DH솔루션,곡류야채과일혼합발효효소,,,신규(DB에 없음),,리포트전용,,,
DH솔루션,이산화규소,식품첨가물,대만,★공급사 미상 → 후보,확실,리포트전용,이산화규소,공급사 미상(source21),5500
DH솔루션,이산화규소,식품첨가물,대만,타공급사 보유,확실,리포트전용,이산화규소,하이베이스,6000
DH솔루션,이산화규소,식품첨가물,대만,타공급사 보유,확실,리포트전용,이산화규소,하이베이스,5500
DH솔루션,이산화규소,식품첨가물,대만,타공급사 보유,확실,리포트전용,이산화규소,씨에스에프,3500
DH솔루션,무수구연산,,,★공급사 미상 → 후보,확실,리포트전용,무수구연산,공급사 미상(source21),3000
DH솔루션,무수구연산,,,타공급사 보유,확실,리포트전용,무수구연산,씨에스에프,1450
DH솔루션,무수구연산,,,★공급사 미상 → 후보,보통,리포트전용,구연산,공급사 미상(source21),4500
DH솔루션,쌀단백분말,곡류가공품,베트남,타공급사 보유,확실,리포트전용,쌀단백분말,하이베이스,10000
DH솔루션,쌀단백분말,곡류가공품,베트남,타공급사 보유,확실,리포트전용,쌀단백분말,하이베이스,16000
DH솔루션,산화마그네슘,,일본,신규(DB에 없음),,리포트전용,,,
해찬솔푸드,자몽맛분말,당류가공품,,신규(DB에 없음),,리포트전용,,,
해찬솔푸드,강황추출분말,,국산,★공급사 미상 → 후보,확실,리포트전용,강황추출분말,공급사 미상(source21),28000
해찬솔푸드,강황추출분말,,국산,★공급사 미상 → 후보,확실,리포트전용,강황추출분말,공급사 미상(source21),190000
해찬솔푸드,강황추출분말,,국산,타공급사 보유,확실,리포트전용,강황추출분말,올담식품,14500
해찬솔푸드,강황추출분말,,국산,★공급사 미상 → 후보,확실,리포트전용,강황추출분말,공급사 미상(source21),195000
해찬솔푸드,강황추출분말,,국산,★공급사 미상 → 후보,확실,리포트전용,강황추출분말,공급사 미상(source21),24000
해찬솔푸드,DL-사과산,,국산,★공급사 미상 → 후보,보통,리포트전용,사과산,공급사 미상(source21),6000
해찬솔푸드,DL-사과산,,국산,★공급사 미상 → 후보,보통,리포트전용,사과산,공급사 미상(source21),5800
해찬솔푸드,사과향분말,,,★공급사 미상 → 후보,보통,리포트전용,사과향,공급사 미상(source21),45000
해찬솔푸드,사과농축분말,,,★공급사 미상 → 후보,확실,리포트전용,사과농축분말(풋),공급사 미상(source21),14000
해찬솔푸드,사과농축분말,,,★공급사 미상 → 후보,확실,리포트전용,사과농축분말(청),공급사 미상(source21),15000
해찬솔푸드,사과농축분말,,,타공급사 보유,확실,리포트전용,사과 농축분말,해찬솔,14000
해찬솔푸드,사과농축분말,,,타공급사 보유,확실,리포트전용,사과 농축분말,새롬비앤에프,15000
해찬솔푸드,사과농축분말,,,타공급사 보유,확실,리포트전용,사과농축분말,하이베이스,16000
해찬솔푸드,사과농축분말,,,타공급사 보유,확실,리포트전용,사과농축분말(SR-20395),하이베이스,18000
해찬솔푸드,사과농축분말,,,타공급사 보유,높음,리포트전용,풋사과농축분말,해찬솔,14000
해찬솔푸드,사과농축분말,,,타공급사 보유,높음,리포트전용,청사과농축분말,새롬비앤에프,15000
해찬솔푸드,사과맛분말,,,신규(DB에 없음),,리포트전용,,,
해찬솔푸드,풋사과향분말,,,★공급사 미상 → 후보,보통,리포트전용,사과향,공급사 미상(source21),45000
해찬솔푸드,청(풋)사과농축분말,,칠레,타공급사 보유,확실,리포트전용,청사과농축분말,새롬비앤에프,15000
해찬솔푸드,청(풋)사과농축분말,,칠레,★공급사 미상 → 후보,높음,리포트전용,사과농축분말(풋),공급사 미상(source21),14000
해찬솔푸드,청(풋)사과농축분말,,칠레,★공급사 미상 → 후보,높음,리포트전용,사과농축분말(청),공급사 미상(source21),15000
해찬솔푸드,청(풋)사과농축분말,,칠레,타공급사 보유,높음,리포트전용,사과 농축분말,해찬솔,14000
해찬솔푸드,청(풋)사과농축분말,,칠레,타공급사 보유,높음,리포트전용,사과 농축분말,새롬비앤에프,15000
해찬솔푸드,청(풋)사과농축분말,,칠레,타공급사 보유,높음,리포트전용,사과농축분말,하이베이스,16000
해찬솔푸드,청(풋)사과농축분말,,칠레,타공급사 보유,높음,리포트전용,사과농축분말(SR-20395),하이베이스,18000
해찬솔푸드,청(풋)사과맛분말,,,신규(DB에 없음),,리포트전용,,,
DH솔루션,삼익프림1,식물성크림,-,신규(DB에 없음),,리포트전용,,,
DH솔루션,함수결정포도당,포도당,-,신규(DB에 없음),,리포트전용,,,
DH솔루션,정제포도당,포도당,-,★공급사 미상 → 후보,확실,리포트전용,정제포도당,공급사 미상(source21),1700
DH솔루션,스테아린산 마그네슘,,싱가포르,★공급사 미상 → 후보,확실,리포트전용,스테아린산 마그네슘,공급사 미상(source21),6000
DH솔루션,스테아린산 마그네슘,,싱가포르,★공급사 미상 → 후보,확실,리포트전용,스테아린산 마그네슘,공급사 미상(source21),6100
DH솔루션,이소말트,,독일,★공급사 미상 → 후보,확실,리포트전용,이소말트,공급사 미상(source21),5800
DH솔루션,폴리덱스트로스,,,타공급사 보유,확실,리포트전용,폴리덱스트로스,하이베이스,4200
DH솔루션,난소화성말토덱스트린,,,★공급사 미상 → 후보,확실,리포트전용,난소화성 말토덱스트린,공급사 미상(source21),8000
DH솔루션,난소화성말토덱스트린,,,타공급사 보유,확실,리포트전용,난소화성 말토덱스트린,하이베이스,6400
DH솔루션,난소화성말토덱스트린,,,★공급사 미상 → 후보,보통,리포트전용,말토덱스트린,공급사 미상(source21),1800
DH솔루션,난소화성말토덱스트린,,,★공급사 미상 → 후보,보통,리포트전용,말토덱스트린,공급사 미상(source21),2400
DH솔루션,난소화성말토덱스트린,,,타공급사 보유,보통,리포트전용,말토덱스트린,해찬솔,1800
DH솔루션,난소화성말토덱스트린,,,타공급사 보유,보통,리포트전용,말토덱스트린,하이베이스,2400
DH솔루션,난소화성말토덱스트린,,,타공급사 보유,보통,리포트전용,말토덱스트린,태성,2280
DH솔루션,난소화성말토덱스트린,,,타공급사 보유,보통,리포트전용,말토덱스트린 (DE15~20),씨에스에프,1180
DH솔루션,결정셀룰로스,,인도,신규(DB에 없음),,리포트전용,,,