미상원료,기존단가,기존원산지,추정공급사,신뢰도,단서종류,근거품목,근거출처,카탈로그원산지
발효홍삼농축액분말(6년근),260000,,BTC,확실,거래처 카탈로그,발효홍삼농축액분말 (발효 홍삼),(BTC) 취급원료 리스트.xlsx,BTC(국내산)
은행잎추출분말 24%,185000,미국,BTC,확실,거래처 카탈로그,은행잎추출분말 (은행잎추출물),(BTC) 취급원료 리스트.xlsx,중국산
밀크씨슬,98000,미국,BTC,확실,거래처 카탈로그,밀크씨슬 (밀크씨슬 추출물),(BTC) 취급원료 리스트.xlsx,폴란드산
밀크씨슬,72000,중국,BTC,확실,거래처 카탈로그,밀크씨슬 (밀크씨슬 추출물),(BTC) 취급원료 리스트.xlsx,폴란드산
밀크씨슬(유기농),390000,미국,BTC,확실,거래처 카탈로그,밀크씨슬 (밀크씨슬 추출물),(BTC) 취급원료 리스트.xlsx,폴란드산
밀크씨슬(유기농),450000,스페인,BTC,확실,거래처 카탈로그,밀크씨슬 (밀크씨슬 추출물),(BTC) 취급원료 리스트.xlsx,폴란드산
루테인,180000,미국,BTC,확실,거래처 카탈로그,루테인 (마리골드꽃 추출물),(BTC) 취급원료 리스트.xlsx,인도산
루테인,150000,인도,BTC,확실,거래처 카탈로그,루테인 (마리골드꽃 추출물),(BTC) 취급원료 리스트.xlsx,인도산
키토산,45000,중국,BTC,확실,거래처 카탈로그,키토산,(BTC) 취급원료 리스트.xlsx,베트남산
글루타치온(캐나다),450000,캐나다,BTC,확실,거래처 카탈로그,글루타치온 50%,(BTC) 취급원료 리스트.xlsx,중국산
글루타치온(14%)(스위스),180000,스위스,BTC,확실,거래처 카탈로그,글루타치온 50%,(BTC) 취급원료 리스트.xlsx,중국산
글루타치온,350000,인도,BTC,확실,거래처 카탈로그,글루타치온 50%,(BTC) 취급원료 리스트.xlsx,중국산
글루타치온50%,380000,캐나다,BTC,확실,거래처 카탈로그,글루타치온 50%,(BTC) 취급원료 리스트.xlsx,중국산
글루타치온50%,250000,인도,BTC,확실,거래처 카탈로그,글루타치온 50%,(BTC) 취급원료 리스트.xlsx,중국산
녹용추출분말,140000,뉴질랜드,바이오케어,확실,거래처 카탈로그,녹용추출분말(100%),(주)바이오케어 식품원료리스트 .pdf,뉴질랜드
녹용추출분말,65000,뉴질랜드,바이오케어,확실,거래처 카탈로그,녹용추출분말(100%),(주)바이오케어 식품원료리스트 .pdf,뉴질랜드
녹용농축액,145000,뉴질랜드,바이오케어,확실,거래처 카탈로그,녹용농축액,(주)바이오케어 식품원료리스트 .pdf,뉴질랜드
녹용농축액,155000,러시아,바이오케어,확실,거래처 카탈로그,녹용농축액,(주)바이오케어 식품원료리스트 .pdf,뉴질랜드
녹용추출액,27000,뉴질랜드,바이오케어,확실,거래처 카탈로그,녹용추출액,(주)바이오케어 식품원료리스트 .pdf,뉴질랜드
감초(원물),50000,국산,바이오케어,확실,거래처 카탈로그,감초,(주)바이오케어 식품원료리스트 .pdf,국산/우즈벡
감초(원물)(우즈베키스탄),14000,,바이오케어,확실,거래처 카탈로그,감초,(주)바이오케어 식품원료리스트 .pdf,국산/우즈벡
강황(하이드로커큐민)(수용성),260000,인도,바이오케어,확실,거래처 카탈로그,강황,(주)바이오케어 식품원료리스트 .pdf,인도
유근피,50000,,바이오케어,확실,거래처 카탈로그,유근피,(주)바이오케어 식품원료리스트 .pdf,국산/수입
침향,140000,,바이오케어,확실,거래처 카탈로그,침향,(주)바이오케어 식품원료리스트 .pdf,인도네시아
침향(개성상인),85000,,바이오케어,확실,거래처 카탈로그,침향,(주)바이오케어 식품원료리스트 .pdf,인도네시아
침향,42000,인도네시아,바이오케어,확실,거래처 카탈로그,침향,(주)바이오케어 식품원료리스트 .pdf,인도네시아
과라나추출분말,46000,브라질,하이베이스,확실,거래처 카탈로그,과라나추출분말(Guarana),251-255쪽 3-2. 직수입원료 목록-1(하이베이스).xlsx,미국(브라질)
과라나추출분말22%,71000,브라질,하이베이스,확실,거래처 카탈로그,과라나추출분말(Guarana),251-255쪽 3-2. 직수입원료 목록-1(하이베이스).xlsx,미국(브라질)
과라나추출분말22%,48000,,하이베이스,확실,거래처 카탈로그,과라나추출분말(Guarana),251-255쪽 3-2. 직수입원료 목록-1(하이베이스).xlsx,미국(브라질)
구아검,5500,인도,하이베이스,확실,거래처 카탈로그,구아검(Guar gum),251-255쪽 3-2. 직수입원료 목록-1(하이베이스).xlsx,인도
구아바잎추출물,60000,인도,하이베이스,확실,거래처 카탈로그,구아바잎추출물(분말),251-255쪽 3-2. 직수입원료 목록-1(하이베이스).xlsx,인도
글루코만난,24000,,하이베이스,확실,거래처 카탈로그,글루코만난(Glucomannan),251-255쪽 3-2. 직수입원료 목록-1(하이베이스).xlsx,중국
글루코사민(N-아세틸),110000,태국,하이베이스,확실,거래처 카탈로그,글루코사민(염산염),247-250쪽 3-1. 취급원료 목록-1(하이베이스).xlsx,
글루콘산 아연,29000,미국,하이베이스,확실,거래처 카탈로그,글루콘산아연,251-255쪽 3-2. 직수입원료 목록-1(하이베이스).xlsx,미국
글루타민,16000,중국,하이베이스,확실,거래처 카탈로그,글루타민(L-Glutamine),251-255쪽 3-2. 직수입원료 목록-1(하이베이스).xlsx,중국
글리신,8000,국산,하이베이스,확실,거래처 카탈로그,글리신(Glycine),251-255쪽 3-2. 직수입원료 목록-1(하이베이스).xlsx,중국
레몬밤추출분말,15000,중국,하이베이스,확실,거래처 카탈로그,레몬밤추출분말,251-255쪽 3-2. 직수입원료 목록-1(하이베이스).xlsx,중국
로이신(루신),28000,중국,하이베이스,확실,거래처 카탈로그,로이신(L-Leucine),251-255쪽 3-2. 직수입원료 목록-1(하이베이스).xlsx,중국
이소로이신,38000,중국,하이베이스,확실,거래처 카탈로그,이소로이신(L-Isoleucine),251-255쪽 3-2. 직수입원료 목록-1(하이베이스).xlsx,중국
마리골드꽃추출분말,132000,인도,하이베이스,확실,거래처 카탈로그,마리골드꽃추출분말(루테인 비들렛),251-255쪽 3-2. 직수입원료 목록-1(하이베이스).xlsx,인도
마리골드추출분말,80000,인도,하이베이스,확실,거래처 카탈로그,마리골드추출분말,251-255쪽 3-2. 직수입원료 목록-1(하이베이스).xlsx,인도
맥주효모,9500,독일,하이베이스,확실,거래처 카탈로그,맥주효모(분말),251-255쪽 3-2. 직수입원료 목록-1(하이베이스).xlsx,리투아니아
맥주효모,9200,독일,하이베이스,확실,거래처 카탈로그,맥주효모(분말),251-255쪽 3-2. 직수입원료 목록-1(하이베이스).xlsx,리투아니아
밀크씨슬,98000,미국,하이베이스,확실,거래처 카탈로그,밀크씨슬(건식),247-250쪽 3-1. 취급원료 목록-1(하이베이스).xlsx,
밀크씨슬,72000,중국,하이베이스,확실,거래처 카탈로그,밀크씨슬(건식),247-250쪽 3-1. 취급원료 목록-1(하이베이스).xlsx,
밀크씨슬(유기농),390000,미국,하이베이스,확실,거래처 카탈로그,밀크씨슬(건식),247-250쪽 3-1. 취급원료 목록-1(하이베이스).xlsx,
밀크씨슬(유기농),450000,스페인,하이베이스,확실,거래처 카탈로그,밀크씨슬(건식),247-250쪽 3-1. 취급원료 목록-1(하이베이스).xlsx,
바나바잎추출물,60000,인도,하이베이스,확실,거래처 카탈로그,바나바잎추출물(분말),251-255쪽 3-2. 직수입원료 목록-1(하이베이스).xlsx,인도
바나바잎추출물1%,85000,인도,하이베이스,확실,거래처 카탈로그,바나바잎추출물(분말),251-255쪽 3-2. 직수입원료 목록-1(하이베이스).xlsx,인도
발린,27000,중국,하이베이스,확실,거래처 카탈로그,발린(L-Valine),251-255쪽 3-2. 직수입원료 목록-1(하이베이스).xlsx,중국
보스웰리아추출분말,12000,인도,하이베이스,확실,거래처 카탈로그,보스웰리아추출분말,251-255쪽 3-2. 직수입원료 목록-1(하이베이스).xlsx,인도
보스웰리아,43000,,하이베이스,확실,거래처 카탈로그,보스웰리아,247-250쪽 3-1. 취급원료 목록-1(하이베이스).xlsx,
보이차추출분말,17000,중국,하이베이스,확실,거래처 카탈로그,보이차추출분말,251-255쪽 3-2. 직수입원료 목록-1(하이베이스).xlsx,중국
마카분말(블랙),25000,페루,하이베이스,확실,거래처 카탈로그,마카분말,247-250쪽 3-1. 취급원료 목록-1(하이베이스).xlsx,
마카분말(레드),75000,,하이베이스,확실,거래처 카탈로그,마카분말,247-250쪽 3-1. 취급원료 목록-1(하이베이스).xlsx,
상어연골분말,48000,,하이베이스,확실,거래처 카탈로그,상어연골분말,251-255쪽 3-2. 직수입원료 목록-1(하이베이스).xlsx,호주
상어연골분말,95000,미국,하이베이스,확실,거래처 카탈로그,상어연골분말,251-255쪽 3-2. 직수입원료 목록-1(하이베이스).xlsx,호주
상어연골,48000,호주,하이베이스,확실,거래처 카탈로그,상어연골,247-250쪽 3-1. 취급원료 목록-1(하이베이스).xlsx,
상어연골,35000,중국,하이베이스,확실,거래처 카탈로그,상어연골,247-250쪽 3-1. 취급원료 목록-1(하이베이스).xlsx,
상어연골추출분말,75000,중국,하이베이스,확실,거래처 카탈로그,상어연골추출분말,251-255쪽 3-2. 직수입원료 목록-1(하이베이스).xlsx,중국
아르지닌(아르기닌),28000,국산,하이베이스,확실,거래처 카탈로그,아르지닌(L-Arginine),251-255쪽 3-2. 직수입원료 목록-1(하이베이스).xlsx,중국
아르지닌(아르기닌),24000,미국,하이베이스,확실,거래처 카탈로그,아르지닌(L-Arginine),251-255쪽 3-2. 직수입원료 목록-1(하이베이스).xlsx,중국
아르지닌(아르기닌),22000,중국,하이베이스,확실,거래처 카탈로그,아르지닌(L-Arginine),251-255쪽 3-2. 직수입원료 목록-1(하이베이스).xlsx,중국
아르지닌,17000,인도,하이베이스,확실,거래처 카탈로그,아르지닌(L-Arginine),251-255쪽 3-2. 직수입원료 목록-1(하이베이스).xlsx,중국
아티초크추출분말,40000,프랑스,하이베이스,확실,거래처 카탈로그,아티초크추출분말,251-255쪽 3-2. 직수입원료 목록-1(하이베이스).xlsx,스페인
아티초크추출분말,50000,스페인,하이베이스,확실,거래처 카탈로그,아티초크추출분말,251-255쪽 3-2. 직수입원료 목록-1(하이베이스).xlsx,스페인
아티초크추출분말,58000,스페인,하이베이스,확실,거래처 카탈로그,아티초크추출분말,251-255쪽 3-2. 직수입원료 목록-1(하이베이스).xlsx,스페인
알로에베라추출분말,195000,,하이베이스,확실,거래처 카탈로그,알로에베라추출분말(알로에전잎),251-255쪽 3-2. 직수입원료 목록-1(하이베이스).xlsx,중국
알로에베라추출분말,58000,,하이베이스,확실,거래처 카탈로그,알로에베라추출분말(알로에전잎),251-255쪽 3-2. 직수입원료 목록-1(하이베이스).xlsx,중국
어골칼슘,38000,프랑스,하이베이스,확실,거래처 카탈로그,어골칼슘,251-255쪽 3-2. 직수입원료 목록-1(하이베이스).xlsx,프랑스
칼슘(구연산),17000,미국,하이베이스,확실,거래처 카탈로그,칼슘(혼합),247-250쪽 3-1. 취급원료 목록-1(하이베이스).xlsx,
칼슘(밀크칼슘),20000,뉴질랜드,하이베이스,확실,거래처 카탈로그,칼슘(혼합),247-250쪽 3-1. 취급원료 목록-1(하이베이스).xlsx,
칼슘(밀크칼슘),17000,독일,하이베이스,확실,거래처 카탈로그,칼슘(혼합),247-250쪽 3-1. 취급원료 목록-1(하이베이스).xlsx,
칼슘(산호),20000,미국,하이베이스,확실,거래처 카탈로그,칼슘(혼합),247-250쪽 3-1. 취급원료 목록-1(하이베이스).xlsx,
칼슘(산호),24000,미국,하이베이스,확실,거래처 카탈로그,칼슘(혼합),247-250쪽 3-1. 취급원료 목록-1(하이베이스).xlsx,
칼슘(어골),38000,미국,하이베이스,확실,거래처 카탈로그,칼슘(혼합),247-250쪽 3-1. 취급원료 목록-1(하이베이스).xlsx,
칼슘(탄산),2500,일본,하이베이스,확실,거래처 카탈로그,칼슘(혼합),247-250쪽 3-1. 취급원료 목록-1(하이베이스).xlsx,
칼슘(해조),9500,프랑스,하이베이스,확실,거래처 카탈로그,칼슘(혼합),247-250쪽 3-1. 취급원료 목록-1(하이베이스).xlsx,
옥타코사놀,720000,독일,하이베이스,확실,거래처 카탈로그,옥타코사놀(Octacosanol:분말),251-255쪽 3-2. 직수입원료 목록-1(하이베이스).xlsx,중국
은행잎추출물,180000,미국,하이베이스,확실,거래처 카탈로그,은행잎추출물(분말),251-255쪽 3-2. 직수입원료 목록-1(하이베이스).xlsx,미국
인디안구스베리추출분말,80000,인도,하이베이스,확실,거래처 카탈로그,인디안구스베리추출분말,251-255쪽 3-2. 직수입원료 목록-1(하이베이스).xlsx,인도
자일리톨,7500,중국,하이베이스,확실,거래처 카탈로그,자일리톨(Xylitol:분말),251-255쪽 3-2. 직수입원료 목록-1(하이베이스).xlsx,중국
주석산수소콜린,55000,,하이베이스,확실,거래처 카탈로그,주석산수소콜린,251-255쪽 3-2. 직수입원료 목록-1(하이베이스).xlsx,이태리
카르니틴,50000,중국,하이베이스,확실,거래처 카탈로그,카르니틴(L-Carnitine),251-255쪽 3-2. 직수입원료 목록-1(하이베이스).xlsx,중국
카르니틴(L),50000,중국,하이베이스,확실,거래처 카탈로그,카르니틴(L-Carnitine),251-255쪽 3-2. 직수입원료 목록-1(하이베이스).xlsx,중국
코엔자임Q10,850000,미국,하이베이스,확실,거래처 카탈로그,코엔자임Q10(Coenzyme Q10),251-255쪽 3-2. 직수입원료 목록-1(하이베이스).xlsx,중국
코엔자임Q10,830000,인도,하이베이스,확실,거래처 카탈로그,코엔자임Q10(Coenzyme Q10),251-255쪽 3-2. 직수입원료 목록-1(하이베이스).xlsx,중국
코엔자임Q10,770000,중국,하이베이스,확실,거래처 카탈로그,코엔자임Q10(Coenzyme Q10),251-255쪽 3-2. 직수입원료 목록-1(하이베이스).xlsx,중국
콜라겐(당근),70000,,하이베이스,확실,거래처 카탈로그,콜라겐(저분자 피쉬 콜라겐분말),251-255쪽 3-2. 직수입원료 목록-1(하이베이스).xlsx,대만
콜라겐(비변성2형),7700000,일본,하이베이스,확실,거래처 카탈로그,콜라겐(저분자 피쉬 콜라겐분말),251-255쪽 3-2. 직수입원료 목록-1(하이베이스).xlsx,대만
콜라겐(어린피쉬),36000,,하이베이스,확실,거래처 카탈로그,콜라겐(저분자 피쉬 콜라겐분말),251-255쪽 3-2. 직수입원료 목록-1(하이베이스).xlsx,대만
콜라겐(어린피쉬),46000,캐나다,하이베이스,확실,거래처 카탈로그,콜라겐(저분자 피쉬 콜라겐분말),251-255쪽 3-2. 직수입원료 목록-1(하이베이스).xlsx,대만
콜라겐(피쉬),24000,대만,하이베이스,확실,거래처 카탈로그,콜라겐(저분자 피쉬 콜라겐분말),251-255쪽 3-2. 직수입원료 목록-1(하이베이스).xlsx,대만
콜라겐(피쉬),38000,베트남,하이베이스,확실,거래처 카탈로그,콜라겐(저분자 피쉬 콜라겐분말),251-255쪽 3-2. 직수입원료 목록-1(하이베이스).xlsx,대만
콜라겐(피쉬),29000,,하이베이스,확실,거래처 카탈로그,콜라겐(저분자 피쉬 콜라겐분말),251-255쪽 3-2. 직수입원료 목록-1(하이베이스).xlsx,대만
콜라겐(피쉬),28000,국산,하이베이스,확실,거래처 카탈로그,콜라겐(저분자 피쉬 콜라겐분말),251-255쪽 3-2. 직수입원료 목록-1(하이베이스).xlsx,대만
키토산,45000,중국,하이베이스,확실,거래처 카탈로그,키토산(Chitosan:분말),251-255쪽 3-2. 직수입원료 목록-1(하이베이스).xlsx,태국
타우린,6500,중국,하이베이스,확실,거래처 카탈로그,타우린(Taurine),251-255쪽 3-2. 직수입원료 목록-1(하이베이스).xlsx,중국
테아닌,100000,중국,하이베이스,확실,거래처 카탈로그,테아닌(L-Theanine),251-255쪽 3-2. 직수입원료 목록-1(하이베이스).xlsx,중국
트립토판,28000,중국,하이베이스,확실,거래처 카탈로그,트립토판(L-Tryptophan),251-255쪽 3-2. 직수입원료 목록-1(하이베이스).xlsx,중국
트립토판,260000,미국,하이베이스,확실,거래처 카탈로그,트립토판(L-Tryptophan),251-255쪽 3-2. 직수입원료 목록-1(하이베이스).xlsx,중국
트립토판,190000,일본,하이베이스,확실,거래처 카탈로그,트립토판(L-Tryptophan),251-255쪽 3-2. 직수입원료 목록-1(하이베이스).xlsx,중국
포스파티딜세린분말,660000,미국,하이베이스,확실,거래처 카탈로그,포스파티딜세린분말,251-255쪽 3-2. 직수입원료 목록-1(하이베이스).xlsx,미국
포스파티딜세린분말,500000,인도,하이베이스,확실,거래처 카탈로그,포스파티딜세린분말,251-255쪽 3-2. 직수입원료 목록-1(하이베이스).xlsx,미국
포스파티딜세린70%,590000,인도,하이베이스,확실,거래처 카탈로그,포스파티딜세린(건기식),247-250쪽 3-1. 취급원료 목록-1(하이베이스).xlsx,
프로폴리스,90000,호주,하이베이스,확실,거래처 카탈로그,프로폴리스(Propolis:분말),251-255쪽 3-2. 직수입원료 목록-1(하이베이스).xlsx,중국
프로폴리스,420000,브라질,하이베이스,확실,거래처 카탈로그,프로폴리스(Propolis:분말),251-255쪽 3-2. 직수입원료 목록-1(하이베이스).xlsx,중국
프롤린,33000,중국,하이베이스,확실,거래처 카탈로그,프롤린(L-Proline),251-255쪽 3-2. 직수입원료 목록-1(하이베이스).xlsx,중국
핑거루트 추출분말(개별인정형),330000,,하이베이스,확실,거래처 카탈로그,핑거루트추출분말,251-255쪽 3-2. 직수입원료 목록-1(하이베이스).xlsx,중국
핑거루트추출분말,300000,,하이베이스,확실,거래처 카탈로그,핑거루트추출분말,251-255쪽 3-2. 직수입원료 목록-1(하이베이스).xlsx,중국
홍국,170000,미국,하이베이스,확실,거래처 카탈로그,홍국,247-250쪽 3-1. 취급원료 목록-1(하이베이스).xlsx,
홍국,270000,인도,하이베이스,확실,거래처 카탈로그,홍국,247-250쪽 3-1. 취급원료 목록-1(하이베이스).xlsx,
흰강낭콩추출분말,15000,캐나다,하이베이스,확실,거래처 카탈로그,흰강낭콩추출분말,251-255쪽 3-2. 직수입원료 목록-1(하이베이스).xlsx,인도
흰강낭콩추출분말,45000,인도,하이베이스,확실,거래처 카탈로그,흰강낭콩추출분말,251-255쪽 3-2. 직수입원료 목록-1(하이베이스).xlsx,인도
히스티딘,110000,중국,하이베이스,확실,거래처 카탈로그,히스티딘(L-Histidine),251-255쪽 3-2. 직수입원료 목록-1(하이베이스).xlsx,중국
히알루론산,440000,미국,하이베이스,확실,거래처 카탈로그,히알루론산(Hyalronic Acid:저분자),251-255쪽 3-2. 직수입원료 목록-1(하이베이스).xlsx,중국
히알루론산,370000,미국,하이베이스,확실,거래처 카탈로그,히알루론산(Hyalronic Acid:저분자),251-255쪽 3-2. 직수입원료 목록-1(하이베이스).xlsx,중국
히알루론산,275000,중국,하이베이스,확실,거래처 카탈로그,히알루론산(Hyalronic Acid:저분자),251-255쪽 3-2. 직수입원료 목록-1(하이베이스).xlsx,중국
마테추출분말,16000,브라질,하이베이스,확실,거래처 카탈로그,마테추출분말(Mate),251-255쪽 3-2. 직수입원료 목록-1(하이베이스).xlsx,브라질
마테추출분말,50000,브라질,하이베이스,확실,거래처 카탈로그,마테추출분말(Mate),251-255쪽 3-2. 직수입원료 목록-1(하이베이스).xlsx,브라질
"유산균(고초균,당화균)(subtillus)",55000,,하이베이스,확실,거래처 카탈로그,유산균(혼합),247-250쪽 3-1. 취급원료 목록-1(하이베이스).xlsx,
유산균(국내산구강유산균),1200000,,하이베이스,확실,거래처 카탈로그,유산균(혼합),247-250쪽 3-1. 취급원료 목록-1(하이베이스).xlsx,
유산균(낙산균)(글스트리움부틸리콤미야이리2),600000,,하이베이스,확실,거래처 카탈로그,유산균(혼합),247-250쪽 3-1. 취급원료 목록-1(하이베이스).xlsx,
유산균(다니스코),650000,,하이베이스,확실,거래처 카탈로그,유산균(혼합),247-250쪽 3-1. 취급원료 목록-1(하이베이스).xlsx,
유산균(당화균),45000,,하이베이스,확실,거래처 카탈로그,유산균(혼합),247-250쪽 3-1. 취급원료 목록-1(하이베이스).xlsx,
유산균(대만산구강유산균),1500000,대만,하이베이스,확실,거래처 카탈로그,유산균(혼합),247-250쪽 3-1. 취급원료 목록-1(하이베이스).xlsx,
유산균(디글루GLU70),120000,,하이베이스,확실,거래처 카탈로그,유산균(혼합),247-250쪽 3-1. 취급원료 목록-1(하이베이스).xlsx,
유산균(디글루MB0601),120000,,하이베이스,확실,거래처 카탈로그,유산균(혼합),247-250쪽 3-1. 취급원료 목록-1(하이베이스).xlsx,
유산균(락토바실러스 애시도 필루스),290000,,하이베이스,확실,거래처 카탈로그,유산균(혼합),247-250쪽 3-1. 취급원료 목록-1(하이베이스).xlsx,
유산균(락토바실러스 카제이),500000,,하이베이스,확실,거래처 카탈로그,유산균(혼합),247-250쪽 3-1. 취급원료 목록-1(하이베이스).xlsx,
유산균(락토바실러스코오귤런스),470000,,하이베이스,확실,거래처 카탈로그,유산균(혼합),247-250쪽 3-1. 취급원료 목록-1(하이베이스).xlsx,
유산균(락토바실러스파라카제이),1500000,,하이베이스,확실,거래처 카탈로그,유산균(혼합),247-250쪽 3-1. 취급원료 목록-1(하이베이스).xlsx,
유산균(락토바실러스플란타룸),490000,,하이베이스,확실,거래처 카탈로그,유산균(혼합),247-250쪽 3-1. 취급원료 목록-1(하이베이스).xlsx,
유산균(루테리),400000,,하이베이스,확실,거래처 카탈로그,유산균(혼합),247-250쪽 3-1. 취급원료 목록-1(하이베이스).xlsx,
유산균(루테리)(엘2),140000,,하이베이스,확실,거래처 카탈로그,유산균(혼합),247-250쪽 3-1. 취급원료 목록-1(하이베이스).xlsx,
유산균(미야리균)(낙산균),500000,,하이베이스,확실,거래처 카탈로그,유산균(혼합),247-250쪽 3-1. 취급원료 목록-1(하이베이스).xlsx,
유산균(보울라디유산균),280000,,하이베이스,확실,거래처 카탈로그,유산균(혼합),247-250쪽 3-1. 취급원료 목록-1(하이베이스).xlsx,
유산균(비피도박테리움 브레브),390000,,하이베이스,확실,거래처 카탈로그,유산균(혼합),247-250쪽 3-1. 취급원료 목록-1(하이베이스).xlsx,
유산균(비피도박테리움 애니멀리스 락티스),340000,,하이베이스,확실,거래처 카탈로그,유산균(혼합),247-250쪽 3-1. 취급원료 목록-1(하이베이스).xlsx,
유산균(비피도박테리움비피덤),170000,,하이베이스,확실,거래처 카탈로그,유산균(혼합),247-250쪽 3-1. 취급원료 목록-1(하이베이스).xlsx,
유산균(알러지),1300000,,하이베이스,확실,거래처 카탈로그,유산균(혼합),247-250쪽 3-1. 취급원료 목록-1(하이베이스).xlsx,
"유산균(비염,면역)",1500000,,하이베이스,확실,거래처 카탈로그,유산균(혼합),247-250쪽 3-1. 취급원료 목록-1(하이베이스).xlsx,
유산균(엔테코커스페슘분말),510000,,하이베이스,확실,거래처 카탈로그,유산균(혼합),247-250쪽 3-1. 취급원료 목록-1(하이베이스).xlsx,
유산균(질유산균8종VL8),890000,,하이베이스,확실,거래처 카탈로그,유산균(혼합),247-250쪽 3-1. 취급원료 목록-1(하이베이스).xlsx,
유산균(항비만유산균 10종혼합유산균F2200),1800000,,하이베이스,확실,거래처 카탈로그,유산균(혼합),247-250쪽 3-1. 취급원료 목록-1(하이베이스).xlsx,
유산균(혼합분말)(17종),340000,,하이베이스,확실,거래처 카탈로그,유산균(혼합),247-250쪽 3-1. 취급원료 목록-1(하이베이스).xlsx,
그린프로폴리스,300000,,바른에프피,확실,거래처 카탈로그,그린프로폴리스,바른에프피 품목리스트(카무트글루텐분해효소 24.02.05).xlsx,브라질
홍삼농축액,170000,,바른에프피,확실,거래처 카탈로그,홍삼농축액(4년근),바른에프피 품목리스트(카무트글루텐분해효소 24.02.05).xlsx,국산
홍삼농축액(6년근),210000,,바른에프피,확실,거래처 카탈로그,홍삼농축액(4년근),바른에프피 품목리스트(카무트글루텐분해효소 24.02.05).xlsx,국산
오메가3(식물성)(알티지),79000,프랑스,바른에프피,확실,거래처 카탈로그,오메가3 (압착저온추출),바른에프피 품목리스트(카무트글루텐분해효소 24.02.05).xlsx,노르웨이
오메가3(알티지)(동물성),21500,노르웨이,바른에프피,확실,거래처 카탈로그,오메가3 (압착저온추출),바른에프피 품목리스트(카무트글루텐분해효소 24.02.05).xlsx,노르웨이
오메가3(알티지)(동물성),82000,노르웨이,바른에프피,확실,거래처 카탈로그,오메가3 (압착저온추출),바른에프피 품목리스트(카무트글루텐분해효소 24.02.05).xlsx,노르웨이
오메가3(알티지)(동물성),160000,독일,바른에프피,확실,거래처 카탈로그,오메가3 (압착저온추출),바른에프피 품목리스트(카무트글루텐분해효소 24.02.05).xlsx,노르웨이
오메가3(알티지)(동물성),90000,네덜란드,바른에프피,확실,거래처 카탈로그,오메가3 (압착저온추출),바른에프피 품목리스트(카무트글루텐분해효소 24.02.05).xlsx,노르웨이
오메가3(정제어유분말),65000,독일,바른에프피,확실,거래처 카탈로그,오메가3 (압착저온추출),바른에프피 품목리스트(카무트글루텐분해효소 24.02.05).xlsx,노르웨이
오메가3(정제유분말),46000,,바른에프피,확실,거래처 카탈로그,오메가3 (압착저온추출),바른에프피 품목리스트(카무트글루텐분해효소 24.02.05).xlsx,노르웨이
은행잎추출분말 24%,185000,미국,바른에프피,확실,거래처 카탈로그,은행잎추출분말,바른에프피 품목리스트(카무트글루텐분해효소 24.02.05).xlsx,미국
MSM,20000,미국,바른에프피,확실,거래처 카탈로그,MSM,바른에프피 품목리스트(카무트글루텐분해효소 24.02.05).xlsx,미국
MSM(옵티),60000,미국,바른에프피,확실,거래처 카탈로그,MSM,바른에프피 품목리스트(카무트글루텐분해효소 24.02.05).xlsx,미국
보스웰리아추출분말,12000,인도,바른에프피,확실,거래처 카탈로그,보스웰리아추출분말,바른에프피 품목리스트(카무트글루텐분해효소 24.02.05).xlsx,인도
녹색입홍합분말(동결건조),65000,뉴질랜드,바른에프피,확실,거래처 카탈로그,녹색입홍합분말,바른에프피 품목리스트(카무트글루텐분해효소 24.02.05).xlsx,뉴질랜드
마리골드꽃추출물,140000,인도,바른에프피,확실,거래처 카탈로그,마리골드꽃추출물 (루테인),바른에프피 품목리스트(카무트글루텐분해효소 24.02.05).xlsx,미국
마리골드꽃추출물,130000,,바른에프피,확실,거래처 카탈로그,마리골드꽃추출물 (루테인),바른에프피 품목리스트(카무트글루텐분해효소 24.02.05).xlsx,미국
히비스커스추출분말,80000,독일,바른에프피,확실,거래처 카탈로그,히비스커스추출분말,바른에프피 품목리스트(카무트글루텐분해효소 24.02.05).xlsx,중국
히알루론산,440000,미국,바른에프피,확실,거래처 카탈로그,히알루론산,바른에프피 품목리스트(카무트글루텐분해효소 24.02.05).xlsx,중국
히알루론산,370000,미국,바른에프피,확실,거래처 카탈로그,히알루론산,바른에프피 품목리스트(카무트글루텐분해효소 24.02.05).xlsx,중국
히알루론산,275000,중국,바른에프피,확실,거래처 카탈로그,히알루론산,바른에프피 품목리스트(카무트글루텐분해효소 24.02.05).xlsx,중국
어골칼슘,38000,프랑스,바른에프피,확실,거래처 카탈로그,어골칼슘,바른에프피 품목리스트(카무트글루텐분해효소 24.02.05).xlsx,일본
비타민C,7500,중국,바른에프피,확실,거래처 카탈로그,비타민C 97% (HPMC),바른에프피 품목리스트(카무트글루텐분해효소 24.02.05).xlsx,중국
비타민C(중성),70000,미국,바른에프피,확실,거래처 카탈로그,비타민C 97% (HPMC),바른에프피 품목리스트(카무트글루텐분해효소 24.02.05).xlsx,중국
비타민C(리포조말),150000,,바른에프피,확실,거래처 카탈로그,비타민C 97% (HPMC),바른에프피 품목리스트(카무트글루텐분해효소 24.02.05).xlsx,중국
비타민C(리포조말),170000,미국,바른에프피,확실,거래처 카탈로그,비타민C 97% (HPMC),바른에프피 품목리스트(카무트글루텐분해효소 24.02.05).xlsx,중국
비타민C,35000,,바른에프피,확실,거래처 카탈로그,비타민C 97% (HPMC),바른에프피 품목리스트(카무트글루텐분해효소 24.02.05).xlsx,중국
글루콘산마그네슘,25000,미국,바른에프피,확실,거래처 카탈로그,글루콘산마그네슘,바른에프피 품목리스트(카무트글루텐분해효소 24.02.05).xlsx,미국
글루콘산 아연,29000,미국,바른에프피,확실,거래처 카탈로그,글루콘산아연,바른에프피 품목리스트(카무트글루텐분해효소 24.02.05).xlsx,미국
효모추출물(L-글루타치온50%),210000,중국,바른에프피,확실,거래처 카탈로그,효모추출물,바른에프피 품목리스트(카무트글루텐분해효소 24.02.05).xlsx,중국
L-트레오닌,12000,중국,바른에프피,확실,거래처 카탈로그,L-트레오닌,바른에프피 품목리스트(카무트글루텐분해효소 24.02.05).xlsx,중국
L-페닐알라닌,25000,중국,바른에프피,확실,거래처 카탈로그,L-페닐알라닌,바른에프피 품목리스트(카무트글루텐분해효소 24.02.05).xlsx,중국
L-티로신,37000,,바른에프피,확실,거래처 카탈로그,L-티로신,바른에프피 품목리스트(카무트글루텐분해효소 24.02.05).xlsx,중국
L-라이신염산염,8000,중국,바른에프피,확실,거래처 카탈로그,L-라이신 염산염,바른에프피 품목리스트(카무트글루텐분해효소 24.02.05).xlsx,중국
L-시스틴,43000,국산,바른에프피,확실,거래처 카탈로그,L-시스틴,바른에프피 품목리스트(카무트글루텐분해효소 24.02.05).xlsx,중국
스테아린산 마그네슘,6000,,바른에프피,확실,거래처 카탈로그,스테아린산 마그네슘,바른에프피 품목리스트(카무트글루텐분해효소 24.02.05).xlsx,싱가포르
스테아린산 마그네슘,6100,,바른에프피,확실,거래처 카탈로그,스테아린산 마그네슘,바른에프피 품목리스트(카무트글루텐분해효소 24.02.05).xlsx,싱가포르
HPMC,18000,,바른에프피,확실,거래처 카탈로그,HPMC,바른에프피 품목리스트(카무트글루텐분해효소 24.02.05).xlsx,중국
자일리톨,7500,중국,바른에프피,확실,거래처 카탈로그,자일리톨,바른에프피 품목리스트(카무트글루텐분해효소 24.02.05).xlsx,국내제조
포도씨유,7500,스페인,바른에프피,확실,거래처 카탈로그,포도씨유,바른에프피 품목리스트(카무트글루텐분해효소 24.02.05).xlsx,독일
초유분말,50000,미국,바른에프피,확실,거래처 카탈로그,초유분말,바른에프피 품목리스트(카무트글루텐분해효소 24.02.05).xlsx,독일
초유분말,85000,미국,바른에프피,확실,거래처 카탈로그,초유분말,바른에프피 품목리스트(카무트글루텐분해효소 24.02.05).xlsx,독일
타우린,6500,중국,바른에프피,확실,거래처 카탈로그,타우린,바른에프피 품목리스트(카무트글루텐분해효소 24.02.05).xlsx,중국
글리신,8000,국산,바른에프피,확실,거래처 카탈로그,글리신,바른에프피 품목리스트(카무트글루텐분해효소 24.02.05).xlsx,국산
갈근농축액,30000,,올담식품,확실,거래처 카탈로그,갈근(칡)농축액,올담식품 리스트.xlsx,국산
구기자농축액,28000,국산,올담식품,확실,거래처 카탈로그,구기자농축액,올담식품 리스트.xlsx,중국산
당귀농축액,21000,국산,올담식품,확실,거래처 카탈로그,당귀농축액,올담식품 리스트.xlsx,국산
대추농축액,20000,국산,올담식품,확실,거래처 카탈로그,대추농축액,올담식품 리스트.xlsx,국산
라임농축액,13500,,올담식품,확실,거래처 카탈로그,라임농축액,올담식품 리스트.xlsx,이탈리아산
라임농축액,12000,,올담식품,확실,거래처 카탈로그,라임농축액,올담식품 리스트.xlsx,이탈리아산
레드비트농축액(유기농),8500,,올담식품,확실,거래처 카탈로그,레드비트농축액,올담식품 리스트.xlsx,독일산
레몬농축액,13000,,올담식품,확실,거래처 카탈로그,레몬농축액,올담식품 리스트.xlsx,이스라엘산
레몬농축액,12000,이스라엘,올담식품,확실,거래처 카탈로그,레몬농축액,올담식품 리스트.xlsx,이스라엘산
레몬농축액,11000,,올담식품,확실,거래처 카탈로그,레몬농축액,올담식품 리스트.xlsx,이스라엘산
모로블러드오렌지농축액,9700,이탈리아,올담식품,확실,거래처 카탈로그,모로블러드오렌지농축액,올담식품 리스트.xlsx,이탈리아산
오렌지농축액,11000,미국,올담식품,확실,거래처 카탈로그,오렌지농축액,올담식품 리스트.xlsx,스페인산
벌나무농축액(산겨릅나무),40000,,올담식품,확실,거래처 카탈로그,벌나무농축액,올담식품 리스트.xlsx,국산
배농축액,8500,,올담식품,확실,거래처 카탈로그,배농축액,올담식품 리스트.xlsx,국산
배농축액,5200,,올담식품,확실,거래처 카탈로그,배농축액,올담식품 리스트.xlsx,국산
복분자농축액,25000,중국,올담식품,확실,거래처 카탈로그,복분자농축액,올담식품 리스트.xlsx,국산
복분자농축액(20브릭스),65000,국산,올담식품,확실,거래처 카탈로그,복분자농축액,올담식품 리스트.xlsx,국산
복숭아농축액,9500,이스라엘,올담식품,확실,거래처 카탈로그,복숭아농축액,올담식품 리스트.xlsx,이스라엘산
브로콜리농축액,13000,,올담식품,확실,거래처 카탈로그,브로콜리농축액,올담식품 리스트.xlsx,국산
블루베리농축액,13000,미국,올담식품,확실,거래처 카탈로그,블루베리농축액,올담식품 리스트.xlsx,미국산
사과농축액,4400,,올담식품,확실,거래처 카탈로그,사과농축액,올담식품 리스트.xlsx,국산
사과농축액,5700,,올담식품,확실,거래처 카탈로그,사과농축액,올담식품 리스트.xlsx,국산
생강농축액,53000,,올담식품,확실,거래처 카탈로그,생강농축액,올담식품 리스트.xlsx,국산
생강농축액,9500,,올담식품,확실,거래처 카탈로그,생강농축액,올담식품 리스트.xlsx,국산
석류농축액,11000,이란,올담식품,확실,거래처 카탈로그,석류농축액,올담식품 리스트.xlsx,이란산
석류농축액,8000,스페인,올담식품,확실,거래처 카탈로그,석류농축액,올담식품 리스트.xlsx,이란산
석류농축액(유기농),7500,터키,올담식품,확실,거래처 카탈로그,석류농축액,올담식품 리스트.xlsx,이란산
숙지황농축액,20000,중국,올담식품,확실,거래처 카탈로그,숙지황농축액,올담식품 리스트.xlsx,중국산
아로니아농축액,7000,폴란드,올담식품,확실,거래처 카탈로그,아로니아농축액,올담식품 리스트.xlsx,폴란드산
양배추농축액,24000,국산,올담식품,확실,거래처 카탈로그,양배추농축액,올담식품 리스트.xlsx,국산
양배추농축액,19000,,올담식품,확실,거래처 카탈로그,양배추농축액,올담식품 리스트.xlsx,국산
양배추즙농축액,20000,,올담식품,확실,거래처 카탈로그,양배추즙농축액,올담식품 리스트.xlsx,국산
엘더베리(착즙)농축액(65브릭스),36000,오스트리아,올담식품,확실,거래처 카탈로그,엘더베리농축액,올담식품 리스트.xlsx,오스트리아산
적포도농축액,6400,,올담식품,확실,거래처 카탈로그,적포도농축액,올담식품 리스트.xlsx,칠레산
타트체리농축액,4800,터키,올담식품,확실,거래처 카탈로그,타트체리농축액,올담식품 리스트.xlsx,미국산
타트체리농축액,6800,터키,올담식품,확실,거래처 카탈로그,타트체리농축액,올담식품 리스트.xlsx,미국산
헛개나무열매농축액,78000,,올담식품,확실,거래처 카탈로그,헛개나무열매농축액,올담식품 리스트.xlsx,중국산
20야채혼합농축분말,17000,,올담식품,확실,거래처 카탈로그,20 야채혼합농축분말,올담식품 리스트.xlsx,독일산
27종과일야채혼합농축분말,23000,,올담식품,확실,거래처 카탈로그,27종 과일야채혼합농축분말,올담식품 리스트.xlsx,혼합
감태추출분말,48000,,올담식품,확실,거래처 카탈로그,감태추출분말,올담식품 리스트.xlsx,국산
강황추출분말,28000,인도,올담식품,확실,거래처 카탈로그,강황추출분말,올담식품 리스트.xlsx,인도네시아산
강황추출분말,190000,인도,올담식품,확실,거래처 카탈로그,강황추출분말,올담식품 리스트.xlsx,인도네시아산
강황추출분말,195000,인도,올담식품,확실,거래처 카탈로그,강황추출분말,올담식품 리스트.xlsx,인도네시아산
강황추출분말,24000,인도,올담식품,확실,거래처 카탈로그,강황추출분말,올담식품 리스트.xlsx,인도네시아산
계피추출분말,26000,베트남,올담식품,확실,거래처 카탈로그,계피추출분말,올담식품 리스트.xlsx,베트남산
계피추출분말,16000,베트남,올담식품,확실,거래처 카탈로그,계피추출분말,올담식품 리스트.xlsx,베트남산
계피추출분말,15500,,올담식품,확실,거래처 카탈로그,계피추출분말,올담식품 리스트.xlsx,베트남산
구기자추출분말,30000,,올담식품,확실,거래처 카탈로그,구기자추출분말,올담식품 리스트.xlsx,국산
구기자추출분말,35000,,올담식품,확실,거래처 카탈로그,구기자추출분말,올담식품 리스트.xlsx,국산
구기자추출분말,29700,,올담식품,확실,거래처 카탈로그,구기자추출분말,올담식품 리스트.xlsx,국산
발효구기자추출분말,32000,국산,올담식품,확실,거래처 카탈로그,발효구기자추출분말,올담식품 리스트.xlsx,국산
구절초추출분말,18000,,올담식품,확실,거래처 카탈로그,구절초추출분말,올담식품 리스트.xlsx,국산
녹용추출분말,140000,뉴질랜드,올담식품,확실,거래처 카탈로그,녹용추출분말,올담식품 리스트.xlsx,뉴질랜드산
녹용추출분말,65000,뉴질랜드,올담식품,확실,거래처 카탈로그,녹용추출분말,올담식품 리스트.xlsx,뉴질랜드산
마추출분말,23000,국산,올담식품,확실,거래처 카탈로그,마추출분말,올담식품 리스트.xlsx,국산
마추출분말,29000,국산,올담식품,확실,거래처 카탈로그,마추출분말,올담식품 리스트.xlsx,국산
단호박추출분말,15000,,올담식품,확실,거래처 카탈로그,단호박추출분말,올담식품 리스트.xlsx,국산
대추야자추출분말,25000,이란,올담식품,확실,거래처 카탈로그,대추야자추출분말,올담식품 리스트.xlsx,이란산
레드비트농축분말,18000,,올담식품,확실,거래처 카탈로그,레드비트농축분말,올담식품 리스트.xlsx,독일산
레드비트농축분말,17000,,올담식품,확실,거래처 카탈로그,레드비트농축분말,올담식품 리스트.xlsx,독일산
레몬밤추출분말,15000,중국,올담식품,확실,거래처 카탈로그,레몬밤추출분말,올담식품 리스트.xlsx,중국산
로즈힙추출분말,20000,칠레,올담식품,확실,거래처 카탈로그,로즈힙추출분말,올담식품 리스트.xlsx,칠레산
로즈힙추출분말,60000,인도,올담식품,확실,거래처 카탈로그,로즈힙추출분말,올담식품 리스트.xlsx,칠레산
마리골드추출분말,80000,인도,올담식품,확실,거래처 카탈로그,마리골드추출분말,올담식품 리스트.xlsx,국산
마테추출분말,16000,브라질,올담식품,확실,거래처 카탈로그,마테추출분말,올담식품 리스트.xlsx,브라질산
마테추출분말,50000,브라질,올담식품,확실,거래처 카탈로그,마테추출분말,올담식품 리스트.xlsx,브라질산
매실추출분말,17000,,올담식품,확실,거래처 카탈로그,매실추출분말,올담식품 리스트.xlsx,국산
매실추출분말,19000,,올담식품,확실,거래처 카탈로그,매실추출분말,올담식품 리스트.xlsx,국산
매실추출분말,18000,,올담식품,확실,거래처 카탈로그,매실추출분말,올담식품 리스트.xlsx,국산
맥아추출분말,25000,국산,올담식품,확실,거래처 카탈로그,맥아(보리)추출분말,올담식품 리스트.xlsx,국산
맥아추출분말,23500,영국,올담식품,확실,거래처 카탈로그,맥아(보리)추출분말,올담식품 리스트.xlsx,국산
오렌지농축분말,15000,,올담식품,확실,거래처 카탈로그,오렌지농축분말,올담식품 리스트.xlsx,스페인산
오렌지농축분말,18000,브라질,올담식품,확실,거래처 카탈로그,오렌지농축분말,올담식품 리스트.xlsx,스페인산
모로오렌지추출분말,17000,이스라엘,올담식품,확실,거래처 카탈로그,모로오렌지추출분말,올담식품 리스트.xlsx,이탈리아산
모링가추출분말,15000,,올담식품,확실,거래처 카탈로그,모링가추출분말,올담식품 리스트.xlsx,인도네시아산
모링가추출분말,21000,,올담식품,확실,거래처 카탈로그,모링가추출분말,올담식품 리스트.xlsx,인도네시아산
미강추출분말,26000,,올담식품,확실,거래처 카탈로그,미강추출분말,올담식품 리스트.xlsx,국산
민들레추출분말,24000,중국,올담식품,확실,거래처 카탈로그,민들레추출분말,올담식품 리스트.xlsx,국산
새싹보리추출분말,29000,국산,올담식품,확실,거래처 카탈로그,새싹보리추출분말,올담식품 리스트.xlsx,국산
발효율피추출분말,19000,국산,올담식품,확실,거래처 카탈로그,발효율피추출분말,올담식품 리스트.xlsx,국산
백수오추출분말,43000,,올담식품,확실,거래처 카탈로그,백수오추출분말,올담식품 리스트.xlsx,국산
보이차추출분말,17000,중국,올담식품,확실,거래처 카탈로그,보이차추출분말,올담식품 리스트.xlsx,중국산
블루베리농축분말,24000,,올담식품,확실,거래처 카탈로그,블루베리농축분말,올담식품 리스트.xlsx,미국산
사과농축분말(풋),14000,,올담식품,확실,거래처 카탈로그,사과농축분말,올담식품 리스트.xlsx,국산
사과농축분말(청),15000,,올담식품,확실,거래처 카탈로그,사과농축분말,올담식품 리스트.xlsx,국산
사과초모식초분말,32000,,올담식품,확실,거래처 카탈로그,사과초모식초분말,올담식품 리스트.xlsx,국산
산사자추출분말,19000,중국,올담식품,확실,거래처 카탈로그,산사자추출분말,올담식품 리스트.xlsx,국산
산수유추출분말,25000,,올담식품,확실,거래처 카탈로그,산수유추출분말,올담식품 리스트.xlsx,국산
산수유추출분말,32000,,올담식품,확실,거래처 카탈로그,산수유추출분말,올담식품 리스트.xlsx,국산
쇠뜨기추출분말,42000,,올담식품,확실,거래처 카탈로그,쇠뜨기추출분말,올담식품 리스트.xlsx,국산
수박과피추출분말,99000,,올담식품,확실,거래처 카탈로그,수박과피추출분말,올담식품 리스트.xlsx,국산
옥수수추출분말,15000,,올담식품,확실,거래처 카탈로그,옥수수추출분말,올담식품 리스트.xlsx,국산
어성초추출분말,50000,국산,올담식품,확실,거래처 카탈로그,어성초추출분말,올담식품 리스트.xlsx,중국산
어성초추출분말,16000,중국,올담식품,확실,거래처 카탈로그,어성초추출분말,올담식품 리스트.xlsx,중국산
홍차추출분말(얼그레이),16000,스리랑카,올담식품,확실,거래처 카탈로그,홍차추출분말,올담식품 리스트.xlsx,칠레산
홍차추출분말(우바),45000,스리랑카,올담식품,확실,거래처 카탈로그,홍차추출분말,올담식품 리스트.xlsx,칠레산
연자육추출분말,31000,국산,올담식품,확실,거래처 카탈로그,연자육추출분말,올담식품 리스트.xlsx,베트남산
오디농축분말,32000,국산,올담식품,확실,거래처 카탈로그,오디농축분말,올담식품 리스트.xlsx,국산
오미자추출분말,34000,,올담식품,확실,거래처 카탈로그,오미자추출분말,올담식품 리스트.xlsx,국산
오미자추출분말,19000,,올담식품,확실,거래처 카탈로그,오미자추출분말,올담식품 리스트.xlsx,국산
옥수수수염추출분말,25000,,올담식품,확실,거래처 카탈로그,옥수수수염추출분말,올담식품 리스트.xlsx,국산
울금추출분말,29000,인도네시아,올담식품,확실,거래처 카탈로그,울금추출분말,올담식품 리스트.xlsx,인도네시아산
유근피추출분말,75000,,올담식품,확실,거래처 카탈로그,유근피추출분말,올담식품 리스트.xlsx,국산
유근피추출분말,50000,,올담식품,확실,거래처 카탈로그,유근피추출분말,올담식품 리스트.xlsx,국산
유자과즙분말,29000,국산,올담식품,확실,거래처 카탈로그,유자과즙분말,올담식품 리스트.xlsx,국산
유자과즙분말,28000,국산,올담식품,확실,거래처 카탈로그,유자과즙분말,올담식품 리스트.xlsx,국산
작두콩추출분말,30000,,올담식품,확실,거래처 카탈로그,작두콩추출분말,올담식품 리스트.xlsx,국산
진피추출분말,21000,국산,올담식품,확실,거래처 카탈로그,진피추출분말,올담식품 리스트.xlsx,국산
차즈기추출분말,16000,국산,올담식품,확실,거래처 카탈로그,차즈기추출분말,올담식품 리스트.xlsx,국산
차즈기추출분말,18000,국산,올담식품,확실,거래처 카탈로그,차즈기추출분말,올담식품 리스트.xlsx,국산
청포도농축분말,15000,,올담식품,확실,거래처 카탈로그,청포도농축분말,올담식품 리스트.xlsx,아르헨티나산
토마토추출분말(건식원료)(액상),600000,이스라엘,올담식품,확실,거래처 카탈로그,토마토추출분말,올담식품 리스트.xlsx,칠레산
토마토추출분말(건식원료)(액상),350000,인도,올담식품,확실,거래처 카탈로그,토마토추출분말,올담식품 리스트.xlsx,칠레산
푸룬농축분말,19000,,올담식품,확실,거래처 카탈로그,푸룬농축분말,올담식품 리스트.xlsx,칠레산
핑거루트 추출분말(개별인정형),330000,,올담식품,확실,거래처 카탈로그,핑거루트추출분말,올담식품 리스트.xlsx,인도네시아산
핑거루트추출분말,300000,,올담식품,확실,거래처 카탈로그,핑거루트추출분말,올담식품 리스트.xlsx,인도네시아산
한속단추출분말,90000,,올담식품,확실,거래처 카탈로그,한속단추출분말,올담식품 리스트.xlsx,중국산
회화나무열매추출분말,160000,인도,올담식품,확실,거래처 카탈로그,회화나무열매추출분말,올담식품 리스트.xlsx,중국산
회화나무열매추출분말,15000,중국,올담식품,확실,거래처 카탈로그,회화나무열매추출분말,올담식품 리스트.xlsx,중국산
회화나무열매추출분말,140000,인도,올담식품,확실,거래처 카탈로그,회화나무열매추출분말,올담식품 리스트.xlsx,중국산
흰강낭콩추출분말,15000,캐나다,올담식품,확실,거래처 카탈로그,흰강낭콩추출분말,올담식품 리스트.xlsx,캐나다산
흰강낭콩추출분말,45000,인도,올담식품,확실,거래처 카탈로그,흰강낭콩추출분말,올담식품 리스트.xlsx,캐나다산
히비스커스추출분말,80000,독일,올담식품,확실,거래처 카탈로그,히비스커스추출분말,올담식품 리스트.xlsx,이집트산
구기자농축액,28000,국산,해찬솔,확실,거래처 카탈로그,구기자농축액(BRIX:62),해찬솔푸드-품목리스트(통합)(24.03.27).pdf,국산
녹용추출액,27000,뉴질랜드,해찬솔,확실,거래처 카탈로그,녹용추출액,해찬솔푸드-품목리스트(통합)(24.03.27).pdf,뉴질랜드산
당귀농축액,21000,국산,해찬솔,확실,거래처 카탈로그,당귀농축액,해찬솔푸드-품목리스트(통합)(24.03.27).pdf,국산
대추농축액,20000,국산,해찬솔,확실,거래처 카탈로그,대추농축액(BRIX:65),해찬솔푸드-품목리스트(통합)(24.03.27).pdf,국산
라임농축액,13500,,해찬솔,확실,거래처 카탈로그,라임농축액,해찬솔푸드-품목리스트(통합)(24.03.27).pdf,이탈리아산
라임농축액,12000,,해찬솔,확실,거래처 카탈로그,라임농축액,해찬솔푸드-품목리스트(통합)(24.03.27).pdf,이탈리아산
레드비트농축액(유기농),8500,,해찬솔,확실,거래처 카탈로그,레드비트농축액,해찬솔푸드-품목리스트(통합)(24.03.27).pdf,독일산
레몬농축액,13000,,해찬솔,확실,거래처 카탈로그,레몬농축액,해찬솔푸드-품목리스트(통합)(24.03.27).pdf,이스라엘산
레몬농축액,12000,이스라엘,해찬솔,확실,거래처 카탈로그,레몬농축액,해찬솔푸드-품목리스트(통합)(24.03.27).pdf,이스라엘산
레몬농축액,11000,,해찬솔,확실,거래처 카탈로그,레몬농축액,해찬솔푸드-품목리스트(통합)(24.03.27).pdf,이스라엘산
모로블러드오렌지농축액,9700,이탈리아,해찬솔,확실,거래처 카탈로그,모로블러드오렌지농축액,해찬솔푸드-품목리스트(통합)(24.03.27).pdf,이탈리아산
오렌지농축액,11000,미국,해찬솔,확실,거래처 카탈로그,오렌지농축액,해찬솔푸드-품목리스트(통합)(24.03.27).pdf,브라질산
배농축액,8500,,해찬솔,확실,거래처 카탈로그,배농축액(BRIX:70),해찬솔푸드-품목리스트(통합)(24.03.27).pdf,국산
배농축액,5200,,해찬솔,확실,거래처 카탈로그,배농축액(BRIX:70),해찬솔푸드-품목리스트(통합)(24.03.27).pdf,국산
복분자농축액,25000,중국,해찬솔,확실,거래처 카탈로그,복분자농축액(BRIX:20),해찬솔푸드-품목리스트(통합)(24.03.27).pdf,국산
복분자농축액(20브릭스),65000,국산,해찬솔,확실,거래처 카탈로그,복분자농축액(BRIX:20),해찬솔푸드-품목리스트(통합)(24.03.27).pdf,국산
복숭아농축액,9500,이스라엘,해찬솔,확실,거래처 카탈로그,복숭아농축액,해찬솔푸드-품목리스트(통합)(24.03.27).pdf,이스라엘산
브로콜리농축액,13000,,해찬솔,확실,거래처 카탈로그,브로콜리농축액(BRIX:40),해찬솔푸드-품목리스트(통합)(24.03.27).pdf,스페인
블루베리농축액,13000,미국,해찬솔,확실,거래처 카탈로그,블루베리농축액,해찬솔푸드-품목리스트(통합)(24.03.27).pdf,미국산
사과농축액,4400,,해찬솔,확실,거래처 카탈로그,사과농축액,해찬솔푸드-품목리스트(통합)(24.03.27).pdf,국산
사과농축액,5700,,해찬솔,확실,거래처 카탈로그,사과농축액,해찬솔푸드-품목리스트(통합)(24.03.27).pdf,국산
생강농축액,53000,,해찬솔,확실,거래처 카탈로그,생강농축액(BRIX:20),해찬솔푸드-품목리스트(통합)(24.03.27).pdf,국산
생강농축액,9500,,해찬솔,확실,거래처 카탈로그,생강농축액(BRIX:20),해찬솔푸드-품목리스트(통합)(24.03.27).pdf,국산
석류농축액,11000,이란,해찬솔,확실,거래처 카탈로그,석류농축액,해찬솔푸드-품목리스트(통합)(24.03.27).pdf,이란산
석류농축액,8000,스페인,해찬솔,확실,거래처 카탈로그,석류농축액,해찬솔푸드-품목리스트(통합)(24.03.27).pdf,이란산
석류농축액(유기농),7500,터키,해찬솔,확실,거래처 카탈로그,석류농축액,해찬솔푸드-품목리스트(통합)(24.03.27).pdf,이란산
숙지황농축액,20000,중국,해찬솔,확실,거래처 카탈로그,숙지황농축액(BRIX:60),해찬솔푸드-품목리스트(통합)(24.03.27).pdf,중국산
아로니아농축액,7000,폴란드,해찬솔,확실,거래처 카탈로그,아로니아농축액,해찬솔푸드-품목리스트(통합)(24.03.27).pdf,폴란드산
양배추농축액,24000,국산,해찬솔,확실,거래처 카탈로그,양배추농축액,해찬솔푸드-품목리스트(통합)(24.03.27).pdf,국산
양배추농축액,19000,,해찬솔,확실,거래처 카탈로그,양배추농축액,해찬솔푸드-품목리스트(통합)(24.03.27).pdf,국산
양배추즙농축액,20000,,해찬솔,확실,거래처 카탈로그,양배추즙농축액(BRIX:20),해찬솔푸드-품목리스트(통합)(24.03.27).pdf,국산
엘더베리(착즙)농축액(65브릭스),36000,오스트리아,해찬솔,확실,거래처 카탈로그,엘더베리농축액,해찬솔푸드-품목리스트(통합)(24.03.27).pdf,오스트리아
적포도농축액,6400,,해찬솔,확실,거래처 카탈로그,적포도농축액,해찬솔푸드-품목리스트(통합)(24.03.27).pdf,칠레산
헛개나무열매농축액,78000,,해찬솔,확실,거래처 카탈로그,헛개나무열매농축액(BRIX:60),해찬솔푸드-품목리스트(통합)(24.03.27).pdf,중국산
홍삼농축액,170000,,해찬솔,확실,거래처 카탈로그,홍삼농축액,해찬솔푸드-품목리스트(통합)(24.03.27).pdf,국산
홍삼농축액(6년근),210000,,해찬솔,확실,거래처 카탈로그,홍삼농축액,해찬솔푸드-품목리스트(통합)(24.03.27).pdf,국산
20야채혼합농축분말,17000,,해찬솔,확실,거래처 카탈로그,20야채혼합농축분말,해찬솔푸드-품목리스트(통합)(24.03.27).pdf,독일산
27종과일야채혼합농축분말,23000,,해찬솔,확실,거래처 카탈로그,27종 과일야채혼합농축분말,해찬솔푸드-품목리스트(통합)(24.03.27).pdf,혼용
감태추출분말,48000,,해찬솔,확실,거래처 카탈로그,감태추출분말,해찬솔푸드-품목리스트(통합)(24.03.27).pdf,제주산
계피추출분말,26000,베트남,해찬솔,확실,거래처 카탈로그,계피추출분말,해찬솔푸드-품목리스트(통합)(24.03.27).pdf,베트남산
계피추출분말,16000,베트남,해찬솔,확실,거래처 카탈로그,계피추출분말,해찬솔푸드-품목리스트(통합)(24.03.27).pdf,베트남산
계피추출분말,15500,,해찬솔,확실,거래처 카탈로그,계피추출분말,해찬솔푸드-품목리스트(통합)(24.03.27).pdf,베트남산
구기자추출분말,30000,,해찬솔,확실,거래처 카탈로그,구기자추출분말,해찬솔푸드-품목리스트(통합)(24.03.27).pdf,국산
구기자추출분말,35000,,해찬솔,확실,거래처 카탈로그,구기자추출분말,해찬솔푸드-품목리스트(통합)(24.03.27).pdf,국산
구기자추출분말,29700,,해찬솔,확실,거래처 카탈로그,구기자추출분말,해찬솔푸드-품목리스트(통합)(24.03.27).pdf,국산
발효구기자추출분말,32000,국산,해찬솔,확실,거래처 카탈로그,발효구기자추출분말,해찬솔푸드-품목리스트(통합)(24.03.27).pdf,국산
구절초추출분말,18000,,해찬솔,확실,거래처 카탈로그,구절초추출분말,해찬솔푸드-품목리스트(통합)(24.03.27).pdf,국산
녹용추출분말,140000,뉴질랜드,해찬솔,확실,거래처 카탈로그,녹용추출분말,해찬솔푸드-품목리스트(통합)(24.03.27).pdf,뉴질랜드산
녹용추출분말,65000,뉴질랜드,해찬솔,확실,거래처 카탈로그,녹용추출분말,해찬솔푸드-품목리스트(통합)(24.03.27).pdf,뉴질랜드산
마추출분말,23000,국산,해찬솔,확실,거래처 카탈로그,마추출분말,해찬솔푸드-품목리스트(통합)(24.03.27).pdf,국산
마추출분말,29000,국산,해찬솔,확실,거래처 카탈로그,마추출분말,해찬솔푸드-품목리스트(통합)(24.03.27).pdf,국산
대두추출분말,58000,미국,해찬솔,확실,거래처 카탈로그,대두추출분말,해찬솔푸드-품목리스트(통합)(24.03.27).pdf,중국산
레드비트농축분말,18000,,해찬솔,확실,거래처 카탈로그,레드비트농축분말,해찬솔푸드-품목리스트(통합)(24.03.27).pdf,독일산
레드비트농축분말,17000,,해찬솔,확실,거래처 카탈로그,레드비트농축분말,해찬솔푸드-품목리스트(통합)(24.03.27).pdf,독일산
레몬밤추출분말,15000,중국,해찬솔,확실,거래처 카탈로그,레몬밤추출분말,해찬솔푸드-품목리스트(통합)(24.03.27).pdf,이집트산
로즈힙추출분말,20000,칠레,해찬솔,확실,거래처 카탈로그,로즈힙추출분말,해찬솔푸드-품목리스트(통합)(24.03.27).pdf,칠레산
로즈힙추출분말,60000,인도,해찬솔,확실,거래처 카탈로그,로즈힙추출분말,해찬솔푸드-품목리스트(통합)(24.03.27).pdf,칠레산
마리골드추출분말,80000,인도,해찬솔,확실,거래처 카탈로그,마리골드추출분말,해찬솔푸드-품목리스트(통합)(24.03.27).pdf,이집트산
마테추출분말,16000,브라질,해찬솔,확실,거래처 카탈로그,마테추출분말,해찬솔푸드-품목리스트(통합)(24.03.27).pdf,브라질산
마테추출분말,50000,브라질,해찬솔,확실,거래처 카탈로그,마테추출분말,해찬솔푸드-품목리스트(통합)(24.03.27).pdf,브라질산
매실추출분말,17000,,해찬솔,확실,거래처 카탈로그,매실추출분말,해찬솔푸드-품목리스트(통합)(24.03.27).pdf,국산
매실추출분말,19000,,해찬솔,확실,거래처 카탈로그,매실추출분말,해찬솔푸드-품목리스트(통합)(24.03.27).pdf,국산
매실추출분말,18000,,해찬솔,확실,거래처 카탈로그,매실추출분말,해찬솔푸드-품목리스트(통합)(24.03.27).pdf,국산
맥아추출분말,25000,국산,해찬솔,확실,거래처 카탈로그,맥아추출분말,해찬솔푸드-품목리스트(통합)(24.03.27).pdf,국산
맥아추출분말,23500,영국,해찬솔,확실,거래처 카탈로그,맥아추출분말,해찬솔푸드-품목리스트(통합)(24.03.27).pdf,국산
모로블러드오렌지추출분말,16000,이탈리아,해찬솔,확실,거래처 카탈로그,모로블러드오렌지추출분말,해찬솔푸드-품목리스트(통합)(24.03.27).pdf,이탈리아산
모로오렌지추출분말,17000,이스라엘,해찬솔,확실,거래처 카탈로그,모로오렌지추출분말,해찬솔푸드-품목리스트(통합)(24.03.27).pdf,이스라엘산
미강추출분말,26000,,해찬솔,확실,거래처 카탈로그,미강추출분말,해찬솔푸드-품목리스트(통합)(24.03.27).pdf,국산
미역추출분말,75000,중국,해찬솔,확실,거래처 카탈로그,미역추출분말,해찬솔푸드-품목리스트(통합)(24.03.27).pdf,국산
미역추출분말,15000,,해찬솔,확실,거래처 카탈로그,미역추출분말,해찬솔푸드-품목리스트(통합)(24.03.27).pdf,국산
민들레추출분말,24000,중국,해찬솔,확실,거래처 카탈로그,민들레추출분말,해찬솔푸드-품목리스트(통합)(24.03.27).pdf,국산
바나나 엑기스분말,18000,필리핀,해찬솔,확실,거래처 카탈로그,바나나엑기스분말,해찬솔푸드-품목리스트(통합)(24.03.27).pdf,필리핀산
발효율피추출분말,19000,국산,해찬솔,확실,거래처 카탈로그,발효율피추출분말,해찬솔푸드-품목리스트(통합)(24.03.27).pdf,국산
백복령추출분말,48000,중국,해찬솔,확실,거래처 카탈로그,백복령추출분말,해찬솔푸드-품목리스트(통합)(24.03.27).pdf,중국산
보이차추출분말,17000,중국,해찬솔,확실,거래처 카탈로그,보이차추출분말,해찬솔푸드-품목리스트(통합)(24.03.27).pdf,중국산
블루베리농축분말,24000,,해찬솔,확실,거래처 카탈로그,블루베리농축분말,해찬솔푸드-품목리스트(통합)(24.03.27).pdf,미국산
사과농축분말(풋),14000,,해찬솔,확실,거래처 카탈로그,사과농축분말,해찬솔푸드-품목리스트(통합)(24.03.27).pdf,국산
사과농축분말(청),15000,,해찬솔,확실,거래처 카탈로그,사과농축분말,해찬솔푸드-품목리스트(통합)(24.03.27).pdf,국산
사과초모식초분말,32000,,해찬솔,확실,거래처 카탈로그,사과초모식초분말,해찬솔푸드-품목리스트(통합)(24.03.27).pdf,국산
산수유추출분말,25000,,해찬솔,확실,거래처 카탈로그,산수유추출분말,해찬솔푸드-품목리스트(통합)(24.03.27).pdf,국산
산수유추출분말,32000,,해찬솔,확실,거래처 카탈로그,산수유추출분말,해찬솔푸드-품목리스트(통합)(24.03.27).pdf,국산
수박과피추출분말,99000,,해찬솔,확실,거래처 카탈로그,수박과피추출분말,해찬솔푸드-품목리스트(통합)(24.03.27).pdf,국산
숙지황추출분말,38000,국산,해찬솔,확실,거래처 카탈로그,숙지황추출분말,해찬솔푸드-품목리스트(통합)(24.03.27).pdf,국산
숙지황추출분말,40000,,해찬솔,확실,거래처 카탈로그,숙지황추출분말,해찬솔푸드-품목리스트(통합)(24.03.27).pdf,국산
어성초추출분말,50000,국산,해찬솔,확실,거래처 카탈로그,어성초추출분말,해찬솔푸드-품목리스트(통합)(24.03.27).pdf,중국산
어성초추출분말,16000,중국,해찬솔,확실,거래처 카탈로그,어성초추출분말,해찬솔푸드-품목리스트(통합)(24.03.27).pdf,중국산
연자육추출분말,31000,국산,해찬솔,확실,거래처 카탈로그,연자육추출분말,해찬솔푸드-품목리스트(통합)(24.03.27).pdf,베트남산
오디농축분말,32000,국산,해찬솔,확실,거래처 카탈로그,오디농축분말,해찬솔푸드-품목리스트(통합)(24.03.27).pdf,국산
오미자추출분말,34000,,해찬솔,확실,거래처 카탈로그,오미자추출분말,해찬솔푸드-품목리스트(통합)(24.03.27).pdf,국산
오미자추출분말,19000,,해찬솔,확실,거래처 카탈로그,오미자추출분말,해찬솔푸드-품목리스트(통합)(24.03.27).pdf,국산
옥수수수염추출분말,25000,,해찬솔,확실,거래처 카탈로그,옥수수수염추출분말,해찬솔푸드-품목리스트(통합)(24.03.27).pdf,국산
옥수수추출분말,15000,,해찬솔,확실,거래처 카탈로그,옥수수추출분말,해찬솔푸드-품목리스트(통합)(24.03.27).pdf,국산
올리브잎추출분말,35000,인도,해찬솔,확실,거래처 카탈로그,올리브잎추출분말,해찬솔푸드-품목리스트(통합)(24.03.27).pdf,튀니지산
울금추출분말,29000,인도네시아,해찬솔,확실,거래처 카탈로그,울금추출분말,해찬솔푸드-품목리스트(통합)(24.03.27).pdf,인도네시아산
유근피추출분말,75000,,해찬솔,확실,거래처 카탈로그,유근피추출분말,해찬솔푸드-품목리스트(통합)(24.03.27).pdf,국산
유근피추출분말,50000,,해찬솔,확실,거래처 카탈로그,유근피추출분말,해찬솔푸드-품목리스트(통합)(24.03.27).pdf,국산
유자과즙분말,29000,국산,해찬솔,확실,거래처 카탈로그,유자과즙분말,해찬솔푸드-품목리스트(통합)(24.03.27).pdf,국산
유자과즙분말,28000,국산,해찬솔,확실,거래처 카탈로그,유자과즙분말,해찬솔푸드-품목리스트(통합)(24.03.27).pdf,국산
청포도농축분말,15000,,해찬솔,확실,거래처 카탈로그,청포도농축분말,해찬솔푸드-품목리스트(통합)(24.03.27).pdf,아르헨티나산
토마토추출분말(건식원료)(액상),600000,이스라엘,해찬솔,확실,거래처 카탈로그,토마토추출분말,해찬솔푸드-품목리스트(통합)(24.03.27).pdf,칠레산
토마토추출분말(건식원료)(액상),350000,인도,해찬솔,확실,거래처 카탈로그,토마토추출분말,해찬솔푸드-품목리스트(통합)(24.03.27).pdf,칠레산
푸룬농축분말,19000,,해찬솔,확실,거래처 카탈로그,푸룬농축분말,해찬솔푸드-품목리스트(통합)(24.03.27).pdf,미국산
핑거루트 추출분말(개별인정형),330000,,해찬솔,확실,거래처 카탈로그,핑거루트추출분말,해찬솔푸드-품목리스트(통합)(24.03.27).pdf,인도네시아산
핑거루트추출분말,300000,,해찬솔,확실,거래처 카탈로그,핑거루트추출분말,해찬솔푸드-품목리스트(통합)(24.03.27).pdf,인도네시아산
히비스커스추출분말,80000,독일,해찬솔,확실,거래처 카탈로그,히비스커스추출분말,해찬솔푸드-품목리스트(통합)(24.03.27).pdf,이집트산
샤인머스캣향분말,22000,국산,해찬솔,확실,거래처 카탈로그,샤인머스캣향분말,해찬솔푸드-품목리스트(통합)(24.03.27).pdf,
샤인머스캣향분말,30000,,해찬솔,확실,거래처 카탈로그,샤인머스캣향분말,해찬솔푸드-품목리스트(통합)(24.03.27).pdf,
석류향분말,24000,,해찬솔,확실,거래처 카탈로그,석류향분말,해찬솔푸드-품목리스트(통합)(24.03.27).pdf,
초코향분말,23000,,해찬솔,확실,거래처 카탈로그,초코향분말,해찬솔푸드-품목리스트(통합)(24.03.27).pdf,
초코향분말,30500,,해찬솔,확실,거래처 카탈로그,초코향분말,해찬솔푸드-품목리스트(통합)(24.03.27).pdf,
갈근농축액,30000,,태왕물산,확실,거래처 카탈로그,갈근농축액,태왕물산 주식회사_식첨 품목.xlsx,국산
마추출분말,23000,국산,태왕물산,확실,거래처 카탈로그,마(산약)추출분말,태왕물산 주식회사_식첨 품목.xlsx,국산
마추출분말,29000,국산,태왕물산,확실,거래처 카탈로그,마(산약)추출분말,태왕물산 주식회사_식첨 품목.xlsx,국산
구기자농축액,28000,국산,태왕물산,확실,거래처 카탈로그,구기자농축액,태왕물산 주식회사_식첨 품목.xlsx,국산
구기자추출분말,30000,,태왕물산,확실,거래처 카탈로그,구기자추출분말,태왕물산 주식회사_식첨 품목.xlsx,국산
구기자추출분말,35000,,태왕물산,확실,거래처 카탈로그,구기자추출분말,태왕물산 주식회사_식첨 품목.xlsx,국산
구기자추출분말,29700,,태왕물산,확실,거래처 카탈로그,구기자추출분말,태왕물산 주식회사_식첨 품목.xlsx,국산
구아검,5500,인도,태왕물산,확실,거래처 카탈로그,구아검,태왕물산 주식회사_식첨 품목.xlsx,인도
말토덱스트린,1800,중국,태왕물산,확실,거래처 카탈로그,말토덱스트린,태왕물산 주식회사_식첨 품목.xlsx,국산
말토덱스트린,2400,국산,태왕물산,확실,거래처 카탈로그,말토덱스트린,태왕물산 주식회사_식첨 품목.xlsx,국산
녹색입홍합분말(동결건조),65000,뉴질랜드,태왕물산,확실,거래처 카탈로그,녹색입홍합분말,태왕물산 주식회사_식첨 품목.xlsx,뉴질랜드
당귀농축액,21000,국산,태왕물산,확실,거래처 카탈로그,당귀농축액,태왕물산 주식회사_식첨 품목.xlsx,국산
당귀추출분말,24000,,태왕물산,확실,거래처 카탈로그,당귀추출분말,태왕물산 주식회사_식첨 품목.xlsx,국산
대추농축액,20000,국산,태왕물산,확실,거래처 카탈로그,대추농축액,태왕물산 주식회사_식첨 품목.xlsx,국산
동충하초(밀라타리스),55000,국산,태왕물산,확실,거래처 카탈로그,동충하초(밀리타리스),태왕물산 주식회사_식첨 품목.xlsx,국산
레드비트농축분말,18000,,태왕물산,확실,거래처 카탈로그,레드비트농축분말,태왕물산 주식회사_식첨 품목.xlsx,국산
레드비트농축분말,17000,,태왕물산,확실,거래처 카탈로그,레드비트농축분말,태왕물산 주식회사_식첨 품목.xlsx,국산
레몬농축액,13000,,태왕물산,확실,거래처 카탈로그,레몬농축액,태왕물산 주식회사_식첨 품목.xlsx,국산
레몬농축액,12000,이스라엘,태왕물산,확실,거래처 카탈로그,레몬농축액,태왕물산 주식회사_식첨 품목.xlsx,국산
레몬농축액,11000,,태왕물산,확실,거래처 카탈로그,레몬농축액,태왕물산 주식회사_식첨 품목.xlsx,국산
루테인,180000,미국,태왕물산,확실,거래처 카탈로그,루테인 20%,태왕물산 주식회사_식첨 품목.xlsx,중국
루테인,150000,인도,태왕물산,확실,거래처 카탈로그,루테인 20%,태왕물산 주식회사_식첨 품목.xlsx,중국
마리골드추출분말,80000,인도,태왕물산,확실,거래처 카탈로그,마리골드추출분말,태왕물산 주식회사_식첨 품목.xlsx,캐나다
마리골드꽃추출물,140000,인도,태왕물산,확실,거래처 카탈로그,마리골드꽃추출물,태왕물산 주식회사_식첨 품목.xlsx,미국
마리골드꽃추출물,130000,,태왕물산,확실,거래처 카탈로그,마리골드꽃추출물,태왕물산 주식회사_식첨 품목.xlsx,미국
매실추출분말,17000,,태왕물산,확실,거래처 카탈로그,매실추출분말,태왕물산 주식회사_식첨 품목.xlsx,국산
매실추출분말,19000,,태왕물산,확실,거래처 카탈로그,매실추출분말,태왕물산 주식회사_식첨 품목.xlsx,국산
매실추출분말,18000,,태왕물산,확실,거래처 카탈로그,매실추출분말,태왕물산 주식회사_식첨 품목.xlsx,국산
모과농축액(65브릭스),13000,,태왕물산,확실,거래처 카탈로그,모과농축액,태왕물산 주식회사_식첨 품목.xlsx,국산
모과농축액(65브릭스),15000,,태왕물산,확실,거래처 카탈로그,모과농축액,태왕물산 주식회사_식첨 품목.xlsx,국산
모과농축액(65브릭스),25500,,태왕물산,확실,거래처 카탈로그,모과농축액,태왕물산 주식회사_식첨 품목.xlsx,국산
모과농축액(60브릭스)100%,15000,,태왕물산,확실,거래처 카탈로그,모과농축액,태왕물산 주식회사_식첨 품목.xlsx,국산
무수구연산,3000,,태왕물산,확실,거래처 카탈로그,무수구연산(40mesh),태왕물산 주식회사_식첨 품목.xlsx,오스트리아
민들레추출분말,24000,중국,태왕물산,확실,거래처 카탈로그,민들레추출분말,태왕물산 주식회사_식첨 품목.xlsx,국산
밀크씨슬,98000,미국,태왕물산,확실,거래처 카탈로그,밀크씨슬,태왕물산 주식회사_식첨 품목.xlsx,미국
밀크씨슬,72000,중국,태왕물산,확실,거래처 카탈로그,밀크씨슬,태왕물산 주식회사_식첨 품목.xlsx,미국
밀크씨슬(유기농),390000,미국,태왕물산,확실,거래처 카탈로그,밀크씨슬,태왕물산 주식회사_식첨 품목.xlsx,미국
밀크씨슬(유기농),450000,스페인,태왕물산,확실,거래처 카탈로그,밀크씨슬,태왕물산 주식회사_식첨 품목.xlsx,미국
배농축액,8500,,태왕물산,확실,거래처 카탈로그,배농축액,태왕물산 주식회사_식첨 품목.xlsx,국산
배농축액,5200,,태왕물산,확실,거래처 카탈로그,배농축액,태왕물산 주식회사_식첨 품목.xlsx,국산
복분자농축액,25000,중국,태왕물산,확실,거래처 카탈로그,복분자농축액,태왕물산 주식회사_식첨 품목.xlsx,국산
복분자농축액(20브릭스),65000,국산,태왕물산,확실,거래처 카탈로그,복분자농축액,태왕물산 주식회사_식첨 품목.xlsx,국산
복숭아농축액,9500,이스라엘,태왕물산,확실,거래처 카탈로그,복숭아농축액,태왕물산 주식회사_식첨 품목.xlsx,국산
복숭아추출분말,27000,,태왕물산,확실,거래처 카탈로그,복숭아추출분말,태왕물산 주식회사_식첨 품목.xlsx,국산
블루베리농축분말,24000,,태왕물산,확실,거래처 카탈로그,블루베리농축분말,태왕물산 주식회사_식첨 품목.xlsx,국산
블루베리농축액,13000,미국,태왕물산,확실,거래처 카탈로그,블루베리농축액,태왕물산 주식회사_식첨 품목.xlsx,국산
비타민C,7500,중국,태왕물산,확실,거래처 카탈로그,비타민C(Fine powder),태왕물산 주식회사_식첨 품목.xlsx,영국
비타민C(중성),70000,미국,태왕물산,확실,거래처 카탈로그,비타민C(Fine powder),태왕물산 주식회사_식첨 품목.xlsx,영국
비타민C(리포조말),150000,,태왕물산,확실,거래처 카탈로그,비타민C(Fine powder),태왕물산 주식회사_식첨 품목.xlsx,영국
비타민C(리포조말),170000,미국,태왕물산,확실,거래처 카탈로그,비타민C(Fine powder),태왕물산 주식회사_식첨 품목.xlsx,영국
비타민C,35000,,태왕물산,확실,거래처 카탈로그,비타민C(Fine powder),태왕물산 주식회사_식첨 품목.xlsx,영국
사과농축분말(풋),14000,,태왕물산,확실,거래처 카탈로그,사과농축분말,태왕물산 주식회사_식첨 품목.xlsx,국산
사과농축분말(청),15000,,태왕물산,확실,거래처 카탈로그,사과농축분말,태왕물산 주식회사_식첨 품목.xlsx,국산
사과농축액,4400,,태왕물산,확실,거래처 카탈로그,사과농축액,태왕물산 주식회사_식첨 품목.xlsx,국산
사과농축액,5700,,태왕물산,확실,거래처 카탈로그,사과농축액,태왕물산 주식회사_식첨 품목.xlsx,국산
산수유추출분말,25000,,태왕물산,확실,거래처 카탈로그,산수유추출분말,태왕물산 주식회사_식첨 품목.xlsx,국산
산수유추출분말,32000,,태왕물산,확실,거래처 카탈로그,산수유추출분말,태왕물산 주식회사_식첨 품목.xlsx,국산
생강농축액,53000,,태왕물산,확실,거래처 카탈로그,생강농축액,태왕물산 주식회사_식첨 품목.xlsx,국산
생강농축액,9500,,태왕물산,확실,거래처 카탈로그,생강농축액,태왕물산 주식회사_식첨 품목.xlsx,국산
석류농축액,11000,이란,태왕물산,확실,거래처 카탈로그,석류농축액,태왕물산 주식회사_식첨 품목.xlsx,국산
석류농축액,8000,스페인,태왕물산,확실,거래처 카탈로그,석류농축액,태왕물산 주식회사_식첨 품목.xlsx,국산
석류농축액(유기농),7500,터키,태왕물산,확실,거래처 카탈로그,석류농축액,태왕물산 주식회사_식첨 품목.xlsx,국산
수크랄로스,44000,,태왕물산,확실,거래처 카탈로그,수크랄로스(식첨),태왕물산 주식회사_식첨 품목.xlsx,미국
숙지황농축액,20000,중국,태왕물산,확실,거래처 카탈로그,숙지황농축액,태왕물산 주식회사_식첨 품목.xlsx,국산
아로니아농축액,7000,폴란드,태왕물산,확실,거래처 카탈로그,아로니아농축액,태왕물산 주식회사_식첨 품목.xlsx,국산
아스파탐,35000,중국,태왕물산,확실,거래처 카탈로그,아스파탐,태왕물산 주식회사_식첨 품목.xlsx,국산
오디농축분말,32000,국산,태왕물산,확실,거래처 카탈로그,오디농축분말,태왕물산 주식회사_식첨 품목.xlsx,국산
오렌지농축분말,15000,,태왕물산,확실,거래처 카탈로그,오렌지농축분말,태왕물산 주식회사_식첨 품목.xlsx,국산
오렌지농축분말,18000,브라질,태왕물산,확실,거래처 카탈로그,오렌지농축분말,태왕물산 주식회사_식첨 품목.xlsx,국산
오렌지농축액,11000,미국,태왕물산,확실,거래처 카탈로그,오렌지농축액,태왕물산 주식회사_식첨 품목.xlsx,국산
오미자추출분말,34000,,태왕물산,확실,거래처 카탈로그,오미자추출분말,태왕물산 주식회사_식첨 품목.xlsx,국산
오미자추출분말,19000,,태왕물산,확실,거래처 카탈로그,오미자추출분말,태왕물산 주식회사_식첨 품목.xlsx,국산
옥수수수염추출분말,25000,,태왕물산,확실,거래처 카탈로그,옥수수수염추출분말,태왕물산 주식회사_식첨 품목.xlsx,국산
울금추출분말,29000,인도네시아,태왕물산,확실,거래처 카탈로그,울금추출분말,태왕물산 주식회사_식첨 품목.xlsx,국산
유자과즙분말,29000,국산,태왕물산,확실,거래처 카탈로그,유자과즙분말,태왕물산 주식회사_식첨 품목.xlsx,국산
유자과즙분말,28000,국산,태왕물산,확실,거래처 카탈로그,유자과즙분말,태왕물산 주식회사_식첨 품목.xlsx,국산
은행잎추출물,180000,미국,태왕물산,확실,거래처 카탈로그,은행잎추출물,태왕물산 주식회사_식첨 품목.xlsx,미국
인진쑥추출분말,32000,국산,태왕물산,확실,거래처 카탈로그,인진쑥추출분말,태왕물산 주식회사_식첨 품목.xlsx,국산
자일리톨,7500,중국,태왕물산,확실,거래처 카탈로그,자일리톨 (150~300mesh),태왕물산 주식회사_식첨 품목.xlsx,중국
잔탄검,11500,중국,태왕물산,확실,거래처 카탈로그,잔탄검,태왕물산 주식회사_식첨 품목.xlsx,오스트리아
잔탄검,20000,오스트리아,태왕물산,확실,거래처 카탈로그,잔탄검,태왕물산 주식회사_식첨 품목.xlsx,오스트리아
적포도농축액,6400,,태왕물산,확실,거래처 카탈로그,적포도농축액,태왕물산 주식회사_식첨 품목.xlsx,국산
정제포도당,1700,,태왕물산,확실,거래처 카탈로그,정제포도당,태왕물산 주식회사_식첨 품목.xlsx,국산
타트체리농축액,4800,터키,태왕물산,확실,거래처 카탈로그,타트체리농축액,태왕물산 주식회사_식첨 품목.xlsx,"터키, 미국"
타트체리농축액,6800,터키,태왕물산,확실,거래처 카탈로그,타트체리농축액,태왕물산 주식회사_식첨 품목.xlsx,"터키, 미국"
코엔자임Q10,850000,미국,태왕물산,확실,거래처 카탈로그,코엔자임Q10,태왕물산 주식회사_식첨 품목.xlsx,미국
코엔자임Q10,830000,인도,태왕물산,확실,거래처 카탈로그,코엔자임Q10,태왕물산 주식회사_식첨 품목.xlsx,미국
코엔자임Q10,770000,중국,태왕물산,확실,거래처 카탈로그,코엔자임Q10,태왕물산 주식회사_식첨 품목.xlsx,미국
콜레우스포스콜리추출물,290000,인도,태왕물산,확실,거래처 카탈로그,콜레우스포스콜리추출물,태왕물산 주식회사_식첨 품목.xlsx,인도
콜레우스포스콜리추출물(포슬린),300000,,태왕물산,확실,거래처 카탈로그,콜레우스포스콜리추출물,태왕물산 주식회사_식첨 품목.xlsx,인도
키토산,45000,중국,태왕물산,확실,거래처 카탈로그,키토산,태왕물산 주식회사_식첨 품목.xlsx,베트남
타우린,6500,중국,태왕물산,확실,거래처 카탈로그,타우린,태왕물산 주식회사_식첨 품목.xlsx,국산
테아닌,100000,중국,태왕물산,확실,거래처 카탈로그,테아닌,태왕물산 주식회사_식첨 품목.xlsx,중국
판토텐산칼슘,108000,영국,태왕물산,확실,거래처 카탈로그,판토텐산칼슘(식)(Calcium Dipantothenate),태왕물산 주식회사_식첨 품목.xlsx,영국
포도씨유,7500,스페인,태왕물산,확실,거래처 카탈로그,포도씨유,태왕물산 주식회사_식첨 품목.xlsx,스페인
푸룬농축분말,19000,,태왕물산,확실,거래처 카탈로그,푸룬농축분말,태왕물산 주식회사_식첨 품목.xlsx,국산
프락토올리고당,8000,중국,태왕물산,확실,거래처 카탈로그,프락토올리고당,태왕물산 주식회사_식첨 품목.xlsx,중국
핑거루트 추출분말(개별인정형),330000,,태왕물산,확실,거래처 카탈로그,핑거루트추출분말,태왕물산 주식회사_식첨 품목.xlsx,중국
핑거루트추출분말,300000,,태왕물산,확실,거래처 카탈로그,핑거루트추출분말,태왕물산 주식회사_식첨 품목.xlsx,중국
해조칼슘,10000,,태왕물산,확실,거래처 카탈로그,해조칼슘(Calcium Seaweeds),태왕물산 주식회사_식첨 품목.xlsx,프랑스
헛개나무열매농축액,78000,,태왕물산,확실,거래처 카탈로그,헛개나무열매농축액,태왕물산 주식회사_식첨 품목.xlsx,국산
히비스커스추출분말,80000,독일,태왕물산,확실,거래처 카탈로그,히비스커스추출분말 80%,태왕물산 주식회사_식첨 품목.xlsx,이집트산
히알루론산,440000,미국,태왕물산,확실,거래처 카탈로그,히알루론산,태왕물산 주식회사_식첨 품목.xlsx,중국
히알루론산,370000,미국,태왕물산,확실,거래처 카탈로그,히알루론산,태왕물산 주식회사_식첨 품목.xlsx,중국
히알루론산,275000,중국,태왕물산,확실,거래처 카탈로그,히알루론산,태왕물산 주식회사_식첨 품목.xlsx,중국
바나바잎추출물,60000,인도,태왕물산,확실,거래처 카탈로그,바나바잎 추출물 1%,태왕물산 주식회사_식첨 품목.xlsx,인도
바나바잎추출물1%,85000,인도,태왕물산,확실,거래처 카탈로그,바나바잎 추출물 1%,태왕물산 주식회사_식첨 품목.xlsx,인도
홍경천추출물,380000,이탈리아,태왕물산,확실,거래처 카탈로그,홍경천추출물,태왕물산 주식회사_식첨 품목.xlsx,
헤마토코쿠스추출물,1450000,독일,태왕물산,확실,거래처 카탈로그,헤마토코쿠스추출물,태왕물산 주식회사_식첨 품목.xlsx,뉴질랜드
보라지유,47000,네덜란드,태왕물산,확실,거래처 카탈로그,보라지유,태왕물산 주식회사_식첨 품목.xlsx,뉴질랜드
레드비트농축액(유기농),8500,,태왕물산,확실,거래처 카탈로그,레드비트 농축액,태왕물산 주식회사_식첨 품목.xlsx,터키
아가베시럽(유기농),15000,,태왕물산,확실,거래처 카탈로그,아가베 시럽,태왕물산 주식회사_식첨 품목.xlsx,멕시코
엘더베리(착즙)농축액(65브릭스),36000,오스트리아,태왕물산,확실,거래처 카탈로그,엘더베리농축액,태왕물산 주식회사_식첨 품목.xlsx,
가자추출물,980000,호주,동일팜텍,확실,거래처 카탈로그,가자추출물,동일팜텍 품목리스트_2024.pdf,인도산
돌외잎주정추출분말,370000,,동일팜텍,확실,거래처 카탈로그,돌외잎주정추출분말,동일팜텍 품목리스트_2024.pdf,중국
수박과피추출분말,99000,,동일팜텍,확실,거래처 카탈로그,수박과피추출분말,동일팜텍 품목리스트_2024.pdf,국산
쌀마그네슘,68000,국산,동일팜텍,확실,거래처 카탈로그,쌀마그네슘,동일팜텍 품목리스트_2024.pdf,일본
마리골드꽃추출물,140000,인도,동일팜텍,확실,거래처 카탈로그,마리골드꽃추출물,동일팜텍 품목리스트_2024.pdf,프랑스
마리골드꽃추출물,130000,,동일팜텍,확실,거래처 카탈로그,마리골드꽃추출물,동일팜텍 품목리스트_2024.pdf,프랑스
헤마토코쿠스추출물,1450000,독일,동일팜텍,확실,거래처 카탈로그,헤마토코쿠스추출물,동일팜텍 품목리스트_2024.pdf,스위스
은행잎추출분말 24%,185000,미국,동일팜텍,확실,거래처 카탈로그,은행잎추출분말,동일팜텍 품목리스트_2024.pdf,프랑스
홍국,170000,미국,동일팜텍,확실,거래처 카탈로그,홍국,동일팜텍 품목리스트_2024.pdf,인도
홍국,270000,인도,동일팜텍,확실,거래처 카탈로그,홍국,동일팜텍 품목리스트_2024.pdf,인도
코엔자임Q10,850000,미국,동일팜텍,확실,거래처 카탈로그,코엔자임Q10,동일팜텍 품목리스트_2024.pdf,인도 / 미국
코엔자임Q10,830000,인도,동일팜텍,확실,거래처 카탈로그,코엔자임Q10,동일팜텍 품목리스트_2024.pdf,인도 / 미국
코엔자임Q10,770000,중국,동일팜텍,확실,거래처 카탈로그,코엔자임Q10,동일팜텍 품목리스트_2024.pdf,인도 / 미국
포스파티딜세린70%,590000,인도,동일팜텍,확실,거래처 카탈로그,포스파티딜세린,동일팜텍 품목리스트_2024.pdf,미국
홍삼농축액,170000,,동일팜텍,확실,거래처 카탈로그,홍삼농축액,동일팜텍 품목리스트_2024.pdf,국산
홍삼농축액(6년근),210000,,동일팜텍,확실,거래처 카탈로그,홍삼농축액,동일팜텍 품목리스트_2024.pdf,국산
홍삼농축액분말(4년근),310000,,동일팜텍,확실,거래처 카탈로그,홍삼농축액분말,동일팜텍 품목리스트_2024.pdf,국산
홍삼농축액분말(6년근),330000,,동일팜텍,확실,거래처 카탈로그,홍삼농축액분말,동일팜텍 품목리스트_2024.pdf,국산
발효홍삼농축액분말(6년근),260000,,동일팜텍,확실,거래처 카탈로그,발효홍삼농축액분말,동일팜텍 품목리스트_2024.pdf,국산
초유분말,50000,미국,동일팜텍,확실,거래처 카탈로그,초유분말,동일팜텍 품목리스트_2024.pdf,미국
초유분말,85000,미국,동일팜텍,확실,거래처 카탈로그,초유분말,동일팜텍 품목리스트_2024.pdf,미국
옥수수수염추출분말,25000,,동일팜텍,확실,거래처 카탈로그,옥수수수염추출분말,동일팜텍 품목리스트_2024.pdf,국산
감초(원물),50000,국산,하이베이스,확실,거래처 카탈로그,감초,247-250쪽 3-1. 취급원료 목록-1(하이베이스).xlsx,
감초(원물)(우즈베키스탄),14000,,하이베이스,확실,거래처 카탈로그,감초,247-250쪽 3-1. 취급원료 목록-1(하이베이스).xlsx,
구연산,4500,,하이베이스,확실,거래처 카탈로그,구연산,247-250쪽 3-1. 취급원료 목록-1(하이베이스).xlsx,
글루콘산마그네슘,25000,미국,하이베이스,확실,거래처 카탈로그,글루콘산마그네슘,247-250쪽 3-1. 취급원료 목록-1(하이베이스).xlsx,
글루타치온(캐나다),450000,캐나다,하이베이스,확실,거래처 카탈로그,글루타치온(효모),247-250쪽 3-1. 취급원료 목록-1(하이베이스).xlsx,
글루타치온(14%)(스위스),180000,스위스,하이베이스,확실,거래처 카탈로그,글루타치온(효모),247-250쪽 3-1. 취급원료 목록-1(하이베이스).xlsx,
글루타치온,350000,인도,하이베이스,확실,거래처 카탈로그,글루타치온(효모),247-250쪽 3-1. 취급원료 목록-1(하이베이스).xlsx,
글루타치온50%,380000,캐나다,하이베이스,확실,거래처 카탈로그,글루타치온(효모),247-250쪽 3-1. 취급원료 목록-1(하이베이스).xlsx,
글루타치온50%,250000,인도,하이베이스,확실,거래처 카탈로그,글루타치온(효모),247-250쪽 3-1. 취급원료 목록-1(하이베이스).xlsx,
글리세린지방산에스테르(글리세롤),9000,국산,하이베이스,확실,거래처 카탈로그,글리세린지방산에스테르,247-250쪽 3-1. 취급원료 목록-1(하이베이스).xlsx,
글리세린지방산에스테르(글리세롤),5500,말레이시아,하이베이스,확실,거래처 카탈로그,글리세린지방산에스테르,247-250쪽 3-1. 취급원료 목록-1(하이베이스).xlsx,
녹차분말,26000,국산,하이베이스,확실,거래처 카탈로그,녹차분말,247-250쪽 3-1. 취급원료 목록-1(하이베이스).xlsx,
녹차분말,22000,국산,하이베이스,확실,거래처 카탈로그,녹차분말,247-250쪽 3-1. 취급원료 목록-1(하이베이스).xlsx,
대두식이섬유,3500,중국,하이베이스,확실,거래처 카탈로그,대두식이섬유,247-250쪽 3-1. 취급원료 목록-1(하이베이스).xlsx,
대두이소플라본(바이오이소플라본)(건식),300000,미국,하이베이스,확실,거래처 카탈로그,대두이소플라본(건식),247-250쪽 3-1. 취급원료 목록-1(하이베이스).xlsx,
대두이소플라본(수용성이소플라본)(건식),350000,미국,하이베이스,확실,거래처 카탈로그,대두이소플라본(건식),247-250쪽 3-1. 취급원료 목록-1(하이베이스).xlsx,
대두이소플라본,105000,,하이베이스,확실,거래처 카탈로그,대두이소플라본(건식),247-250쪽 3-1. 취급원료 목록-1(하이베이스).xlsx,
대두이소플라본,240000,,하이베이스,확실,거래처 카탈로그,대두이소플라본(건식),247-250쪽 3-1. 취급원료 목록-1(하이베이스).xlsx,
대두이소플라본,460000,,하이베이스,확실,거래처 카탈로그,대두이소플라본(건식),247-250쪽 3-1. 취급원료 목록-1(하이베이스).xlsx,
동충하초(밀라타리스),55000,국산,하이베이스,확실,거래처 카탈로그,동충하초,247-250쪽 3-1. 취급원료 목록-1(하이베이스).xlsx,
락토페린 5kg,1250000,뉴질랜드,하이베이스,확실,거래처 카탈로그,락토페린,247-250쪽 3-1. 취급원료 목록-1(하이베이스).xlsx,
로얄제리,205000,,하이베이스,확실,거래처 카탈로그,로얄제리,247-250쪽 3-1. 취급원료 목록-1(하이베이스).xlsx,
루테인,180000,미국,하이베이스,확실,거래처 카탈로그,루테인(마리골/기타가공),247-250쪽 3-1. 취급원료 목록-1(하이베이스).xlsx,
루테인,150000,인도,하이베이스,확실,거래처 카탈로그,루테인(마리골/기타가공),247-250쪽 3-1. 취급원료 목록-1(하이베이스).xlsx,
말토덱스트린,1800,중국,하이베이스,확실,거래처 카탈로그,말토덱스트린,247-250쪽 3-1. 취급원료 목록-1(하이베이스).xlsx,
말토덱스트린,2400,국산,하이베이스,확실,거래처 카탈로그,말토덱스트린,247-250쪽 3-1. 취급원료 목록-1(하이베이스).xlsx,
민들레추출분말,24000,중국,하이베이스,확실,거래처 카탈로그,민들레(포공영)추출분말,247-250쪽 3-1. 취급원료 목록-1(하이베이스).xlsx,
배농축액,8500,,하이베이스,확실,거래처 카탈로그,배농축액,247-250쪽 3-1. 취급원료 목록-1(하이베이스).xlsx,
배농축액,5200,,하이베이스,확실,거래처 카탈로그,배농축액,247-250쪽 3-1. 취급원료 목록-1(하이베이스).xlsx,
분유(전지),13000,,하이베이스,확실,거래처 카탈로그,분유(전지),247-250쪽 3-1. 취급원료 목록-1(하이베이스).xlsx,
분유(탈지),10000,,하이베이스,확실,거래처 카탈로그,분유(전지),247-250쪽 3-1. 취급원료 목록-1(하이베이스).xlsx,
브로멜라인,90000,인도네시아,하이베이스,확실,거래처 카탈로그,브로멜라인(프로테아제),247-250쪽 3-1. 취급원료 목록-1(하이베이스).xlsx,
브로멜라인,65000,인도,하이베이스,확실,거래처 카탈로그,브로멜라인(프로테아제),247-250쪽 3-1. 취급원료 목록-1(하이베이스).xlsx,
브로멜라인,56000,필리핀,하이베이스,확실,거래처 카탈로그,브로멜라인(프로테아제),247-250쪽 3-1. 취급원료 목록-1(하이베이스).xlsx,
브로멜라인(1200GDU),130000,태국,하이베이스,확실,거래처 카탈로그,브로멜라인(프로테아제),247-250쪽 3-1. 취급원료 목록-1(하이베이스).xlsx,
브로멜라인(1200GDU),100000,인도,하이베이스,확실,거래처 카탈로그,브로멜라인(프로테아제),247-250쪽 3-1. 취급원료 목록-1(하이베이스).xlsx,
브로멜라인,70000,필리핀,하이베이스,확실,거래처 카탈로그,브로멜라인(프로테아제),247-250쪽 3-1. 취급원료 목록-1(하이베이스).xlsx,
블루베리농축액,13000,미국,하이베이스,확실,거래처 카탈로그,블루베리농축액,247-250쪽 3-1. 취급원료 목록-1(하이베이스).xlsx,
사과산,6000,,하이베이스,확실,거래처 카탈로그,사과산,247-250쪽 3-1. 취급원료 목록-1(하이베이스).xlsx,
사과산,5800,,하이베이스,확실,거래처 카탈로그,사과산,247-250쪽 3-1. 취급원료 목록-1(하이베이스).xlsx,
숙지황분말,75000,국산,하이베이스,확실,거래처 카탈로그,숙지황(추출)분말,247-250쪽 3-1. 취급원료 목록-1(하이베이스).xlsx,
숙지황분말,29000,중국,하이베이스,확실,거래처 카탈로그,숙지황(추출)분말,247-250쪽 3-1. 취급원료 목록-1(하이베이스).xlsx,
스테아린산 마그네슘,6000,,하이베이스,확실,거래처 카탈로그,스테아린산마그네슘,247-250쪽 3-1. 취급원료 목록-1(하이베이스).xlsx,
스테아린산 마그네슘,6100,,하이베이스,확실,거래처 카탈로그,스테아린산마그네슘,247-250쪽 3-1. 취급원료 목록-1(하이베이스).xlsx,
식물스테롤,65000,인도,하이베이스,확실,거래처 카탈로그,식물스테롤,247-250쪽 3-1. 취급원료 목록-1(하이베이스).xlsx,
식물스테롤,75000,미국,하이베이스,확실,거래처 카탈로그,식물스테롤,247-250쪽 3-1. 취급원료 목록-1(하이베이스).xlsx,
실크펩타이드,145000,중국,하이베이스,확실,거래처 카탈로그,실크펩타이드,247-250쪽 3-1. 취급원료 목록-1(하이베이스).xlsx,
쌀마그네슘,68000,국산,하이베이스,확실,거래처 카탈로그,쌀마그네슘,247-250쪽 3-1. 취급원료 목록-1(하이베이스).xlsx,
아밀라아제,70000,,하이베이스,확실,거래처 카탈로그,아밀라아제,247-250쪽 3-1. 취급원료 목록-1(하이베이스).xlsx,
양배추분말(살균),22000,국산,하이베이스,확실,거래처 카탈로그,양배추분말,247-250쪽 3-1. 취급원료 목록-1(하이베이스).xlsx,
양배추분말,18000,국산,하이베이스,확실,거래처 카탈로그,양배추분말,247-250쪽 3-1. 취급원료 목록-1(하이베이스).xlsx,
엘라스틴,380000,프랑스,하이베이스,확실,거래처 카탈로그,엘라스틴(펩타이드),247-250쪽 3-1. 취급원료 목록-1(하이베이스).xlsx,
엘라스틴,270000,미국,하이베이스,확실,거래처 카탈로그,엘라스틴(펩타이드),247-250쪽 3-1. 취급원료 목록-1(하이베이스).xlsx,
옥수수수염,42000,,하이베이스,확실,거래처 카탈로그,옥수수수염,247-250쪽 3-1. 취급원료 목록-1(하이베이스).xlsx,
이산화규소,5500,,하이베이스,확실,거래처 카탈로그,이산화규소,247-250쪽 3-1. 취급원료 목록-1(하이베이스).xlsx,
카나우바왁스,30000,,하이베이스,확실,거래처 카탈로그,카나우바왁스,247-250쪽 3-1. 취급원료 목록-1(하이베이스).xlsx,
카나우바왁스,35000,,하이베이스,확실,거래처 카탈로그,카나우바왁스,247-250쪽 3-1. 취급원료 목록-1(하이베이스).xlsx,
해조칼슘,10000,,하이베이스,확실,거래처 카탈로그,해조칼슘(아쿠아칼),247-250쪽 3-1. 취급원료 목록-1(하이베이스).xlsx,
탄산수소나트륨,1650,,하이베이스,확실,거래처 카탈로그,탄산수소나트륨,247-250쪽 3-1. 취급원료 목록-1(하이베이스).xlsx,
판크레아틴,220000,중국,하이베이스,확실,거래처 카탈로그,판크레아틴,247-250쪽 3-1. 취급원료 목록-1(하이베이스).xlsx,
펙틴,27000,,하이베이스,확실,거래처 카탈로그,펙틴,247-250쪽 3-1. 취급원료 목록-1(하이베이스).xlsx,
포도씨유,7500,스페인,하이베이스,확실,거래처 카탈로그,포도씨유,247-250쪽 3-1. 취급원료 목록-1(하이베이스).xlsx,
포도씨추출물,44000,중국,하이베이스,확실,거래처 카탈로그,포도씨(적포도주)추출물,247-250쪽 3-1. 취급원료 목록-1(하이베이스).xlsx,
프로테아제,42000,,하이베이스,확실,거래처 카탈로그,프로테아제(식물성/곰팡이),247-250쪽 3-1. 취급원료 목록-1(하이베이스).xlsx,
프로테아제(파파인)(식물성),50000,국산,하이베이스,확실,거래처 카탈로그,프로테아제(식물성/곰팡이),247-250쪽 3-1. 취급원료 목록-1(하이베이스).xlsx,
헤마토코쿠스추출물,1450000,독일,하이베이스,확실,거래처 카탈로그,헤마토코쿠스추출물(건기식),247-250쪽 3-1. 취급원료 목록-1(하이베이스).xlsx,
헴철,135000,덴마크,하이베이스,확실,거래처 카탈로그,헴철,247-250쪽 3-1. 취급원료 목록-1(하이베이스).xlsx,
헴철,220000,덴마크,하이베이스,확실,거래처 카탈로그,헴철,247-250쪽 3-1. 취급원료 목록-1(하이베이스).xlsx,
홍삼농축액,170000,,하이베이스,확실,거래처 카탈로그,홍삼농축액,247-250쪽 3-1. 취급원료 목록-1(하이베이스).xlsx,
홍삼농축액(6년근),210000,,하이베이스,확실,거래처 카탈로그,홍삼농축액,247-250쪽 3-1. 취급원료 목록-1(하이베이스).xlsx,
홍화유,11000,독일,하이베이스,확실,거래처 카탈로그,홍화유,247-250쪽 3-1. 취급원료 목록-1(하이베이스).xlsx,
후코이단,600000,중국,하이베이스,확실,거래처 카탈로그,후코이단,247-250쪽 3-1. 취급원료 목록-1(하이베이스).xlsx,
후코이단(혜원),600000,국산,하이베이스,확실,거래처 카탈로그,후코이단,247-250쪽 3-1. 취급원료 목록-1(하이베이스).xlsx,
라임농축액,13500,,조은푸드텍,확실,거래처 카탈로그,라임농축액(65),조은푸드텍 제품리스트_230914.pdf,이탈리아산
라임농축액,12000,,조은푸드텍,확실,거래처 카탈로그,라임농축액(65),조은푸드텍 제품리스트_230914.pdf,이탈리아산
레몬농축액,13000,,조은푸드텍,확실,거래처 카탈로그,레몬농축액(65),조은푸드텍 제품리스트_230914.pdf,"이스라엘, 미국산"
레몬농축액,12000,이스라엘,조은푸드텍,확실,거래처 카탈로그,레몬농축액(65),조은푸드텍 제품리스트_230914.pdf,"이스라엘, 미국산"
레몬농축액,11000,,조은푸드텍,확실,거래처 카탈로그,레몬농축액(65),조은푸드텍 제품리스트_230914.pdf,"이스라엘, 미국산"
모과농축액(65브릭스),13000,,조은푸드텍,확실,거래처 카탈로그,모과농축액(65),조은푸드텍 제품리스트_230914.pdf,국내산
모과농축액(65브릭스),15000,,조은푸드텍,확실,거래처 카탈로그,모과농축액(65),조은푸드텍 제품리스트_230914.pdf,국내산
모과농축액(65브릭스),25500,,조은푸드텍,확실,거래처 카탈로그,모과농축액(65),조은푸드텍 제품리스트_230914.pdf,국내산
모과농축액(60브릭스)100%,15000,,조은푸드텍,확실,거래처 카탈로그,모과농축액(65),조은푸드텍 제품리스트_230914.pdf,국내산
배농축액,8500,,조은푸드텍,확실,거래처 카탈로그,배농축액(70),조은푸드텍 제품리스트_230914.pdf,미국산
배농축액,5200,,조은푸드텍,확실,거래처 카탈로그,배농축액(70),조은푸드텍 제품리스트_230914.pdf,미국산
복숭아농축액,9500,이스라엘,조은푸드텍,확실,거래처 카탈로그,복숭아농축액(68),조은푸드텍 제품리스트_230914.pdf,이스라엘산
브로콜리농축액,13000,,조은푸드텍,확실,거래처 카탈로그,브로콜리농축액(40),조은푸드텍 제품리스트_230914.pdf,국내산
오렌지농축액,11000,미국,조은푸드텍,확실,거래처 카탈로그,오렌지농축액(60),조은푸드텍 제품리스트_230914.pdf,브라질산
아로니아농축액,7000,폴란드,조은푸드텍,확실,거래처 카탈로그,아로니아농축액(65),조은푸드텍 제품리스트_230914.pdf,폴란드산
양배추농축액,24000,국산,조은푸드텍,확실,거래처 카탈로그,양배추농축액(70),조은푸드텍 제품리스트_230914.pdf,국내산
양배추농축액,19000,,조은푸드텍,확실,거래처 카탈로그,양배추농축액(70),조은푸드텍 제품리스트_230914.pdf,국내산
엘더베리(착즙)농축액(65브릭스),36000,오스트리아,조은푸드텍,확실,거래처 카탈로그,엘더베리농축액(65),조은푸드텍 제품리스트_230914.pdf,오스트리아산
적포도농축액,6400,,조은푸드텍,확실,거래처 카탈로그,적포도농축액(68),조은푸드텍 제품리스트_230914.pdf,칠레산
블루베리농축분말,24000,,조은푸드텍,확실,거래처 카탈로그,블루베리농축분말,조은푸드텍 제품리스트_230914.pdf,미국산
양배추농축분말,32000,국산,조은푸드텍,확실,거래처 카탈로그,양배추농축분말,조은푸드텍 제품리스트_230914.pdf,국내산
오렌지농축분말,15000,,조은푸드텍,확실,거래처 카탈로그,오렌지농축분말,조은푸드텍 제품리스트_230914.pdf,브라질산
오렌지농축분말,18000,브라질,조은푸드텍,확실,거래처 카탈로그,오렌지농축분말,조은푸드텍 제품리스트_230914.pdf,브라질산
청포도과즙분말,22000,미국,조은푸드텍,확실,거래처 카탈로그,청포도과즙분말,조은푸드텍 제품리스트_230914.pdf,미국산
푸룬농축분말,19000,,조은푸드텍,확실,거래처 카탈로그,푸룬농축분말,조은푸드텍 제품리스트_230914.pdf,미국산
딸기향,11000,,조은푸드텍,확실,거래처 카탈로그,딸기향,조은푸드텍 제품리스트_230914.pdf,
사과향,45000,,조은푸드텍,확실,거래처 카탈로그,사과향,조은푸드텍 제품리스트_230914.pdf,
당귀농축액,21000,국산,조은푸드텍,확실,거래처 카탈로그,당귀농축액(60),조은푸드텍 제품리스트_230914.pdf,국내산
대추농축액,20000,국산,조은푸드텍,확실,거래처 카탈로그,대추농축액(60),조은푸드텍 제품리스트_230914.pdf,국내산
생강농축액,53000,,조은푸드텍,확실,거래처 카탈로그,생강농축액(65),조은푸드텍 제품리스트_230914.pdf,국내산
생강농축액,9500,,조은푸드텍,확실,거래처 카탈로그,생강농축액(65),조은푸드텍 제품리스트_230914.pdf,국내산
헛개나무열매농축액,78000,,조은푸드텍,확실,거래처 카탈로그,헛개나무열매농축액(65),조은푸드텍 제품리스트_230914.pdf,중국산
가시오가피추출분말,30000,국산,조은푸드텍,확실,거래처 카탈로그,가시오가피추출분말,조은푸드텍 제품리스트_230914.pdf,국내산
구기자추출분말,30000,,조은푸드텍,확실,거래처 카탈로그,구기자추출분말,조은푸드텍 제품리스트_230914.pdf,국내산
구기자추출분말,35000,,조은푸드텍,확실,거래처 카탈로그,구기자추출분말,조은푸드텍 제품리스트_230914.pdf,국내산
구기자추출분말,29700,,조은푸드텍,확실,거래처 카탈로그,구기자추출분말,조은푸드텍 제품리스트_230914.pdf,국내산
헛개나무열매농축분말,15000,중국,조은푸드텍,확실,거래처 카탈로그,헛개나무열매농축분말,조은푸드텍 제품리스트_230914.pdf,중국산
헛개나무열매농축분말,57000,국산,조은푸드텍,확실,거래처 카탈로그,헛개나무열매농축분말,조은푸드텍 제품리스트_230914.pdf,중국산
홍차추출분말(얼그레이),16000,스리랑카,조은푸드텍,확실,거래처 카탈로그,홍차추출분말,조은푸드텍 제품리스트_230914.pdf,독일산
홍차추출분말(우바),45000,스리랑카,조은푸드텍,확실,거래처 카탈로그,홍차추출분말,조은푸드텍 제품리스트_230914.pdf,독일산
대두이소플라본(바이오이소플라본)(건식),300000,미국,대덕약업,확실,거래처 카탈로그,대두이소플라본(어글리콘33%),취급 품목 리스트(대덕약업).pdf,일본
대두이소플라본(수용성이소플라본)(건식),350000,미국,대덕약업,확실,거래처 카탈로그,대두이소플라본(어글리콘33%),취급 품목 리스트(대덕약업).pdf,일본
대두이소플라본,105000,,대덕약업,확실,거래처 카탈로그,대두이소플라본(어글리콘33%),취급 품목 리스트(대덕약업).pdf,일본
대두이소플라본,240000,,대덕약업,확실,거래처 카탈로그,대두이소플라본(어글리콘33%),취급 품목 리스트(대덕약업).pdf,일본
대두이소플라본,460000,,대덕약업,확실,거래처 카탈로그,대두이소플라본(어글리콘33%),취급 품목 리스트(대덕약업).pdf,일본
상어연골추출분말,75000,중국,대덕약업,확실,거래처 카탈로그,상어연골추출분말,취급 품목 리스트(대덕약업).pdf,일본
은행잎추출분말 24%,185000,미국,대덕약업,확실,거래처 카탈로그,은행잎추출분말,취급 품목 리스트(대덕약업).pdf,미국
포스파티딜세린70%,590000,인도,대덕약업,확실,거래처 카탈로그,포스파티딜세린,취급 품목 리스트(대덕약업).pdf,이스라엘
어골칼슘,38000,프랑스,대덕약업,확실,거래처 카탈로그,어골칼슘(칼슘 영양소),취급 품목 리스트(대덕약업).pdf,일본
후코이단,600000,중국,대덕약업,확실,거래처 카탈로그,후코이단,취급 품목 리스트(대덕약업).pdf,일본
후코이단(혜원),600000,국산,대덕약업,확실,거래처 카탈로그,후코이단,취급 품목 리스트(대덕약업).pdf,일본
헴철,135000,덴마크,대덕약업,확실,거래처 카탈로그,헴철1%(천연철분1%),취급 품목 리스트(대덕약업).pdf,일본
헴철,220000,덴마크,대덕약업,확실,거래처 카탈로그,헴철1%(천연철분1%),취급 품목 리스트(대덕약업).pdf,일본
글루콘산 아연,29000,미국,대덕약업,확실,거래처 카탈로그,글루콘산아연,취급 품목 리스트(대덕약업).pdf,미국
대두이소플라본(바이오이소플라본)(건식),300000,미국,향림산업,확실,거래처 카탈로그,대두이소플라본,향림산업 전제품리스트.pdf,미국
대두이소플라본(수용성이소플라본)(건식),350000,미국,향림산업,확실,거래처 카탈로그,대두이소플라본,향림산업 전제품리스트.pdf,미국
대두이소플라본,105000,,향림산업,확실,거래처 카탈로그,대두이소플라본,향림산업 전제품리스트.pdf,미국
대두이소플라본,240000,,향림산업,확실,거래처 카탈로그,대두이소플라본,향림산업 전제품리스트.pdf,미국
대두이소플라본,460000,,향림산업,확실,거래처 카탈로그,대두이소플라본,향림산업 전제품리스트.pdf,미국
홍경천,330000,독일,향림산업,확실,거래처 카탈로그,홍경천,향림산업 전제품리스트.pdf,중국
해조칼슘,10000,,향림산업,확실,거래처 카탈로그,해조칼슘,향림산업 전제품리스트.pdf,영국(원물: 아이슬랜드)
WPH,23000,,진성교역상사,확실,거래처 카탈로그,WPH (Pep2dia),진성교역상사&(주)콩코드상사 Product List_2024.pdf,프랑스산
산양유단백분말,38000,네덜란드,진성교역상사,확실,거래처 카탈로그,산양유단백분말,진성교역상사&(주)콩코드상사 Product List_2024.pdf,국산
산양유단백분말(네덜란드),35000,네덜란드,진성교역상사,확실,거래처 카탈로그,산양유단백분말,진성교역상사&(주)콩코드상사 Product List_2024.pdf,국산
홍경천추출물,380000,이탈리아,지큐바이오,확실,거래처 카탈로그,홍경천 추출물,지큐바이오_취급원료 리스트_ver0011.pdf,스페인
키토산,45000,중국,지큐바이오,확실,거래처 카탈로그,키토산(HD1P),지큐바이오_취급원료 리스트_ver0011.pdf,태국
옥타코사놀,720000,독일,지큐바이오,확실,거래처 카탈로그,옥타코사놀,지큐바이오_취급원료 리스트_ver0011.pdf,중국 미국
구아검가수분해물,36000,인도,지큐바이오,확실,거래처 카탈로그,구아검 가수분해물,지큐바이오_취급원료 리스트_ver0011.pdf,인도
MSM,20000,미국,지큐바이오,확실,거래처 카탈로그,MSM,지큐바이오_취급원료 리스트_ver0011.pdf,중국
MSM(옵티),60000,미국,지큐바이오,확실,거래처 카탈로그,MSM,지큐바이오_취급원료 리스트_ver0011.pdf,중국
알로에전잎추출분말,45000,인도네시아,지큐바이오,확실,거래처 카탈로그,알로에전잎추출분말,지큐바이오_취급원료 리스트_ver0011.pdf,인도
초유단백분말,9000,네덜란드,지큐바이오,확실,거래처 카탈로그,초유단백분말,지큐바이오_취급원료 리스트_ver0011.pdf,네덜란드
유기농과일야채혼합분말,121000,,지큐바이오,확실,거래처 카탈로그,유기농과일야채혼합분말,지큐바이오_취급원료 리스트_ver0011.pdf,미국
모로오렌지추출분말,17000,이스라엘,비카인,확실,프라임H&B 중개리스트,모로오렌지 추출분말 (C3G 함유),0.12월_프라임H&B 상품소개서(공유용).xlsx,폴란드
락토페린농축물,1300000,호주,"담원, 마음",확실,프라임H&B 중개리스트,락토페린농축물 (순도 100% 이상),0.12월_프라임H&B 상품소개서(공유용).xlsx,뉴질랜드
락토페린농축물,980000,호주,"담원, 마음",확실,프라임H&B 중개리스트,락토페린농축물 (순도 100% 이상),0.12월_프라임H&B 상품소개서(공유용).xlsx,뉴질랜드
락토페린농축물,3500000,,"담원, 마음",확실,프라임H&B 중개리스트,락토페린농축물 (순도 100% 이상),0.12월_프라임H&B 상품소개서(공유용).xlsx,뉴질랜드
사과초모식초분말,32000,,프라임헬스바이오,확실,프라임H&B 중개리스트,사과초모식초분말 (유기산 8% 함유),0.12월_프라임H&B 상품소개서(공유용).xlsx,영국
로즈힙추출분말,20000,칠레,비카인,확실,프라임H&B 중개리스트,로즈힙 추출분말,0.12월_프라임H&B 상품소개서(공유용).xlsx,폴란드
로즈힙추출분말,60000,인도,비카인,확실,프라임H&B 중개리스트,로즈힙 추출분말,0.12월_프라임H&B 상품소개서(공유용).xlsx,폴란드
로즈힙추출분말,20000,칠레,담원인터내셔널,확실,프라임H&B 중개리스트,로즈힙 추출분말,0.12월_프라임H&B 상품소개서(공유용).xlsx,폴란드
로즈힙추출분말,60000,인도,담원인터내셔널,확실,프라임H&B 중개리스트,로즈힙 추출분말,0.12월_프라임H&B 상품소개서(공유용).xlsx,폴란드
그린커피빈추출분말,25000,인도,비카인,확실,프라임H&B 중개리스트,그린커피빈 추출분말,0.12월_프라임H&B 상품소개서(공유용).xlsx,인도
밀크세라마이드,270000,뉴질랜드,비카인,확실,프라임H&B 중개리스트,밀크세라마이드,0.12월_프라임H&B 상품소개서(공유용).xlsx,독일
소연골추출분말(프로테오글리칸2%),110000,인도,프라임에이치앤비,확실,프라임H&B 중개리스트,"소연골 추출분말(콘드로이친황산) (콘드로이친황산 25%, 프로테오글리칸 2%)",0.12월_프라임H&B 상품소개서(공유용).xlsx,인도
소연골추출분말(프로테오글리칸10%),130000,인도,프라임에이치앤비,확실,프라임H&B 중개리스트,"소연골 추출분말(콘드로이친황산) (콘드로이친황산 25%, 프로테오글리칸 2%)",0.12월_프라임H&B 상품소개서(공유용).xlsx,인도
보스웰리아추출분말,12000,인도,비카인,확실,프라임H&B 중개리스트,보스웰리아 추출분말 (보스웰릭산 65%),0.12월_프라임H&B 상품소개서(공유용).xlsx,인도
보스웰리아추출분말,12000,인도,프라임에이치앤비,확실,프라임H&B 중개리스트,보스웰리아 추출분말 (보스웰릭산 75%),0.12월_프라임H&B 상품소개서(공유용).xlsx,인도
레몬밤추출분말,15000,중국,프라임에이치앤비,확실,프라임H&B 중개리스트,레몬밤추출분말,0.12월_프라임H&B 상품소개서(공유용).xlsx,스페인
민들레추출분말,24000,중국,프라임에이치앤비,확실,프라임H&B 중개리스트,민들레추출분말,0.12월_프라임H&B 상품소개서(공유용).xlsx,스페인
루바브추출분말,24000,국산,비카인,확실,프라임H&B 중개리스트,루바브 추출분말,0.12월_프라임H&B 상품소개서(공유용).xlsx,스페인
루바브추출분말,20000,국산,비카인,확실,프라임H&B 중개리스트,루바브 추출분말,0.12월_프라임H&B 상품소개서(공유용).xlsx,스페인
석류추출분말,15000,이란,비카인,확실,프라임H&B 중개리스트,석류추출분말 (65 Brix),0.12월_프라임H&B 상품소개서(공유용).xlsx,폴란드
석류추출분말,24000,이란,비카인,확실,프라임H&B 중개리스트,석류추출분말 (65 Brix),0.12월_프라임H&B 상품소개서(공유용).xlsx,폴란드
산양유단백분말,38000,네덜란드,담원인터내셔널,확실,프라임H&B 중개리스트,산양유단백분말 (SKIMMED GOAT PROTEIN POWDER),0.12월_프라임H&B 상품소개서(공유용).xlsx,네덜란드
산양유단백분말(네덜란드),35000,네덜란드,담원인터내셔널,확실,프라임H&B 중개리스트,산양유단백분말 (SKIMMED GOAT PROTEIN POWDER),0.12월_프라임H&B 상품소개서(공유용).xlsx,네덜란드
차즈기추출분말,16000,국산,비카인,확실,프라임H&B 중개리스트,차즈기 추출분말,0.12월_프라임H&B 상품소개서(공유용).xlsx,중국
차즈기추출분말,18000,국산,비카인,확실,프라임H&B 중개리스트,차즈기 추출분말,0.12월_프라임H&B 상품소개서(공유용).xlsx,중국
아누카사과농축액,18000,이탈리아,프라임에이치앤비,확실,프라임H&B 중개리스트,아누카 사과 농축액,0.12월_프라임H&B 상품소개서(공유용).xlsx,이탈리아
비타민C,7500,중국,키오코리아,확실,프라임H&B 중개리스트,비타민C,0.12월_프라임H&B 상품소개서(공유용).xlsx,중국
비타민C(중성),70000,미국,키오코리아,확실,프라임H&B 중개리스트,비타민C,0.12월_프라임H&B 상품소개서(공유용).xlsx,중국
비타민C(리포조말),150000,,키오코리아,확실,프라임H&B 중개리스트,비타민C,0.12월_프라임H&B 상품소개서(공유용).xlsx,중국
비타민C(리포조말),170000,미국,키오코리아,확실,프라임H&B 중개리스트,비타민C,0.12월_프라임H&B 상품소개서(공유용).xlsx,중국
비타민C,35000,,키오코리아,확실,프라임H&B 중개리스트,비타민C,0.12월_프라임H&B 상품소개서(공유용).xlsx,중국
초록잎홍합분말,63000,,키오코리아,확실,프라임H&B 중개리스트,초록잎 홍합분말,0.12월_프라임H&B 상품소개서(공유용).xlsx,뉴질랜드
사과초모식초분말,32000,,키오코리아,확실,프라임H&B 중개리스트,사과초모식초분말,0.12월_프라임H&B 상품소개서(공유용).xlsx,국내
모로블러드오렌지추출분말,16000,이탈리아,해찬솔푸드,확실,프라임H&B 중개리스트,모로블러드오렌지 추출분말,0.12월_프라임H&B 상품소개서(공유용).xlsx,-
모로블러드오렌지농축액,9700,이탈리아,키오코리아,확실,프라임H&B 중개리스트,모로블러드오렌지 농축액,0.12월_프라임H&B 상품소개서(공유용).xlsx,이탈리아
발효율피추출분말,19000,국산,해찬솔푸드,확실,프라임H&B 중개리스트,발효율피추출분말,0.12월_프라임H&B 상품소개서(공유용).xlsx,국내산
레몬밤추출분말,15000,중국,마음,확실,프라임H&B 중개리스트,레몬밤 추출분말,0.12월_프라임H&B 상품소개서(공유용).xlsx,중국
구절초추출분말,18000,,해찬솔푸드,확실,프라임H&B 중개리스트,구절초추출분말,0.12월_프라임H&B 상품소개서(공유용).xlsx,국내산
콘드로이친Q(콘드로이친20%),53000,,엔바이오텍,확실,프라임H&B 중개리스트,콘드로이친Q,0.12월_프라임H&B 상품소개서(공유용).xlsx,-
백수오추출분말,43000,,해찬솔푸드,확실,프라임H&B 중개리스트,백수오추출분말,0.12월_프라임H&B 상품소개서(공유용).xlsx,국내산
엘라스틴가수분해물,260000,미국,DH솔루션,확실,프라임H&B 중개리스트,엘라스틴 가수분해물,0.12월_프라임H&B 상품소개서(공유용).xlsx,미국
히알루론산,440000,미국,청우라이프사이언스,확실,프라임H&B 중개리스트,히알루론산 (Hyaluronic Acid) (100%),0.12월_프라임H&B 상품소개서(공유용).xlsx,중국
히알루론산,370000,미국,청우라이프사이언스,확실,프라임H&B 중개리스트,히알루론산 (Hyaluronic Acid) (100%),0.12월_프라임H&B 상품소개서(공유용).xlsx,중국
히알루론산,275000,중국,청우라이프사이언스,확실,프라임H&B 중개리스트,히알루론산 (Hyaluronic Acid) (100%),0.12월_프라임H&B 상품소개서(공유용).xlsx,중국
히알루론산혼합제제,140000,,DH솔루션,확실,프라임H&B 중개리스트,히알루론산혼합제제 (10%),0.12월_프라임H&B 상품소개서(공유용).xlsx,중국
발효구기자추출분말,32000,국산,해찬솔푸드,확실,프라임H&B 중개리스트,발효구기자추출분말,0.12월_프라임H&B 상품소개서(공유용).xlsx,국내산
비타민C,7500,중국,DH솔루션,확실,프라임H&B 중개리스트,비타민C (ASCORBIC ACID FINE FOWDER),0.12월_프라임H&B 상품소개서(공유용).xlsx,영국
비타민C(중성),70000,미국,DH솔루션,확실,프라임H&B 중개리스트,비타민C (ASCORBIC ACID FINE FOWDER),0.12월_프라임H&B 상품소개서(공유용).xlsx,영국
비타민C(리포조말),150000,,DH솔루션,확실,프라임H&B 중개리스트,비타민C (ASCORBIC ACID FINE FOWDER),0.12월_프라임H&B 상품소개서(공유용).xlsx,영국
비타민C(리포조말),170000,미국,DH솔루션,확실,프라임H&B 중개리스트,비타민C (ASCORBIC ACID FINE FOWDER),0.12월_프라임H&B 상품소개서(공유용).xlsx,영국
비타민C,35000,,DH솔루션,확실,프라임H&B 중개리스트,비타민C (ASCORBIC ACID FINE FOWDER),0.12월_프라임H&B 상품소개서(공유용).xlsx,영국
비타민C,7500,중국,세일인터내쇼날,확실,프라임H&B 중개리스트,비타민C (ASCORBIC ACID FINE FOWDER),0.12월_프라임H&B 상품소개서(공유용).xlsx,영국
비타민C(중성),70000,미국,세일인터내쇼날,확실,프라임H&B 중개리스트,비타민C (ASCORBIC ACID FINE FOWDER),0.12월_프라임H&B 상품소개서(공유용).xlsx,영국
비타민C(리포조말),150000,,세일인터내쇼날,확실,프라임H&B 중개리스트,비타민C (ASCORBIC ACID FINE FOWDER),0.12월_프라임H&B 상품소개서(공유용).xlsx,영국
비타민C(리포조말),170000,미국,세일인터내쇼날,확실,프라임H&B 중개리스트,비타민C (ASCORBIC ACID FINE FOWDER),0.12월_프라임H&B 상품소개서(공유용).xlsx,영국
비타민C,35000,,세일인터내쇼날,확실,프라임H&B 중개리스트,비타민C (ASCORBIC ACID FINE FOWDER),0.12월_프라임H&B 상품소개서(공유용).xlsx,영국
초유단백분말,9000,네덜란드,성풍양행,확실,프라임H&B 중개리스트,초유단백분말 (살균제품),0.12월_프라임H&B 상품소개서(공유용).xlsx,미국
분리대두단백(ISP),7000,인도,마음,확실,프라임H&B 중개리스트,분리대두단백 (ISP),0.12월_프라임H&B 상품소개서(공유용).xlsx,중국
분리대두단백(ISP),7000,인도,에스엘바이오켐,확실,프라임H&B 중개리스트,분리대두단백 (ISP),0.12월_프라임H&B 상품소개서(공유용).xlsx,중국
우슬분말(쇠무릎),27500,,더비건,확실,프라임H&B 중개리스트,우슬분말,0.12월_프라임H&B 상품소개서(공유용).xlsx,
효소처리스테비아,44000,,DH솔루션,확실,프라임H&B 중개리스트,효소처리스테비아,0.12월_프라임H&B 상품소개서(공유용).xlsx,
L-로이신,30000,중국,휴바테크,확실,프라임H&B 중개리스트,L-로이신,0.12월_프라임H&B 상품소개서(공유용).xlsx,중국
귀리식이섬유,6000,독일,DH솔루션,확실,프라임H&B 중개리스트,귀리식이섬유,0.12월_프라임H&B 상품소개서(공유용).xlsx,벨기에
글루콘산 아연,29000,미국,DH솔루션,확실,프라임H&B 중개리스트,글루콘산아연,0.12월_프라임H&B 상품소개서(공유용).xlsx,미국
판토텐산칼슘,108000,영국,DH솔루션,확실,프라임H&B 중개리스트,판토텐산칼슘,0.12월_프라임H&B 상품소개서(공유용).xlsx,미국
건조효모,630000,미국,DH솔루션,확실,프라임H&B 중개리스트,건조효모(셀렌),0.12월_프라임H&B 상품소개서(공유용).xlsx,캐나다
건조효모,13500,에스토니아,DH솔루션,확실,프라임H&B 중개리스트,건조효모(셀렌),0.12월_프라임H&B 상품소개서(공유용).xlsx,캐나다
L-시스틴,43000,국산,DH솔루션,확실,프라임H&B 중개리스트,L-시스틴,0.12월_프라임H&B 상품소개서(공유용).xlsx,중국
이산화규소,5500,,DH솔루션,확실,프라임H&B 중개리스트,이산화규소,0.12월_프라임H&B 상품소개서(공유용).xlsx,대만
무수구연산,3000,,DH솔루션,확실,프라임H&B 중개리스트,무수구연산,0.12월_프라임H&B 상품소개서(공유용).xlsx,
강황추출분말,28000,인도,해찬솔푸드,확실,프라임H&B 중개리스트,강황추출분말,0.12월_프라임H&B 상품소개서(공유용).xlsx,국산
강황추출분말,190000,인도,해찬솔푸드,확실,프라임H&B 중개리스트,강황추출분말,0.12월_프라임H&B 상품소개서(공유용).xlsx,국산
강황추출분말,195000,인도,해찬솔푸드,확실,프라임H&B 중개리스트,강황추출분말,0.12월_프라임H&B 상품소개서(공유용).xlsx,국산
강황추출분말,24000,인도,해찬솔푸드,확실,프라임H&B 중개리스트,강황추출분말,0.12월_프라임H&B 상품소개서(공유용).xlsx,국산
사과농축분말(풋),14000,,해찬솔푸드,확실,프라임H&B 중개리스트,사과농축분말,0.12월_프라임H&B 상품소개서(공유용).xlsx,
사과농축분말(청),15000,,해찬솔푸드,확실,프라임H&B 중개리스트,사과농축분말,0.12월_프라임H&B 상품소개서(공유용).xlsx,
정제포도당,1700,,DH솔루션,확실,프라임H&B 중개리스트,정제포도당,0.12월_프라임H&B 상품소개서(공유용).xlsx,-
스테아린산 마그네슘,6000,,DH솔루션,확실,프라임H&B 중개리스트,스테아린산 마그네슘,0.12월_프라임H&B 상품소개서(공유용).xlsx,싱가포르
스테아린산 마그네슘,6100,,DH솔루션,확실,프라임H&B 중개리스트,스테아린산 마그네슘,0.12월_프라임H&B 상품소개서(공유용).xlsx,싱가포르
이소말트,5800,,DH솔루션,확실,프라임H&B 중개리스트,이소말트,0.12월_프라임H&B 상품소개서(공유용).xlsx,독일
난소화성 말토덱스트린,8000,국산,DH솔루션,확실,프라임H&B 중개리스트,난소화성말토덱스트린,0.12월_프라임H&B 상품소개서(공유용).xlsx,
아스파라거스추출분말,65000,페루/멕시코/호주,해찬솔,높음,거래처 카탈로그,아스파라거스추출분말H,해찬솔푸드-품목리스트(통합)(24.03.27).pdf,중국산
망고스틴농축분말,22000,,해찬솔,높음,거래처 카탈로그,망고스틴농축분말H,해찬솔푸드-품목리스트(통합)(24.03.27).pdf,베트남산
새싹보리추출분말,29000,국산,해찬솔,높음,거래처 카탈로그,새싹보리추출분말H,해찬솔푸드-품목리스트(통합)(24.03.27).pdf,국산
발효홍삼농축액(6년근),250000,,BTC,높음,거래처 카탈로그,발효홍삼농축액B (발효 홍삼),(BTC) 취급원료 리스트.xlsx,BTC(국내산)
산수유추출분말',35000,,올담식품,높음,거래처 카탈로그,산수유추출분말,올담식품 리스트.xlsx,국산
타트체리농축액,4800,터키,해찬솔,높음,거래처 카탈로그,타트체리농축액H,해찬솔푸드-품목리스트(통합)(24.03.27).pdf,터키산
타트체리농축액,6800,터키,해찬솔,높음,거래처 카탈로그,타트체리농축액H,해찬솔푸드-품목리스트(통합)(24.03.27).pdf,터키산
단호박추출분말,15000,,해찬솔,높음,거래처 카탈로그,단호박추출분말H,해찬솔푸드-품목리스트(통합)(24.03.27).pdf,국산
산수유추출분말',35000,,해찬솔,높음,거래처 카탈로그,산수유추출분말,해찬솔푸드-품목리스트(통합)(24.03.27).pdf,국산
오렌지농축분말,15000,,해찬솔,높음,거래처 카탈로그,오렌지농축분말L,해찬솔푸드-품목리스트(통합)(24.03.27).pdf,스페인산
오렌지농축분말,18000,브라질,해찬솔,높음,거래처 카탈로그,오렌지농축분말L,해찬솔푸드-품목리스트(통합)(24.03.27).pdf,스페인산
차즈기추출분말,16000,국산,해찬솔,높음,거래처 카탈로그,차즈기추출분말H,해찬솔푸드-품목리스트(통합)(24.03.27).pdf,국산
차즈기추출분말,18000,국산,해찬솔,높음,거래처 카탈로그,차즈기추출분말H,해찬솔푸드-품목리스트(통합)(24.03.27).pdf,국산
산수유추출분말',35000,,태왕물산,높음,거래처 카탈로그,산수유추출분말,태왕물산 주식회사_식첨 품목.xlsx,국산
차즈기추출분말,16000,국산,해찬솔푸드,높음,프라임H&B 중개리스트,차즈기추출분말H,0.12월_프라임H&B 상품소개서(공유용).xlsx,국내산
차즈기추출분말,18000,국산,해찬솔푸드,높음,프라임H&B 중개리스트,차즈기추출분말H,0.12월_프라임H&B 상품소개서(공유용).xlsx,국내산
리포좀비타민C,140000,폴란드,바른에프피,높음,거래처 카탈로그,리포좀 비타민,바른에프피 품목리스트(카무트글루텐분해효소 24.02.05).xlsx,미국
리포좀비타민C70%,147000,미국,바른에프피,높음,거래처 카탈로그,리포좀 비타민,바른에프피 품목리스트(카무트글루텐분해효소 24.02.05).xlsx,미국
당귀추출분말,24000,,올담식품,높음,거래처 카탈로그,참당귀추출분말,올담식품 리스트.xlsx,국산
청포도과즙분말,22000,미국,올담식품,높음,거래처 카탈로그,포도과즙분말,올담식품 리스트.xlsx,국산
강황추출분말,28000,인도,해찬솔,높음,거래처 카탈로그,강황추출분말H,해찬솔푸드-품목리스트(통합)(24.03.27).pdf,인도네시아산
강황추출분말,190000,인도,해찬솔,높음,거래처 카탈로그,강황추출분말H,해찬솔푸드-품목리스트(통합)(24.03.27).pdf,인도네시아산
강황추출분말,195000,인도,해찬솔,높음,거래처 카탈로그,강황추출분말H,해찬솔푸드-품목리스트(통합)(24.03.27).pdf,인도네시아산
강황추출분말,24000,인도,해찬솔,높음,거래처 카탈로그,강황추출분말H,해찬솔푸드-품목리스트(통합)(24.03.27).pdf,인도네시아산
백작약추출분말,20000,,해찬솔,높음,거래처 카탈로그,작약추출분말,해찬솔푸드-품목리스트(통합)(24.03.27).pdf,국산
청포도농축분말,15000,,조은푸드텍,높음,거래처 카탈로그,포도농축분말,조은푸드텍 제품리스트_230914.pdf,"칠레산, 국내산"
분리대두단백질,9000,미국,마음,높음,프라임H&B 중개리스트,분리대두단백 (ISP),0.12월_프라임H&B 상품소개서(공유용).xlsx,중국
분리대두단백질,6300,인도,마음,높음,프라임H&B 중개리스트,분리대두단백 (ISP),0.12월_프라임H&B 상품소개서(공유용).xlsx,중국
분리대두단백질,7500,싱가포르,마음,높음,프라임H&B 중개리스트,분리대두단백 (ISP),0.12월_프라임H&B 상품소개서(공유용).xlsx,중국
분리대두단백질,9000,미국,에스엘바이오켐,높음,프라임H&B 중개리스트,분리대두단백 (ISP),0.12월_프라임H&B 상품소개서(공유용).xlsx,중국
분리대두단백질,6300,인도,에스엘바이오켐,높음,프라임H&B 중개리스트,분리대두단백 (ISP),0.12월_프라임H&B 상품소개서(공유용).xlsx,중국
분리대두단백질,7500,싱가포르,에스엘바이오켐,높음,프라임H&B 중개리스트,분리대두단백 (ISP),0.12월_프라임H&B 상품소개서(공유용).xlsx,중국
홍삼농축액,170000,,BTC,높음,거래처 카탈로그,홍삼농축액 8 (홍삼),(BTC) 취급원료 리스트.xlsx,BTC(국내산)
홍삼농축액(6년근),210000,,BTC,높음,거래처 카탈로그,홍삼농축액 8 (홍삼),(BTC) 취급원료 리스트.xlsx,BTC(국내산)
옥타코사놀,720000,독일,BTC,높음,거래처 카탈로그,옥타코사놀 알 (옥타코사놀 함유 유지),(BTC) 취급원료 리스트.xlsx,미국산
감태추출물,750000,,해찬솔,높음,거래처 카탈로그,감태추출물H,해찬솔푸드-품목리스트(통합)(24.03.27).pdf,제주산
레몬향분말,25000,,해찬솔,높음,거래처 카탈로그,레몬향분말H,해찬솔푸드-품목리스트(통합)(24.03.27).pdf,
난소화성 말토덱스트린,8000,국산,태왕물산,높음,거래처 카탈로그,난소화성말토덱스트린분말(fibersol-2),태왕물산 주식회사_식첨 품목.xlsx,국산
숙지황농축액,20000,중국,하이베이스,높음,거래처 카탈로그,지황(숙지황)농축액,247-250쪽 3-1. 취급원료 목록-1(하이베이스).xlsx,
적포도농축액,6400,,하이베이스,높음,거래처 카탈로그,포도농축액,247-250쪽 3-1. 취급원료 목록-1(하이베이스).xlsx,
사과농축액,4400,,조은푸드텍,높음,거래처 카탈로그,풋사과농축액(70),조은푸드텍 제품리스트_230914.pdf,칠레산
사과농축액,5700,,조은푸드텍,높음,거래처 카탈로그,풋사과농축액(70),조은푸드텍 제품리스트_230914.pdf,칠레산
글루타치온(L)효모추출물,160000,중국,프라임에이치앤비,높음,프라임H&B 중개리스트,L-글루타치온 효모추출물(L-글루타치온 98%),0.12월_프라임H&B 상품소개서(공유용).xlsx,인도
글루타치온(L)효모추출물,160000,중국,비카인,높음,프라임H&B 중개리스트,L-글루타치온 효모추출물(L-글루타치온 50%),0.12월_프라임H&B 상품소개서(공유용).xlsx,인도
글루타치온(L)효모추출물,160000,중국,(주)비카인,높음,프라임H&B 중개리스트,L-글루타치온 효모추출물 (순도 5%),0.12월_프라임H&B 상품소개서(공유용).xlsx,인도
콘드로이친(황산20%),83000,미국,엔바이오텍,높음,프라임H&B 중개리스트,콘드로이친Q,0.12월_프라임H&B 상품소개서(공유용).xlsx,-
분리유단백질(MPI),22000,프랑스,제이씨월드,높음,프라임H&B 중개리스트,분리유단백 (MIP),0.12월_프라임H&B 상품소개서(공유용).xlsx,프랑스
블루베리주스농축액25,12000,,올담식품,높음,거래처 카탈로그,블루베리주스농축액,올담식품 리스트.xlsx,미국산
블루베리주스농축액25,12000,,해찬솔,높음,거래처 카탈로그,블루베리주스농축액,해찬솔푸드-품목리스트(통합)(24.03.27).pdf,미국산
모로블러드오렌지농축액,9700,이탈리아,조은푸드텍,높음,거래처 카탈로그,블러드오렌지농축액(50),조은푸드텍 제품리스트_230914.pdf,이스라엘산
발효구기자추출분말,32000,국산,프라임에이치앤비,높음,프라임H&B 중개리스트,홍국 발효구기자 추출분말,0.12월_프라임H&B 상품소개서(공유용).xlsx,-
야채혼합농축분말(20종),17000,,올담식품,높음,거래처 카탈로그,20 야채혼합농축분말,올담식품 리스트.xlsx,독일산
야채혼합농축분말(27종야채),23000,,올담식품,높음,거래처 카탈로그,20 야채혼합농축분말,올담식품 리스트.xlsx,독일산
야채혼합농축분말(20종),17000,,해찬솔,높음,거래처 카탈로그,20야채혼합농축분말,해찬솔푸드-품목리스트(통합)(24.03.27).pdf,독일산
야채혼합농축분말(27종야채),23000,,해찬솔,높음,거래처 카탈로그,20야채혼합농축분말,해찬솔푸드-품목리스트(통합)(24.03.27).pdf,독일산
비타민미네랄믹스Fs,108000,,태왕물산,높음,거래처 카탈로그,비타민미네랄믹스,태왕물산 주식회사_식첨 품목.xlsx,국내제조
비타민미네랄믹스Fs,30000,,태왕물산,높음,거래처 카탈로그,비타민미네랄믹스,태왕물산 주식회사_식첨 품목.xlsx,국내제조
크레아틴,34000,중국,하이베이스,높음,거래처 카탈로그,판크레아틴,247-250쪽 3-1. 취급원료 목록-1(하이베이스).xlsx,
엘라스틴,380000,프랑스,대덕약업,높음,거래처 카탈로그,말 엘라스틴,취급 품목 리스트(대덕약업).pdf,일본
엘라스틴,270000,미국,대덕약업,높음,거래처 카탈로그,말 엘라스틴,취급 품목 리스트(대덕약업).pdf,일본
홍삼농축액분말(4년근),310000,,BTC,높음,거래처 카탈로그,홍삼농축액분말 13 (홍삼),(BTC) 취급원료 리스트.xlsx,BTC(국내산)
홍삼농축액분말(6년근),330000,,BTC,높음,거래처 카탈로그,홍삼농축액분말 13 (홍삼),(BTC) 취급원료 리스트.xlsx,BTC(국내산)
L-아스파라긴분말,53000,중국,바른에프피,높음,거래처 카탈로그,L-아스파라긴,바른에프피 품목리스트(카무트글루텐분해효소 24.02.05).xlsx,중국
오르니틴염산염,150000,국산,바른에프피,높음,거래처 카탈로그,L-오르니틴염산염,바른에프피 품목리스트(카무트글루텐분해효소 24.02.05).xlsx,중국
오르니틴염산염,145000,국산,바른에프피,높음,거래처 카탈로그,L-오르니틴염산염,바른에프피 품목리스트(카무트글루텐분해효소 24.02.05).xlsx,중국
구아바잎추출물,60000,인도,올담식품,높음,거래처 카탈로그,구아바잎추출물분말,올담식품 리스트.xlsx,인도네시아산
복숭아추출분말,27000,,올담식품,높음,거래처 카탈로그,납작복숭아추출분말,올담식품 리스트.xlsx,스페인산
서양산사자추출분말,70000,이탈리아,올담식품,높음,거래처 카탈로그,산사자추출분말,올담식품 리스트.xlsx,국산
복숭아추출분말,27000,,해찬솔,높음,거래처 카탈로그,납작복숭아추출분말,해찬솔푸드-품목리스트(통합)(24.03.27).pdf,스페인산
발효구기자추출분말,32000,국산,태왕물산,높음,거래처 카탈로그,구기자추출분말,태왕물산 주식회사_식첨 품목.xlsx,국산
가시오가피추출분말,30000,국산,태왕물산,높음,거래처 카탈로그,오가피추출분말,태왕물산 주식회사_식첨 품목.xlsx,국산
포스파티딜세린분말,660000,미국,동일팜텍,높음,거래처 카탈로그,포스파티딜세린,동일팜텍 품목리스트_2024.pdf,미국
포스파티딜세린분말,500000,인도,동일팜텍,높음,거래처 카탈로그,포스파티딜세린,동일팜텍 품목리스트_2024.pdf,미국
발효홍삼농축액(6년근),250000,,동일팜텍,높음,거래처 카탈로그,발효홍삼농축액분말,동일팜텍 품목리스트_2024.pdf,국산
발효구기자추출분말,32000,국산,조은푸드텍,높음,거래처 카탈로그,구기자추출분말,조은푸드텍 제품리스트_230914.pdf,국내산
포스파티딜세린분말,660000,미국,대덕약업,높음,거래처 카탈로그,포스파티딜세린,취급 품목 리스트(대덕약업).pdf,이스라엘
포스파티딜세린분말,500000,인도,대덕약업,높음,거래처 카탈로그,포스파티딜세린,취급 품목 리스트(대덕약업).pdf,이스라엘
구기자추출분말,30000,,해찬솔푸드,높음,프라임H&B 중개리스트,발효구기자추출분말,0.12월_프라임H&B 상품소개서(공유용).xlsx,국내산
구기자추출분말,35000,,해찬솔푸드,높음,프라임H&B 중개리스트,발효구기자추출분말,0.12월_프라임H&B 상품소개서(공유용).xlsx,국내산
구기자추출분말,29700,,해찬솔푸드,높음,프라임H&B 중개리스트,발효구기자추출분말,0.12월_프라임H&B 상품소개서(공유용).xlsx,국내산
15곡곡류효소분말,60000,,DH솔루션,높음,프라임H&B 중개리스트,15곡곡류효소,0.12월_프라임H&B 상품소개서(공유용).xlsx,
15곡 곡류효소분말,60000,,DH솔루션,높음,프라임H&B 중개리스트,15곡곡류효소,0.12월_프라임H&B 상품소개서(공유용).xlsx,
테아닌,100000,중국,BTC,높음,거래처 카탈로그,테아닌 T (테아닌),(BTC) 취급원료 리스트.xlsx,중국산
가르시니아캄보지아,42000,인도,하이베이스,높음,거래처 카탈로그,가르시니아캄보지아추출물(분말),251-255쪽 3-2. 직수입원료 목록-1(하이베이스).xlsx,인도
가르시니아캄보지아,32000,인도,하이베이스,높음,거래처 카탈로그,가르시니아캄보지아추출물(분말),251-255쪽 3-2. 직수입원료 목록-1(하이베이스).xlsx,인도
야채혼합분말(과일),84000,미국,해찬솔,높음,거래처 카탈로그,과일야채혼합분말,해찬솔푸드-품목리스트(통합)(24.03.27).pdf,혼용
홍차추출분말(얼그레이),16000,스리랑카,해찬솔,높음,거래처 카탈로그,우바홍차추출분말,해찬솔푸드-품목리스트(통합)(24.03.27).pdf,스리랑카산
홍차추출분말(우바),45000,스리랑카,해찬솔,높음,거래처 카탈로그,우바홍차추출분말,해찬솔푸드-품목리스트(통합)(24.03.27).pdf,스리랑카산
당귀추출분말,24000,,해찬솔,높음,거래처 카탈로그,참당귀추출분말H,해찬솔푸드-품목리스트(통합)(24.03.27).pdf,국산
공액리놀렌산분말,65000,,태왕물산,높음,거래처 카탈로그,공액리놀렌산 (CLA Tonalin TG80),태왕물산 주식회사_식첨 품목.xlsx,미국
공액리놀렌산오닐,55000,,태왕물산,높음,거래처 카탈로그,공액리놀렌산 (CLA Tonalin TG80),태왕물산 주식회사_식첨 품목.xlsx,미국
공액리놀렌산오일,45000,,태왕물산,높음,거래처 카탈로그,공액리놀렌산 (CLA Tonalin TG80),태왕물산 주식회사_식첨 품목.xlsx,미국
비타민C,7500,중국,하이베이스,높음,거래처 카탈로그,비타민(*별첨),247-250쪽 3-1. 취급원료 목록-1(하이베이스).xlsx,
비타민C(중성),70000,미국,하이베이스,높음,거래처 카탈로그,비타민(*별첨),247-250쪽 3-1. 취급원료 목록-1(하이베이스).xlsx,
비타민C(리포조말),150000,,하이베이스,높음,거래처 카탈로그,비타민(*별첨),247-250쪽 3-1. 취급원료 목록-1(하이베이스).xlsx,
비타민C(리포조말),170000,미국,하이베이스,높음,거래처 카탈로그,비타민(*별첨),247-250쪽 3-1. 취급원료 목록-1(하이베이스).xlsx,
비타민C,35000,,하이베이스,높음,거래처 카탈로그,비타민(*별첨),247-250쪽 3-1. 취급원료 목록-1(하이베이스).xlsx,
레몬 밤 추출물,150000,,비카인,높음,프라임H&B 중개리스트,레몬밤 추출물분말,0.12월_프라임H&B 상품소개서(공유용).xlsx,폴란드
레몬밤추출물,150000,국산,비카인,높음,프라임H&B 중개리스트,레몬밤 추출물분말,0.12월_프라임H&B 상품소개서(공유용).xlsx,폴란드
레몬밤추출물(일식원료),14000,중국,비카인,높음,프라임H&B 중개리스트,레몬밤 추출물분말,0.12월_프라임H&B 상품소개서(공유용).xlsx,폴란드
오렌지농축액,11000,미국,키오코리아,높음,프라임H&B 중개리스트,모로 오렌지 농축액 (65 Brix),0.12월_프라임H&B 상품소개서(공유용).xlsx,이탈리아
콜레우스포스콜리추출물,290000,인도,바른에프피,높음,거래처 카탈로그,콜레우스 포스콜리,바른에프피 품목리스트(카무트글루텐분해효소 24.02.05).xlsx,인도
콜레우스포스콜리추출물(포슬린),300000,,바른에프피,높음,거래처 카탈로그,콜레우스 포스콜리,바른에프피 품목리스트(카무트글루텐분해효소 24.02.05).xlsx,인도
과일야채혼합분말(유기농)12종,100000,미국,해찬솔,높음,거래처 카탈로그,과일야채혼합분말,해찬솔푸드-품목리스트(통합)(24.03.27).pdf,혼용
유기농과일야채혼합분말,121000,,해찬솔,높음,거래처 카탈로그,과일야채혼합분말,해찬솔푸드-품목리스트(통합)(24.03.27).pdf,혼용
브로콜리추출분말,19000,,대덕약업,높음,거래처 카탈로그,브로콜리추출분말 NMN,취급 품목 리스트(대덕약업).pdf,일본
사과초모식초분말,32000,,프라임에이치앤비,높음,프라임H&B 중개리스트,유기농 사과초모식초분말 (유기산 8% 함유),0.12월_프라임H&B 상품소개서(공유용).xlsx,영국
식물스테롤,65000,인도,BTC,높음,거래처 카탈로그,식물스테롤 분말 (식물스테롤),(BTC) 취급원료 리스트.xlsx,인도산
식물스테롤,75000,미국,BTC,높음,거래처 카탈로그,식물스테롤 분말 (식물스테롤),(BTC) 취급원료 리스트.xlsx,인도산
블루스피루리나(일반분말),180000,프랑스,하이베이스,높음,거래처 카탈로그,스피루리나(Spirulina:분말),251-255쪽 3-2. 직수입원료 목록-1(하이베이스).xlsx,미국
L-이소로이신,21000,중국,하이베이스,높음,거래처 카탈로그,이소로이신(L-Isoleucine),251-255쪽 3-2. 직수입원료 목록-1(하이베이스).xlsx,중국
L-페닐알라닌,25000,중국,하이베이스,높음,거래처 카탈로그,페닐알라닌(L-Phenylalanine),251-255쪽 3-2. 직수입원료 목록-1(하이베이스).xlsx,중국
그린프로폴리스,300000,,하이베이스,높음,거래처 카탈로그,프로폴리스(Propolis:분말),251-255쪽 3-2. 직수입원료 목록-1(하이베이스).xlsx,중국
프로폴리스,90000,호주,바른에프피,높음,거래처 카탈로그,그린프로폴리스,바른에프피 품목리스트(카무트글루텐분해효소 24.02.05).xlsx,브라질
프로폴리스,420000,브라질,바른에프피,높음,거래처 카탈로그,그린프로폴리스,바른에프피 품목리스트(카무트글루텐분해효소 24.02.05).xlsx,브라질
발효홍삼농축액(6년근),250000,,바른에프피,높음,거래처 카탈로그,홍삼농축액(4년근),바른에프피 품목리스트(카무트글루텐분해효소 24.02.05).xlsx,국산
홍삼농축액분말(4년근),310000,,바른에프피,높음,거래처 카탈로그,홍삼농축액(4년근),바른에프피 품목리스트(카무트글루텐분해효소 24.02.05).xlsx,국산
홍삼농축액분말(6년근),330000,,바른에프피,높음,거래처 카탈로그,홍삼농축액(4년근),바른에프피 품목리스트(카무트글루텐분해효소 24.02.05).xlsx,국산
인진쑥추출분말,32000,국산,올담식품,높음,거래처 카탈로그,쑥추출분말,올담식품 리스트.xlsx,국산
아카시아꿀,10000,,올담식품,높음,거래처 카탈로그,아카시아꿀분말,올담식품 리스트.xlsx,국산
작약추출물,250000,,올담식품,높음,거래처 카탈로그,작약추출물분말,올담식품 리스트.xlsx,국산
작약추출물,360000,,올담식품,높음,거래처 카탈로그,작약추출물분말,올담식품 리스트.xlsx,국산
인삼농축액분말(6년근),350000,,해찬솔,높음,거래처 카탈로그,인삼농축액(BRIX:20),해찬솔푸드-품목리스트(통합)(24.03.27).pdf,국산
발효홍삼농축액(6년근),250000,,해찬솔,높음,거래처 카탈로그,홍삼농축액,해찬솔푸드-품목리스트(통합)(24.03.27).pdf,국산
홍삼농축액분말(4년근),310000,,해찬솔,높음,거래처 카탈로그,홍삼농축액,해찬솔푸드-품목리스트(통합)(24.03.27).pdf,국산
홍삼농축액분말(6년근),330000,,해찬솔,높음,거래처 카탈로그,홍삼농축액,해찬솔푸드-품목리스트(통합)(24.03.27).pdf,국산
인진쑥추출분말,32000,국산,해찬솔,높음,거래처 카탈로그,쑥추출분말,해찬솔푸드-품목리스트(통합)(24.03.27).pdf,국산
아카시아꿀,10000,,해찬솔,높음,거래처 카탈로그,아카시아꿀분말,해찬솔푸드-품목리스트(통합)(24.03.27).pdf,국산
녹차추출물분말,100000,인도,태왕물산,높음,거래처 카탈로그,녹차추출물,태왕물산 주식회사_식첨 품목.xlsx,중국
녹차추출물분말,80000,미국,태왕물산,높음,거래처 카탈로그,녹차추출물,태왕물산 주식회사_식첨 품목.xlsx,중국
녹차추출물분말,77000,중국,태왕물산,높음,거래처 카탈로그,녹차추출물,태왕물산 주식회사_식첨 품목.xlsx,중국
녹차추출물분말,26000,인도,태왕물산,높음,거래처 카탈로그,녹차추출물,태왕물산 주식회사_식첨 품목.xlsx,중국
녹차추출물분말,27000,국산,태왕물산,높음,거래처 카탈로그,녹차추출물,태왕물산 주식회사_식첨 품목.xlsx,중국
글루타치온(캐나다),450000,캐나다,동일팜텍,높음,거래처 카탈로그,효모글루타치온,동일팜텍 품목리스트_2024.pdf,중국
글루타치온(14%)(스위스),180000,스위스,동일팜텍,높음,거래처 카탈로그,효모글루타치온,동일팜텍 품목리스트_2024.pdf,중국
글루타치온,350000,인도,동일팜텍,높음,거래처 카탈로그,효모글루타치온,동일팜텍 품목리스트_2024.pdf,중국
글루타치온50%,380000,캐나다,동일팜텍,높음,거래처 카탈로그,효모글루타치온,동일팜텍 품목리스트_2024.pdf,중국
글루타치온50%,250000,인도,동일팜텍,높음,거래처 카탈로그,효모글루타치온,동일팜텍 품목리스트_2024.pdf,중국
대두레시틴분말,15000,인도,하이베이스,높음,거래처 카탈로그,대두레시틴(분말),247-250쪽 3-1. 취급원료 목록-1(하이베이스).xlsx,
대두레시틴액상,4600,미국,하이베이스,높음,거래처 카탈로그,대두레시틴(분말),247-250쪽 3-1. 취급원료 목록-1(하이베이스).xlsx,
발효홍삼농축액(6년근),250000,,하이베이스,높음,거래처 카탈로그,홍삼농축액,247-250쪽 3-1. 취급원료 목록-1(하이베이스).xlsx,
밀크세라마이드,270000,뉴질랜드,하이베이스,높음,거래처 카탈로그,"세라마이드(우유,쌀,밀등)",247-250쪽 3-1. 취급원료 목록-1(하이베이스).xlsx,
살균양배추분말,20000,국산,하이베이스,높음,거래처 카탈로그,양배추분말,247-250쪽 3-1. 취급원료 목록-1(하이베이스).xlsx,
살균양배추분말,19000,국산,하이베이스,높음,거래처 카탈로그,양배추분말,247-250쪽 3-1. 취급원료 목록-1(하이베이스).xlsx,
인삼농축액분말(6년근),350000,,하이베이스,높음,거래처 카탈로그,인삼농축액,247-250쪽 3-1. 취급원료 목록-1(하이베이스).xlsx,
홍삼농축액분말(4년근),310000,,하이베이스,높음,거래처 카탈로그,홍삼농축액,247-250쪽 3-1. 취급원료 목록-1(하이베이스).xlsx,
홍삼농축액분말(6년근),330000,,하이베이스,높음,거래처 카탈로그,홍삼농축액,247-250쪽 3-1. 취급원료 목록-1(하이베이스).xlsx,
타트체리농축액,4800,터키,조은푸드텍,높음,거래처 카탈로그,체리농축액(68),조은푸드텍 제품리스트_230914.pdf,미국산
타트체리농축액,6800,터키,조은푸드텍,높음,거래처 카탈로그,체리농축액(68),조은푸드텍 제품리스트_230914.pdf,미국산
콘드로이친(황산20%),83000,미국,대덕약업,높음,거래처 카탈로그,P-콘드로이친(돼지 연골 유래),취급 품목 리스트(대덕약업).pdf,덴마크
대두레시틴분말,15000,인도,향림산업,높음,거래처 카탈로그,대두레시틴(분말),향림산업 전제품리스트.pdf,인도
대두레시틴액상,4600,미국,향림산업,높음,거래처 카탈로그,대두레시틴(분말),향림산업 전제품리스트.pdf,인도
녹차추출물분말,100000,인도,지큐바이오,높음,거래처 카탈로그,녹차 추출물,지큐바이오_취급원료 리스트_ver0011.pdf,인도
녹차추출물분말,80000,미국,지큐바이오,높음,거래처 카탈로그,녹차 추출물,지큐바이오_취급원료 리스트_ver0011.pdf,인도
녹차추출물분말,77000,중국,지큐바이오,높음,거래처 카탈로그,녹차 추출물,지큐바이오_취급원료 리스트_ver0011.pdf,인도
녹차추출물분말,26000,인도,지큐바이오,높음,거래처 카탈로그,녹차 추출물,지큐바이오_취급원료 리스트_ver0011.pdf,인도
녹차추출물분말,27000,국산,지큐바이오,높음,거래처 카탈로그,녹차 추출물,지큐바이오_취급원료 리스트_ver0011.pdf,인도
블루스피루리나(일반분말),180000,프랑스,지큐바이오,높음,거래처 카탈로그,스피루리나,지큐바이오_취급원료 리스트_ver0011.pdf,인도
모로오렌지,75000,폴란드,키오코리아,높음,프라임H&B 중개리스트,모로 오렌지쥬스( NFC ) (15 Brix),0.12월_프라임H&B 상품소개서(공유용).xlsx,이탈리아
모로오렌지,16000,이탈리아,키오코리아,높음,프라임H&B 중개리스트,모로 오렌지쥬스( NFC ) (15 Brix),0.12월_프라임H&B 상품소개서(공유용).xlsx,이탈리아
모로오렌지,15000,,키오코리아,높음,프라임H&B 중개리스트,모로 오렌지쥬스( NFC ) (15 Brix),0.12월_프라임H&B 상품소개서(공유용).xlsx,이탈리아
모로오렌지,55000,폴란드,키오코리아,높음,프라임H&B 중개리스트,모로 오렌지쥬스( NFC ) (15 Brix),0.12월_프라임H&B 상품소개서(공유용).xlsx,이탈리아
모로오렌지,18000,이스라엘,키오코리아,높음,프라임H&B 중개리스트,모로 오렌지쥬스( NFC ) (15 Brix),0.12월_프라임H&B 상품소개서(공유용).xlsx,이탈리아
글루타치온(캐나다),450000,캐나다,키오코리아,높음,프라임H&B 중개리스트,L-글루타치온 (글루타치온 14%),0.12월_프라임H&B 상품소개서(공유용).xlsx,스위스
글루타치온(14%)(스위스),180000,스위스,키오코리아,높음,프라임H&B 중개리스트,L-글루타치온 (글루타치온 14%),0.12월_프라임H&B 상품소개서(공유용).xlsx,스위스
글루타치온,350000,인도,키오코리아,높음,프라임H&B 중개리스트,L-글루타치온 (글루타치온 14%),0.12월_프라임H&B 상품소개서(공유용).xlsx,스위스
글루타치온50%,380000,캐나다,키오코리아,높음,프라임H&B 중개리스트,L-글루타치온 (글루타치온 14%),0.12월_프라임H&B 상품소개서(공유용).xlsx,스위스
글루타치온50%,250000,인도,키오코리아,높음,프라임H&B 중개리스트,L-글루타치온 (글루타치온 14%),0.12월_프라임H&B 상품소개서(공유용).xlsx,스위스
아미노산혼합물BCAA INSTANT POWDER,25000,중국,진성교역상사,높음,거래처 카탈로그,BCAA INSTANT POWDER,진성교역상사&(주)콩코드상사 Product List_2024.pdf,중국산
결정셀룰로오스102,10000,,하이베이스,높음,거래처 카탈로그,결정셀룰로오스,247-250쪽 3-1. 취급원료 목록-1(하이베이스).xlsx,
프락토올리고당,8000,중국,지큐바이오,높음,거래처 카탈로그,과립형 프락토올리고당,지큐바이오_취급원료 리스트_ver0011.pdf,중국
알로에베라추출분말일반식품,57000,중국,하이베이스,보통,거래처 카탈로그,알로에베라추출분말(알로에전잎),251-255쪽 3-2. 직수입원료 목록-1(하이베이스).xlsx,중국
동충하초(밀라타리스),55000,국산,바이오케어,보통,거래처 카탈로그,눈꽃동충하초,(주)바이오케어 식품원료리스트 .pdf,국산
차가버섯분말,30000,,바이오케어,보통,거래처 카탈로그,차가버섯,(주)바이오케어 식품원료리스트 .pdf,러시아
차전자피분말,17000,,바이오케어,보통,거래처 카탈로그,차전자피,(주)바이오케어 식품원료리스트 .pdf,인도
차전자피분말,22000,,바이오케어,보통,거래처 카탈로그,차전자피,(주)바이오케어 식품원료리스트 .pdf,인도
차전자피분말,9000,인도,바이오케어,보통,거래처 카탈로그,차전자피,(주)바이오케어 식품원료리스트 .pdf,인도
차전자피분말,16000,인도,바이오케어,보통,거래처 카탈로그,차전자피,(주)바이오케어 식품원료리스트 .pdf,인도
유산균사균체(구강용),150000,,바이텍,보통,거래처 카탈로그,열처리유산균사균체(30B),(주)바이텍 원료 리스트.pdf,
야채혼합분말(과일),84000,미국,하이베이스,보통,거래처 카탈로그,야채혼합,247-250쪽 3-1. 취급원료 목록-1(하이베이스).xlsx,
L-메티오닌,69000,중국,하이베이스,보통,거래처 카탈로그,메티오닌(L-Methinone),251-255쪽 3-2. 직수입원료 목록-1(하이베이스).xlsx,중국
양태반,180000,호주,하이베이스,보통,거래처 카탈로그,태반(돼지/양/말),247-250쪽 3-1. 취급원료 목록-1(하이베이스).xlsx,
차전자피분말,17000,,하이베이스,보통,거래처 카탈로그,차전자피(분말),251-255쪽 3-2. 직수입원료 목록-1(하이베이스).xlsx,인도
차전자피분말,22000,,하이베이스,보통,거래처 카탈로그,차전자피(분말),251-255쪽 3-2. 직수입원료 목록-1(하이베이스).xlsx,인도
차전자피분말,9000,인도,하이베이스,보통,거래처 카탈로그,차전자피(분말),251-255쪽 3-2. 직수입원료 목록-1(하이베이스).xlsx,인도
차전자피분말,16000,인도,하이베이스,보통,거래처 카탈로그,차전자피(분말),251-255쪽 3-2. 직수입원료 목록-1(하이베이스).xlsx,인도
L-트레오닌,12000,중국,하이베이스,보통,거래처 카탈로그,트레오닌(L-Threonine),251-255쪽 3-2. 직수입원료 목록-1(하이베이스).xlsx,중국
L-트립토판,30000,중국,하이베이스,보통,거래처 카탈로그,트립토판(L-Tryptophan),251-255쪽 3-2. 직수입원료 목록-1(하이베이스).xlsx,중국
차전자피분말,17000,,바른에프피,보통,거래처 카탈로그,차전자피,바른에프피 품목리스트(카무트글루텐분해효소 24.02.05).xlsx,인도
차전자피분말,22000,,바른에프피,보통,거래처 카탈로그,차전자피,바른에프피 품목리스트(카무트글루텐분해효소 24.02.05).xlsx,인도
차전자피분말,9000,인도,바른에프피,보통,거래처 카탈로그,차전자피,바른에프피 품목리스트(카무트글루텐분해효소 24.02.05).xlsx,인도
차전자피분말,16000,인도,바른에프피,보통,거래처 카탈로그,차전자피,바른에프피 품목리스트(카무트글루텐분해효소 24.02.05).xlsx,인도
뮤코다당(철갑상어),190000,대만,바른에프피,보통,거래처 카탈로그,뮤코다당단백,바른에프피 품목리스트(카무트글루텐분해효소 24.02.05).xlsx,중국
헤마토코쿠스추출물,1450000,독일,바른에프피,보통,거래처 카탈로그,헤마토코쿠스(초임계),바른에프피 품목리스트(카무트글루텐분해효소 24.02.05).xlsx,중국
밀크씨슬,98000,미국,바른에프피,보통,거래처 카탈로그,밀크씨슬분말,바른에프피 품목리스트(카무트글루텐분해효소 24.02.05).xlsx,미국
밀크씨슬,72000,중국,바른에프피,보통,거래처 카탈로그,밀크씨슬분말,바른에프피 품목리스트(카무트글루텐분해효소 24.02.05).xlsx,미국
밀크씨슬(유기농),390000,미국,바른에프피,보통,거래처 카탈로그,밀크씨슬분말,바른에프피 품목리스트(카무트글루텐분해효소 24.02.05).xlsx,미국
밀크씨슬(유기농),450000,스페인,바른에프피,보통,거래처 카탈로그,밀크씨슬분말,바른에프피 품목리스트(카무트글루텐분해효소 24.02.05).xlsx,미국
아르기닌,28000,국산,바른에프피,보통,거래처 카탈로그,L-아르기닌,바른에프피 품목리스트(카무트글루텐분해효소 24.02.05).xlsx,중국
메치오닌,20000,중국,바른에프피,보통,거래처 카탈로그,L-메치오닌,바른에프피 품목리스트(카무트글루텐분해효소 24.02.05).xlsx,중국
글루타민,16000,중국,바른에프피,보통,거래처 카탈로그,L-글루타민,바른에프피 품목리스트(카무트글루텐분해효소 24.02.05).xlsx,중국
L-시스테인,25000,,바른에프피,보통,거래처 카탈로그,L-시스테인염산염,바른에프피 품목리스트(카무트글루텐분해효소 24.02.05).xlsx,중국
두충추출분말고형분30%,40000,국산,올담식품,보통,거래처 카탈로그,두충추출분말,올담식품 리스트.xlsx,국산
와일드망고추출분말,34000,,올담식품,보통,거래처 카탈로그,망고추출분말,올담식품 리스트.xlsx,필린핀산
와일드망고추출분말,32000,미국,올담식품,보통,거래처 카탈로그,망고추출분말,올담식품 리스트.xlsx,필린핀산
벌나무농축액(산겨릅나무),40000,,해찬솔,보통,거래처 카탈로그,무농축액,해찬솔푸드-품목리스트(통합)(24.03.27).pdf,국산
두충추출분말고형분30%,40000,국산,해찬솔,보통,거래처 카탈로그,두충추출분말,해찬솔푸드-품목리스트(통합)(24.03.27).pdf,국산
와일드망고추출분말,34000,,해찬솔,보통,거래처 카탈로그,망고추출분말,해찬솔푸드-품목리스트(통합)(24.03.27).pdf,필리핀산
와일드망고추출분말,32000,미국,해찬솔,보통,거래처 카탈로그,망고추출분말,해찬솔푸드-품목리스트(통합)(24.03.27).pdf,필리핀산
HPMC,18000,,태왕물산,보통,거래처 카탈로그,HPMC-P,태왕물산 주식회사_식첨 품목.xlsx,국산
글루타민,16000,중국,태왕물산,보통,거래처 카탈로그,L-글루타민,태왕물산 주식회사_식첨 품목.xlsx,국산
오메가3(식물성)(알티지),79000,프랑스,태왕물산,보통,거래처 카탈로그,TG 오메가3,태왕물산 주식회사_식첨 품목.xlsx,노르웨이
오메가3(알티지)(동물성),21500,노르웨이,태왕물산,보통,거래처 카탈로그,TG 오메가3,태왕물산 주식회사_식첨 품목.xlsx,노르웨이
오메가3(알티지)(동물성),82000,노르웨이,태왕물산,보통,거래처 카탈로그,TG 오메가3,태왕물산 주식회사_식첨 품목.xlsx,노르웨이
오메가3(알티지)(동물성),160000,독일,태왕물산,보통,거래처 카탈로그,TG 오메가3,태왕물산 주식회사_식첨 품목.xlsx,노르웨이
오메가3(알티지)(동물성),90000,네덜란드,태왕물산,보통,거래처 카탈로그,TG 오메가3,태왕물산 주식회사_식첨 품목.xlsx,노르웨이
오메가3(정제어유분말),65000,독일,태왕물산,보통,거래처 카탈로그,TG 오메가3,태왕물산 주식회사_식첨 품목.xlsx,노르웨이
오메가3(정제유분말),46000,,태왕물산,보통,거래처 카탈로그,TG 오메가3,태왕물산 주식회사_식첨 품목.xlsx,노르웨이
건조효모,630000,미국,태왕물산,보통,거래처 카탈로그,맥주건조효모(Beer Yeast),태왕물산 주식회사_식첨 품목.xlsx,국내제조
건조효모,13500,에스토니아,태왕물산,보통,거래처 카탈로그,맥주건조효모(Beer Yeast),태왕물산 주식회사_식첨 품목.xlsx,국내제조
벌나무농축액(산겨릅나무),40000,,태왕물산,보통,거래처 카탈로그,무농축액,태왕물산 주식회사_식첨 품목.xlsx,국산
보리분말,11000,,태왕물산,보통,거래처 카탈로그,새싹보리분말,태왕물산 주식회사_식첨 품목.xlsx,국내
차가버섯분말,30000,,태왕물산,보통,거래처 카탈로그,차가버섯,태왕물산 주식회사_식첨 품목.xlsx,핀란드
분리대두단백(ISP),7000,인도,태왕물산,보통,거래처 카탈로그,대두단백,태왕물산 주식회사_식첨 품목.xlsx,
뮤코다당(철갑상어),190000,대만,동일팜텍,보통,거래처 카탈로그,뮤코다당단백,동일팜텍 품목리스트_2024.pdf,중국
구연산나트륨,4500,중국,하이베이스,보통,거래처 카탈로그,구연산나트륨/칼륨,247-250쪽 3-1. 취급원료 목록-1(하이베이스).xlsx,
구연산나트륨,7000,오스트리아,하이베이스,보통,거래처 카탈로그,구연산나트륨/칼륨,247-250쪽 3-1. 취급원료 목록-1(하이베이스).xlsx,
딸기향,11000,,하이베이스,보통,거래처 카탈로그,딸기(농축액/맛/시럽),247-250쪽 3-1. 취급원료 목록-1(하이베이스).xlsx,
레드비트분말,26000,,하이베이스,보통,거래처 카탈로그,레드비트,247-250쪽 3-1. 취급원료 목록-1(하이베이스).xlsx,
사과향,45000,,하이베이스,보통,거래처 카탈로그,"사과(농축액,분말)",247-250쪽 3-1. 취급원료 목록-1(하이베이스).xlsx,
분리유단백질(MPI),22000,프랑스,하이베이스,보통,거래처 카탈로그,유단백질,247-250쪽 3-1. 취급원료 목록-1(하이베이스).xlsx,
차가버섯분말,30000,,하이베이스,보통,거래처 카탈로그,차가버섯,247-250쪽 3-1. 취급원료 목록-1(하이베이스).xlsx,
타트체리분말,30000,터키,하이베이스,보통,거래처 카탈로그,타트체리,247-250쪽 3-1. 취급원료 목록-1(하이베이스).xlsx,
글루타민,16000,중국,진성교역상사,보통,거래처 카탈로그,L-글루타민,진성교역상사&(주)콩코드상사 Product List_2024.pdf,중국산
엘라스틴,380000,프랑스,DH솔루션,보통,프라임H&B 중개리스트,엘라스틴 분말,0.12월_프라임H&B 상품소개서(공유용).xlsx,미국
엘라스틴,270000,미국,DH솔루션,보통,프라임H&B 중개리스트,엘라스틴 분말,0.12월_프라임H&B 상품소개서(공유용).xlsx,미국
마리골드꽃추출물,140000,인도,건기,보통,프라임H&B 중개리스트,[건기] 마리골드 꽃 추출물 (루테인 20%),0.12월_프라임H&B 상품소개서(공유용).xlsx,인도
마리골드꽃추출물,130000,,건기,보통,프라임H&B 중개리스트,[건기] 마리골드 꽃 추출물 (루테인 20%),0.12월_프라임H&B 상품소개서(공유용).xlsx,인도
아르기닌,28000,국산,AI코리아,보통,프라임H&B 중개리스트,L-아르기닌,0.12월_프라임H&B 상품소개서(공유용).xlsx,중국
L-시스테인,25000,,DH솔루션,보통,프라임H&B 중개리스트,L-시스테인염산염,0.12월_프라임H&B 상품소개서(공유용).xlsx,
그린프로폴리스,300000,,동일팜텍,보통,거래처 카탈로그,그린프로폴리스추출분말,동일팜텍 품목리스트_2024.pdf,브라질
세인트존스워트추출분말,220000,,하이베이스,보통,거래처 카탈로그,세인트존스워트,247-250쪽 3-1. 취급원료 목록-1(하이베이스).xlsx,
차즈기추출분말,16000,국산,프라임에이치앤비,보통,프라임H&B 중개리스트,프리미엄 차즈기추출분말,0.12월_프라임H&B 상품소개서(공유용).xlsx,-
차즈기추출분말,18000,국산,프라임에이치앤비,보통,프라임H&B 중개리스트,프리미엄 차즈기추출분말,0.12월_프라임H&B 상품소개서(공유용).xlsx,-
구기자추출분말,30000,,프라임에이치앤비,보통,프라임H&B 중개리스트,홍국 발효구기자 추출분말,0.12월_프라임H&B 상품소개서(공유용).xlsx,-
구기자추출분말,35000,,프라임에이치앤비,보통,프라임H&B 중개리스트,홍국 발효구기자 추출분말,0.12월_프라임H&B 상품소개서(공유용).xlsx,-
구기자추출분말,29700,,프라임에이치앤비,보통,프라임H&B 중개리스트,홍국 발효구기자 추출분말,0.12월_프라임H&B 상품소개서(공유용).xlsx,-
포스파티딜세린70%,590000,인도,키오코리아,보통,프라임H&B 중개리스트,[건기] 포스파티딜세린,0.12월_프라임H&B 상품소개서(공유용).xlsx,미국
타트체리농축액,4800,터키,키오코리아,보통,프라임H&B 중개리스트,몽모랑시 타트체리농축액 (65 Brix / PH 2.9),0.12월_프라임H&B 상품소개서(공유용).xlsx,터키
타트체리농축액,6800,터키,키오코리아,보통,프라임H&B 중개리스트,몽모랑시 타트체리농축액 (65 Brix / PH 2.9),0.12월_프라임H&B 상품소개서(공유용).xlsx,터키
L-라이신,7500,중국,바른에프피,보통,거래처 카탈로그,L-라이신 염산염,바른에프피 품목리스트(카무트글루텐분해효소 24.02.05).xlsx,중국
아누카사과농축액,18000,이탈리아,올담식품,보통,거래처 카탈로그,사과농축액,올담식품 리스트.xlsx,국산
옥수수수염,42000,,올담식품,보통,거래처 카탈로그,옥수수수염농축액,올담식품 리스트.xlsx,국산
갈근농축액,30000,,해찬솔,보통,거래처 카탈로그,갈근(칡)농축액HCS,해찬솔푸드-품목리스트(통합)(24.03.27).pdf,국산
아누카사과농축액,18000,이탈리아,해찬솔,보통,거래처 카탈로그,사과농축액,해찬솔푸드-품목리스트(통합)(24.03.27).pdf,국산
아누카사과농축액,18000,이탈리아,태왕물산,보통,거래처 카탈로그,사과농축액,태왕물산 주식회사_식첨 품목.xlsx,국산
보스웰리아,43000,,동일팜텍,보통,거래처 카탈로그,보스웰리아추출물,동일팜텍 품목리스트_2024.pdf,인도
유기농양배추분말,52000,국산,하이베이스,보통,거래처 카탈로그,양배추분말,247-250쪽 3-1. 취급원료 목록-1(하이베이스).xlsx,
프로폴리스,90000,호주,대덕약업,보통,거래처 카탈로그,프로폴리스추출물,취급 품목 리스트(대덕약업).pdf,대만
프로폴리스,420000,브라질,대덕약업,보통,거래처 카탈로그,프로폴리스추출물,취급 품목 리스트(대덕약업).pdf,대만
아가베시럽(유기농),15000,,향림산업,보통,거래처 카탈로그,유기농아가베시럽,향림산업 전제품리스트.pdf,멕시코
올리브오일,11000,,비카인,보통,프라임H&B 중개리스트,유기농 올리브오일,0.12월_프라임H&B 상품소개서(공유용).xlsx,독일
올리브오일,9000,스페인,비카인,보통,프라임H&B 중개리스트,유기농 올리브오일,0.12월_프라임H&B 상품소개서(공유용).xlsx,독일
사과농축액,4400,,프라임에이치앤비,보통,프라임H&B 중개리스트,아누카 사과 농축액,0.12월_프라임H&B 상품소개서(공유용).xlsx,이탈리아
사과농축액,5700,,프라임에이치앤비,보통,프라임H&B 중개리스트,아누카 사과 농축액,0.12월_프라임H&B 상품소개서(공유용).xlsx,이탈리아
사과농축액,4400,,키오코리아,보통,프라임H&B 중개리스트,유기농 사과 농축액 (70 Brix),0.12월_프라임H&B 상품소개서(공유용).xlsx,터키
사과농축액,5700,,키오코리아,보통,프라임H&B 중개리스트,유기농 사과 농축액 (70 Brix),0.12월_프라임H&B 상품소개서(공유용).xlsx,터키
키토산분말,58000,태국,BTC,보통,거래처 카탈로그,키토산,(BTC) 취급원료 리스트.xlsx,베트남산
구기자분말,65000,,바이오케어,보통,거래처 카탈로그,구기자,(주)바이오케어 식품원료리스트 .pdf,국산/수입
도라지원물,9000,중국,바이오케어,보통,거래처 카탈로그,도라지,(주)바이오케어 식품원료리스트 .pdf,국산/수입
도라지원물,23000,국산,바이오케어,보통,거래처 카탈로그,도라지,(주)바이오케어 식품원료리스트 .pdf,국산/수입
맥문동분말,33000,중국,바이오케어,보통,거래처 카탈로그,맥문동,(주)바이오케어 식품원료리스트 .pdf,국산/수입
숙지황분말,75000,국산,바이오케어,보통,거래처 카탈로그,숙지황,(주)바이오케어 식품원료리스트 .pdf,국산/수입
숙지황분말,29000,중국,바이오케어,보통,거래처 카탈로그,숙지황,(주)바이오케어 식품원료리스트 .pdf,국산/수입
L-로이신,30000,중국,하이베이스,보통,거래처 카탈로그,로이신(L-Leucine),251-255쪽 3-2. 직수입원료 목록-1(하이베이스).xlsx,중국
비오틴/g,2000,중국,하이베이스,보통,거래처 카탈로그,비오틴(Biotin),251-255쪽 3-2. 직수입원료 목록-1(하이베이스).xlsx,중국
비오틴/g,13000,프랑스,하이베이스,보통,거래처 카탈로그,비오틴(Biotin),251-255쪽 3-2. 직수입원료 목록-1(하이베이스).xlsx,중국
L-시스틴,43000,국산,하이베이스,보통,거래처 카탈로그,시스틴(L-Cystine),251-255쪽 3-2. 직수입원료 목록-1(하이베이스).xlsx,중국
콜라겐분말,40000,프랑스,하이베이스,보통,거래처 카탈로그,콜라겐(저분자 피쉬 콜라겐분말),251-255쪽 3-2. 직수입원료 목록-1(하이베이스).xlsx,대만
콜라겐분말,32000,이탈리아,하이베이스,보통,거래처 카탈로그,콜라겐(저분자 피쉬 콜라겐분말),251-255쪽 3-2. 직수입원료 목록-1(하이베이스).xlsx,대만
키토산분말,58000,태국,하이베이스,보통,거래처 카탈로그,키토산(Chitosan:분말),251-255쪽 3-2. 직수입원료 목록-1(하이베이스).xlsx,태국
L-티로신,37000,,하이베이스,보통,거래처 카탈로그,티로신(L-Tyrosine),251-255쪽 3-2. 직수입원료 목록-1(하이베이스).xlsx,중국
양태반,180000,호주,바른에프피,보통,거래처 카탈로그,양태반 분말,바른에프피 품목리스트(카무트글루텐분해효소 24.02.05).xlsx,호주
구연산,4500,,바른에프피,보통,거래처 카탈로그,구연산칼슘,바른에프피 품목리스트(카무트글루텐분해효소 24.02.05).xlsx,미국
프롤린,33000,중국,바른에프피,보통,거래처 카탈로그,L-프롤린,바른에프피 품목리스트(카무트글루텐분해효소 24.02.05).xlsx,중국
콤부차,25000,,올담식품,보통,거래처 카탈로그,콤부차분말,올담식품 리스트.xlsx,혼합
콤부차,25000,,해찬솔,보통,거래처 카탈로그,콤부차분말,해찬솔푸드-품목리스트(통합)(24.03.27).pdf,스리랑카산
딸기향,11000,,해찬솔,보통,거래처 카탈로그,딸기향분말,해찬솔푸드-품목리스트(통합)(24.03.27).pdf,
사과향,45000,,해찬솔,보통,거래처 카탈로그,사과향분말,해찬솔푸드-품목리스트(통합)(24.03.27).pdf,
콜라겐(당근),70000,,태왕물산,보통,거래처 카탈로그,피쉬콜라겐,태왕물산 주식회사_식첨 품목.xlsx,인도
콜라겐(비변성2형),7700000,일본,태왕물산,보통,거래처 카탈로그,피쉬콜라겐,태왕물산 주식회사_식첨 품목.xlsx,인도
콜라겐(어린피쉬),36000,,태왕물산,보통,거래처 카탈로그,피쉬콜라겐,태왕물산 주식회사_식첨 품목.xlsx,인도
콜라겐(어린피쉬),46000,캐나다,태왕물산,보통,거래처 카탈로그,피쉬콜라겐,태왕물산 주식회사_식첨 품목.xlsx,인도
콜라겐(피쉬),24000,대만,태왕물산,보통,거래처 카탈로그,피쉬콜라겐,태왕물산 주식회사_식첨 품목.xlsx,인도
콜라겐(피쉬),38000,베트남,태왕물산,보통,거래처 카탈로그,피쉬콜라겐,태왕물산 주식회사_식첨 품목.xlsx,인도
콜라겐(피쉬),29000,,태왕물산,보통,거래처 카탈로그,피쉬콜라겐,태왕물산 주식회사_식첨 품목.xlsx,인도
콜라겐(피쉬),28000,국산,태왕물산,보통,거래처 카탈로그,피쉬콜라겐,태왕물산 주식회사_식첨 품목.xlsx,인도
구연산,4500,,태왕물산,보통,거래처 카탈로그,무수구연산(40mesh),태왕물산 주식회사_식첨 품목.xlsx,오스트리아
키토산분말,58000,태국,태왕물산,보통,거래처 카탈로그,키토산,태왕물산 주식회사_식첨 품목.xlsx,베트남
결명자분말,10500,중국,하이베이스,보통,거래처 카탈로그,결명자,247-250쪽 3-1. 취급원료 목록-1(하이베이스).xlsx,
결명자분말,12000,인도,하이베이스,보통,거래처 카탈로그,결명자,247-250쪽 3-1. 취급원료 목록-1(하이베이스).xlsx,
구기자분말,65000,,하이베이스,보통,거래처 카탈로그,구기자,247-250쪽 3-1. 취급원료 목록-1(하이베이스).xlsx,
구연산칼륨,6700,국산,하이베이스,보통,거래처 카탈로그,구연산,247-250쪽 3-1. 취급원료 목록-1(하이베이스).xlsx,
무수구연산,3000,,하이베이스,보통,거래처 카탈로그,구연산,247-250쪽 3-1. 취급원료 목록-1(하이베이스).xlsx,
다시마분말(엑기스),10000,,하이베이스,보통,거래처 카탈로그,다시마,247-250쪽 3-1. 취급원료 목록-1(하이베이스).xlsx,
다시마분말,24000,국산,하이베이스,보통,거래처 카탈로그,다시마,247-250쪽 3-1. 취급원료 목록-1(하이베이스).xlsx,
로즈힙퓨레,7500,,하이베이스,보통,거래처 카탈로그,로즈힙(들장미/기타),247-250쪽 3-1. 취급원료 목록-1(하이베이스).xlsx,
리소짐분말,220000,이탈리아,하이베이스,보통,거래처 카탈로그,리소짐,247-250쪽 3-1. 취급원료 목록-1(하이베이스).xlsx,
리소짐분말,260000,네덜란드,하이베이스,보통,거래처 카탈로그,리소짐,247-250쪽 3-1. 취급원료 목록-1(하이베이스).xlsx,
난소화성 말토덱스트린,8000,국산,하이베이스,보통,거래처 카탈로그,말토덱스트린,247-250쪽 3-1. 취급원료 목록-1(하이베이스).xlsx,
맥문동분말,33000,중국,하이베이스,보통,거래처 카탈로그,맥문동,247-250쪽 3-1. 취급원료 목록-1(하이베이스).xlsx,
산양유분말,30000,네덜란드,하이베이스,보통,거래처 카탈로그,산양유,247-250쪽 3-1. 취급원료 목록-1(하이베이스).xlsx,
아스파라거스추출분말,65000,페루/멕시코/호주,하이베이스,보통,거래처 카탈로그,아스파라거스,247-250쪽 3-1. 취급원료 목록-1(하이베이스).xlsx,
모로오렌지,75000,폴란드,하이베이스,보통,거래처 카탈로그,오렌지,247-250쪽 3-1. 취급원료 목록-1(하이베이스).xlsx,
모로오렌지,16000,이탈리아,하이베이스,보통,거래처 카탈로그,오렌지,247-250쪽 3-1. 취급원료 목록-1(하이베이스).xlsx,
모로오렌지,15000,,하이베이스,보통,거래처 카탈로그,오렌지,247-250쪽 3-1. 취급원료 목록-1(하이베이스).xlsx,
모로오렌지,55000,폴란드,하이베이스,보통,거래처 카탈로그,오렌지,247-250쪽 3-1. 취급원료 목록-1(하이베이스).xlsx,
모로오렌지,18000,이스라엘,하이베이스,보통,거래처 카탈로그,오렌지,247-250쪽 3-1. 취급원료 목록-1(하이베이스).xlsx,
올리브오일,11000,,하이베이스,보통,거래처 카탈로그,올리브(잎/오일),247-250쪽 3-1. 취급원료 목록-1(하이베이스).xlsx,
올리브오일,9000,스페인,하이베이스,보통,거래처 카탈로그,올리브(잎/오일),247-250쪽 3-1. 취급원료 목록-1(하이베이스).xlsx,
유산균(루테리)10,45000,,하이베이스,보통,거래처 카탈로그,유산균(혼합),247-250쪽 3-1. 취급원료 목록-1(하이베이스).xlsx,
구강유산균(Wellssella CMU),1150000,,하이베이스,보통,거래처 카탈로그,유산균(혼합),247-250쪽 3-1. 취급원료 목록-1(하이베이스).xlsx,
코코넛오일,22000,필리핀,하이베이스,보통,거래처 카탈로그,코코넛,247-250쪽 3-1. 취급원료 목록-1(하이베이스).xlsx,
코코아분발,9000,,하이베이스,보통,거래처 카탈로그,코코아,247-250쪽 3-1. 취급원료 목록-1(하이베이스).xlsx,
코코아분발,8800,,하이베이스,보통,거래처 카탈로그,코코아,247-250쪽 3-1. 취급원료 목록-1(하이베이스).xlsx,
홍화씨분말,18000,국산,하이베이스,보통,거래처 카탈로그,홍화씨,247-250쪽 3-1. 취급원료 목록-1(하이베이스).xlsx,
레몬향분말,25000,,조은푸드텍,보통,거래처 카탈로그,레몬향,조은푸드텍 제품리스트_230914.pdf,
석류향분말,24000,,조은푸드텍,보통,거래처 카탈로그,석류향,조은푸드텍 제품리스트_230914.pdf,
키토산분말,58000,태국,지큐바이오,보통,거래처 카탈로그,키토산(HD1P),지큐바이오_취급원료 리스트_ver0011.pdf,태국
콜라겐(당근),70000,,마음,보통,프라임H&B 중개리스트,피쉬콜라겐 (300Da 이하),0.12월_프라임H&B 상품소개서(공유용).xlsx,인도
콜라겐(비변성2형),7700000,일본,마음,보통,프라임H&B 중개리스트,피쉬콜라겐 (300Da 이하),0.12월_프라임H&B 상품소개서(공유용).xlsx,인도
콜라겐(어린피쉬),36000,,마음,보통,프라임H&B 중개리스트,피쉬콜라겐 (300Da 이하),0.12월_프라임H&B 상품소개서(공유용).xlsx,인도
콜라겐(어린피쉬),46000,캐나다,마음,보통,프라임H&B 중개리스트,피쉬콜라겐 (300Da 이하),0.12월_프라임H&B 상품소개서(공유용).xlsx,인도
콜라겐(피쉬),24000,대만,마음,보통,프라임H&B 중개리스트,피쉬콜라겐 (300Da 이하),0.12월_프라임H&B 상품소개서(공유용).xlsx,인도
콜라겐(피쉬),38000,베트남,마음,보통,프라임H&B 중개리스트,피쉬콜라겐 (300Da 이하),0.12월_프라임H&B 상품소개서(공유용).xlsx,인도
콜라겐(피쉬),29000,,마음,보통,프라임H&B 중개리스트,피쉬콜라겐 (300Da 이하),0.12월_프라임H&B 상품소개서(공유용).xlsx,인도
콜라겐(피쉬),28000,국산,마음,보통,프라임H&B 중개리스트,피쉬콜라겐 (300Da 이하),0.12월_프라임H&B 상품소개서(공유용).xlsx,인도
콜라겐(당근),70000,,비카인,보통,프라임H&B 중개리스트,피쉬콜라겐 (500Da 이하),0.12월_프라임H&B 상품소개서(공유용).xlsx,베트남
콜라겐(비변성2형),7700000,일본,비카인,보통,프라임H&B 중개리스트,피쉬콜라겐 (500Da 이하),0.12월_프라임H&B 상품소개서(공유용).xlsx,베트남
콜라겐(어린피쉬),36000,,비카인,보통,프라임H&B 중개리스트,피쉬콜라겐 (500Da 이하),0.12월_프라임H&B 상품소개서(공유용).xlsx,베트남
콜라겐(어린피쉬),46000,캐나다,비카인,보통,프라임H&B 중개리스트,피쉬콜라겐 (500Da 이하),0.12월_프라임H&B 상품소개서(공유용).xlsx,베트남
콜라겐(피쉬),24000,대만,비카인,보통,프라임H&B 중개리스트,피쉬콜라겐 (500Da 이하),0.12월_프라임H&B 상품소개서(공유용).xlsx,베트남
콜라겐(피쉬),38000,베트남,비카인,보통,프라임H&B 중개리스트,피쉬콜라겐 (500Da 이하),0.12월_프라임H&B 상품소개서(공유용).xlsx,베트남
콜라겐(피쉬),29000,,비카인,보통,프라임H&B 중개리스트,피쉬콜라겐 (500Da 이하),0.12월_프라임H&B 상품소개서(공유용).xlsx,베트남
콜라겐(피쉬),28000,국산,비카인,보통,프라임H&B 중개리스트,피쉬콜라겐 (500Da 이하),0.12월_프라임H&B 상품소개서(공유용).xlsx,베트남
상어연골분말,48000,,프라임에이치앤비,보통,프라임H&B 중개리스트,프리미엄 상어연골분말,0.12월_프라임H&B 상품소개서(공유용).xlsx,-
상어연골분말,95000,미국,프라임에이치앤비,보통,프라임H&B 중개리스트,프리미엄 상어연골분말,0.12월_프라임H&B 상품소개서(공유용).xlsx,-
비오틴/g,2000,중국,디에스메디팜,보통,프라임H&B 중개리스트,비오틴 (D-BIOTIN),0.12월_프라임H&B 상품소개서(공유용).xlsx,프랑스
비오틴/g,13000,프랑스,디에스메디팜,보통,프라임H&B 중개리스트,비오틴 (D-BIOTIN),0.12월_프라임H&B 상품소개서(공유용).xlsx,프랑스
로이신(루신),28000,중국,휴바테크,보통,프라임H&B 중개리스트,L-로이신,0.12월_프라임H&B 상품소개서(공유용).xlsx,중국
프롤린,33000,중국,DH솔루션,보통,프라임H&B 중개리스트,L-프롤린 (FOOD GRADE),0.12월_프라임H&B 상품소개서(공유용).xlsx,중국
구연산,4500,,DH솔루션,보통,프라임H&B 중개리스트,무수구연산,0.12월_프라임H&B 상품소개서(공유용).xlsx,
사과향,45000,,해찬솔푸드,보통,프라임H&B 중개리스트,사과향분말,0.12월_프라임H&B 상품소개서(공유용).xlsx,
말토덱스트린,1800,중국,DH솔루션,보통,프라임H&B 중개리스트,난소화성말토덱스트린,0.12월_프라임H&B 상품소개서(공유용).xlsx,
말토덱스트린,2400,국산,DH솔루션,보통,프라임H&B 중개리스트,난소화성말토덱스트린,0.12월_프라임H&B 상품소개서(공유용).xlsx,
인디안구스베리추출물분말,90000,인도,하이베이스,보통,거래처 카탈로그,인디안구스베리,247-250쪽 3-1. 취급원료 목록-1(하이베이스).xlsx,
오메가3(동물성)알티지,50000,캐나다,바른에프피,보통,거래처 카탈로그,오메가3 (압착저온추출),바른에프피 품목리스트(카무트글루텐분해효소 24.02.05).xlsx,노르웨이
엘라스틴,380000,프랑스,바른에프피,보통,거래처 카탈로그,난각막엘라스틴 (Bio),바른에프피 품목리스트(카무트글루텐분해효소 24.02.05).xlsx,미국
엘라스틴,270000,미국,바른에프피,보통,거래처 카탈로그,난각막엘라스틴 (Bio),바른에프피 품목리스트(카무트글루텐분해효소 24.02.05).xlsx,미국
포도씨유추출물,90000,,바른에프피,보통,거래처 카탈로그,포도씨유,바른에프피 품목리스트(카무트글루텐분해효소 24.02.05).xlsx,독일
포도씨유추출물,200000,스웨덴,바른에프피,보통,거래처 카탈로그,포도씨유,바른에프피 품목리스트(카무트글루텐분해효소 24.02.05).xlsx,독일
동충하초(밀라타리스),55000,국산,올담식품,보통,거래처 카탈로그,동충하초농축액,올담식품 리스트.xlsx,국산
리포좀비타민C,140000,폴란드,태왕물산,보통,거래처 카탈로그,비타민C(Fine powder),태왕물산 주식회사_식첨 품목.xlsx,영국
리포좀비타민C70%,147000,미국,태왕물산,보통,거래처 카탈로그,비타민C(Fine powder),태왕물산 주식회사_식첨 품목.xlsx,영국
포도씨유추출물,90000,,태왕물산,보통,거래처 카탈로그,포도씨유,태왕물산 주식회사_식첨 품목.xlsx,스페인
포도씨유추출물,200000,스웨덴,태왕물산,보통,거래처 카탈로그,포도씨유,태왕물산 주식회사_식첨 품목.xlsx,스페인
분리대두단백질,9000,미국,태왕물산,보통,거래처 카탈로그,대두단백,태왕물산 주식회사_식첨 품목.xlsx,
분리대두단백질,6300,인도,태왕물산,보통,거래처 카탈로그,대두단백,태왕물산 주식회사_식첨 품목.xlsx,
분리대두단백질,7500,싱가포르,태왕물산,보통,거래처 카탈로그,대두단백,태왕물산 주식회사_식첨 품목.xlsx,
락토페린농축물,1300000,호주,하이베이스,보통,거래처 카탈로그,락토페린,247-250쪽 3-1. 취급원료 목록-1(하이베이스).xlsx,
락토페린농축물,980000,호주,하이베이스,보통,거래처 카탈로그,락토페린,247-250쪽 3-1. 취급원료 목록-1(하이베이스).xlsx,
락토페린농축물,3500000,,하이베이스,보통,거래처 카탈로그,락토페린,247-250쪽 3-1. 취급원료 목록-1(하이베이스).xlsx,
레드비트농축액(유기농),8500,,하이베이스,보통,거래처 카탈로그,레드비트,247-250쪽 3-1. 취급원료 목록-1(하이베이스).xlsx,
아로니아농축액,7000,폴란드,하이베이스,보통,거래처 카탈로그,아로니아,247-250쪽 3-1. 취급원료 목록-1(하이베이스).xlsx,
갈락토올리고당,27000,,하이베이스,보통,거래처 카탈로그,올리고당(당류*별첨),247-250쪽 3-1. 취급원료 목록-1(하이베이스).xlsx,
프락토올리고당,8000,중국,하이베이스,보통,거래처 카탈로그,올리고당(당류*별첨),247-250쪽 3-1. 취급원료 목록-1(하이베이스).xlsx,
분리우유단백질,14500,덴마크,하이베이스,보통,거래처 카탈로그,유단백질,247-250쪽 3-1. 취급원료 목록-1(하이베이스).xlsx,
타트체리농축액,4800,터키,하이베이스,보통,거래처 카탈로그,타트체리,247-250쪽 3-1. 취급원료 목록-1(하이베이스).xlsx,
타트체리농축액,6800,터키,하이베이스,보통,거래처 카탈로그,타트체리,247-250쪽 3-1. 취급원료 목록-1(하이베이스).xlsx,
포도씨유추출물,90000,,하이베이스,보통,거래처 카탈로그,포도씨유,247-250쪽 3-1. 취급원료 목록-1(하이베이스).xlsx,
포도씨유추출물,200000,스웨덴,하이베이스,보통,거래처 카탈로그,포도씨유,247-250쪽 3-1. 취급원료 목록-1(하이베이스).xlsx,
표고버섯균사체,90000,,하이베이스,보통,거래처 카탈로그,표고버섯,247-250쪽 3-1. 취급원료 목록-1(하이베이스).xlsx,
미역귀후코이단,600000,,하이베이스,보통,거래처 카탈로그,후코이단,247-250쪽 3-1. 취급원료 목록-1(하이베이스).xlsx,
다시마후코이단,500000,,하이베이스,보통,거래처 카탈로그,후코이단,247-250쪽 3-1. 취급원료 목록-1(하이베이스).xlsx,
미역귀후코이단,600000,,대덕약업,보통,거래처 카탈로그,후코이단,취급 품목 리스트(대덕약업).pdf,일본
다시마후코이단,500000,,대덕약업,보통,거래처 카탈로그,후코이단,취급 품목 리스트(대덕약업).pdf,일본
락토페린 5kg,1250000,뉴질랜드,"담원, 마음",보통,프라임H&B 중개리스트,락토페린농축물 (순도 100% 이상),0.12월_프라임H&B 상품소개서(공유용).xlsx,뉴질랜드
리포좀비타민C,140000,폴란드,키오코리아,보통,프라임H&B 중개리스트,비타민C,0.12월_프라임H&B 상품소개서(공유용).xlsx,중국
리포좀비타민C70%,147000,미국,키오코리아,보통,프라임H&B 중개리스트,비타민C,0.12월_프라임H&B 상품소개서(공유용).xlsx,중국
밀크씨슬,98000,미국,엔바이오텍,보통,프라임H&B 중개리스트,유기농 밀크씨슬,0.12월_프라임H&B 상품소개서(공유용).xlsx,
밀크씨슬,72000,중국,엔바이오텍,보통,프라임H&B 중개리스트,유기농 밀크씨슬,0.12월_프라임H&B 상품소개서(공유용).xlsx,
밀크씨슬(유기농),390000,미국,엔바이오텍,보통,프라임H&B 중개리스트,유기농 밀크씨슬,0.12월_프라임H&B 상품소개서(공유용).xlsx,
밀크씨슬(유기농),450000,스페인,엔바이오텍,보통,프라임H&B 중개리스트,유기농 밀크씨슬,0.12월_프라임H&B 상품소개서(공유용).xlsx,
리포좀비타민C,140000,폴란드,DH솔루션,보통,프라임H&B 중개리스트,비타민C (ASCORBIC ACID FINE FOWDER),0.12월_프라임H&B 상품소개서(공유용).xlsx,영국
리포좀비타민C70%,147000,미국,DH솔루션,보통,프라임H&B 중개리스트,비타민C (ASCORBIC ACID FINE FOWDER),0.12월_프라임H&B 상품소개서(공유용).xlsx,영국
리포좀비타민C,140000,폴란드,세일인터내쇼날,보통,프라임H&B 중개리스트,비타민C (ASCORBIC ACID FINE FOWDER),0.12월_프라임H&B 상품소개서(공유용).xlsx,영국
리포좀비타민C70%,147000,미국,세일인터내쇼날,보통,프라임H&B 중개리스트,비타민C (ASCORBIC ACID FINE FOWDER),0.12월_프라임H&B 상품소개서(공유용).xlsx,영국
엘라스틴가수분해물,260000,미국,태성,보통,거래처 카탈로그,엘라스틴 가수분해물 ELASTIN,태성 수입원료(아이템 리스트) _ 23.08.21.xlsx,미국
가르시니아캄보지아,42000,인도,BTC,보통,거래처 카탈로그,가르시니아(수용성) (가르시니아캄보지아),(BTC) 취급원료 리스트.xlsx,인도산
가르시니아캄보지아,32000,인도,BTC,보통,거래처 카탈로그,가르시니아(수용성) (가르시니아캄보지아),(BTC) 취급원료 리스트.xlsx,인도산
글루타치온건조효모,31000,에스토니아,BTC,보통,거래처 카탈로그,글루타치온 50%,(BTC) 취급원료 리스트.xlsx,중국산
글루타치온건조효모,160000,중국,BTC,보통,거래처 카탈로그,글루타치온 50%,(BTC) 취급원료 리스트.xlsx,중국산
글루타치온건조효모,220000,중국,BTC,보통,거래처 카탈로그,글루타치온 50%,(BTC) 취급원료 리스트.xlsx,중국산
글루타치온건조효모,680000,,BTC,보통,거래처 카탈로그,글루타치온 50%,(BTC) 취급원료 리스트.xlsx,중국산
글루타치온건조효모(리포조말)(미국),500000,미국,BTC,보통,거래처 카탈로그,글루타치온 50%,(BTC) 취급원료 리스트.xlsx,중국산
글루타치온건조효모(캐나다),400000,캐나다,BTC,보통,거래처 카탈로그,글루타치온 50%,(BTC) 취급원료 리스트.xlsx,중국산
글루타치온건조효모(50%)(네덜란드),370000,네덜란드,BTC,보통,거래처 카탈로그,글루타치온 50%,(BTC) 취급원료 리스트.xlsx,중국산
글루타치온건조효모(85%)(인도산),380000,인도,BTC,보통,거래처 카탈로그,글루타치온 50%,(BTC) 취급원료 리스트.xlsx,중국산
글루타치온건조효모(50%인도산),280000,인도,BTC,보통,거래처 카탈로그,글루타치온 50%,(BTC) 취급원료 리스트.xlsx,중국산
글루타치온건조효모(리포조말)(미국),600000,미국,BTC,보통,거래처 카탈로그,글루타치온 50%,(BTC) 취급원료 리스트.xlsx,중국산
글루타치온건조효모(엥겔비타GSH),18000,에스토니아,BTC,보통,거래처 카탈로그,글루타치온 50%,(BTC) 취급원료 리스트.xlsx,중국산
옥타코사놀추출분말(60%),600000,미국,하이베이스,보통,거래처 카탈로그,옥타코사놀(Octacosanol:분말),251-255쪽 3-2. 직수입원료 목록-1(하이베이스).xlsx,중국
옥타코사놀추출분말,110000,인도,하이베이스,보통,거래처 카탈로그,옥타코사놀(Octacosanol:분말),251-255쪽 3-2. 직수입원료 목록-1(하이베이스).xlsx,중국
히알루론산혼합제제,140000,,하이베이스,보통,거래처 카탈로그,히알루론산(Hyalronic Acid:저분자),251-255쪽 3-2. 직수입원료 목록-1(하이베이스).xlsx,중국
발효홍삼농축액분말(6년근),260000,,바른에프피,보통,거래처 카탈로그,홍삼농축액(4년근),바른에프피 품목리스트(카무트글루텐분해효소 24.02.05).xlsx,국산
보스웰리아,43000,,바른에프피,보통,거래처 카탈로그,보스웰리아추출분말,바른에프피 품목리스트(카무트글루텐분해효소 24.02.05).xlsx,인도
히알루론산혼합제제,140000,,바른에프피,보통,거래처 카탈로그,히알루론산,바른에프피 품목리스트(카무트글루텐분해효소 24.02.05).xlsx,중국
모로오렌지,75000,폴란드,올담식품,보통,거래처 카탈로그,모로오렌지농축분말,올담식품 리스트.xlsx,이스라엘산
모로오렌지,16000,이탈리아,올담식품,보통,거래처 카탈로그,모로오렌지농축분말,올담식품 리스트.xlsx,이스라엘산
모로오렌지,15000,,올담식품,보통,거래처 카탈로그,모로오렌지농축분말,올담식품 리스트.xlsx,이스라엘산
모로오렌지,55000,폴란드,올담식품,보통,거래처 카탈로그,모로오렌지농축분말,올담식품 리스트.xlsx,이스라엘산
모로오렌지,18000,이스라엘,올담식품,보통,거래처 카탈로그,모로오렌지농축분말,올담식품 리스트.xlsx,이스라엘산
구기자분말,65000,,올담식품,보통,거래처 카탈로그,홍국발효구기자분말,올담식품 리스트.xlsx,혼합
발효홍삼농축액분말(6년근),260000,,해찬솔,보통,거래처 카탈로그,홍삼농축액,해찬솔푸드-품목리스트(통합)(24.03.27).pdf,국산
모로오렌지,75000,폴란드,해찬솔,보통,거래처 카탈로그,모로오렌지추출분말,해찬솔푸드-품목리스트(통합)(24.03.27).pdf,이스라엘산
모로오렌지,16000,이탈리아,해찬솔,보통,거래처 카탈로그,모로오렌지추출분말,해찬솔푸드-품목리스트(통합)(24.03.27).pdf,이스라엘산
모로오렌지,15000,,해찬솔,보통,거래처 카탈로그,모로오렌지추출분말,해찬솔푸드-품목리스트(통합)(24.03.27).pdf,이스라엘산
모로오렌지,55000,폴란드,해찬솔,보통,거래처 카탈로그,모로오렌지추출분말,해찬솔푸드-품목리스트(통합)(24.03.27).pdf,이스라엘산
모로오렌지,18000,이스라엘,해찬솔,보통,거래처 카탈로그,모로오렌지추출분말,해찬솔푸드-품목리스트(통합)(24.03.27).pdf,이스라엘산
옥수수수염,42000,,해찬솔,보통,거래처 카탈로그,옥수수수염추출분말,해찬솔푸드-품목리스트(통합)(24.03.27).pdf,국산
구기자분말,65000,,해찬솔,보통,거래처 카탈로그,홍국발효구기자분말,해찬솔푸드-품목리스트(통합)(24.03.27).pdf,국산
옥수수수염,42000,,태왕물산,보통,거래처 카탈로그,옥수수수염추출분말,태왕물산 주식회사_식첨 품목.xlsx,국산
히알루론산혼합제제,140000,,태왕물산,보통,거래처 카탈로그,히알루론산,태왕물산 주식회사_식첨 품목.xlsx,중국
옥수수수염,42000,,동일팜텍,보통,거래처 카탈로그,옥수수수염추출분말,동일팜텍 품목리스트_2024.pdf,국산
가시오가피추출분말,30000,국산,하이베이스,보통,거래처 카탈로그,가시오가피,247-250쪽 3-1. 취급원료 목록-1(하이베이스).xlsx,
글루타치온건조효모,31000,에스토니아,하이베이스,보통,거래처 카탈로그,글루타치온(효모),247-250쪽 3-1. 취급원료 목록-1(하이베이스).xlsx,
글루타치온건조효모,160000,중국,하이베이스,보통,거래처 카탈로그,글루타치온(효모),247-250쪽 3-1. 취급원료 목록-1(하이베이스).xlsx,
글루타치온건조효모,220000,중국,하이베이스,보통,거래처 카탈로그,글루타치온(효모),247-250쪽 3-1. 취급원료 목록-1(하이베이스).xlsx,
글루타치온건조효모,680000,,하이베이스,보통,거래처 카탈로그,글루타치온(효모),247-250쪽 3-1. 취급원료 목록-1(하이베이스).xlsx,
글루타치온건조효모(리포조말)(미국),500000,미국,하이베이스,보통,거래처 카탈로그,글루타치온(효모),247-250쪽 3-1. 취급원료 목록-1(하이베이스).xlsx,
글루타치온건조효모(캐나다),400000,캐나다,하이베이스,보통,거래처 카탈로그,글루타치온(효모),247-250쪽 3-1. 취급원료 목록-1(하이베이스).xlsx,
글루타치온건조효모(50%)(네덜란드),370000,네덜란드,하이베이스,보통,거래처 카탈로그,글루타치온(효모),247-250쪽 3-1. 취급원료 목록-1(하이베이스).xlsx,
글루타치온건조효모(85%)(인도산),380000,인도,하이베이스,보통,거래처 카탈로그,글루타치온(효모),247-250쪽 3-1. 취급원료 목록-1(하이베이스).xlsx,
글루타치온건조효모(50%인도산),280000,인도,하이베이스,보통,거래처 카탈로그,글루타치온(효모),247-250쪽 3-1. 취급원료 목록-1(하이베이스).xlsx,
글루타치온건조효모(리포조말)(미국),600000,미국,하이베이스,보통,거래처 카탈로그,글루타치온(효모),247-250쪽 3-1. 취급원료 목록-1(하이베이스).xlsx,
글루타치온건조효모(엥겔비타GSH),18000,에스토니아,하이베이스,보통,거래처 카탈로그,글루타치온(효모),247-250쪽 3-1. 취급원료 목록-1(하이베이스).xlsx,
대두레시틴추출분말,26000,인도,하이베이스,보통,거래처 카탈로그,대두레시틴(분말),247-250쪽 3-1. 취급원료 목록-1(하이베이스).xlsx,
곤약감자세라마이드,2000000,중국,하이베이스,보통,거래처 카탈로그,"세라마이드(우유,쌀,밀등)",247-250쪽 3-1. 취급원료 목록-1(하이베이스).xlsx,
옥수수수염추출분말,25000,,하이베이스,보통,거래처 카탈로그,옥수수수염,247-250쪽 3-1. 취급원료 목록-1(하이베이스).xlsx,
호로파종자추출분말,110000,인도,하이베이스,보통,거래처 카탈로그,호로파종자,247-250쪽 3-1. 취급원료 목록-1(하이베이스).xlsx,
발효홍삼농축액분말(6년근),260000,,하이베이스,보통,거래처 카탈로그,홍삼농축액,247-250쪽 3-1. 취급원료 목록-1(하이베이스).xlsx,
히비스커스추출분말,80000,독일,하이베이스,보통,거래처 카탈로그,히비스커스,247-250쪽 3-1. 취급원료 목록-1(하이베이스).xlsx,
대두레시틴추출분말,26000,인도,향림산업,보통,거래처 카탈로그,대두레시틴(분말),향림산업 전제품리스트.pdf,인도
옥타코사놀추출분말(60%),600000,미국,지큐바이오,보통,거래처 카탈로그,옥타코사놀,지큐바이오_취급원료 리스트_ver0011.pdf,중국 미국
옥타코사놀추출분말,110000,인도,지큐바이오,보통,거래처 카탈로그,옥타코사놀,지큐바이오_취급원료 리스트_ver0011.pdf,중국 미국
모로오렌지,75000,폴란드,비카인,보통,프라임H&B 중개리스트,모로오렌지 추출분말 (C3G 함유),0.12월_프라임H&B 상품소개서(공유용).xlsx,폴란드
모로오렌지,16000,이탈리아,비카인,보통,프라임H&B 중개리스트,모로오렌지 추출분말 (C3G 함유),0.12월_프라임H&B 상품소개서(공유용).xlsx,폴란드
모로오렌지,15000,,비카인,보통,프라임H&B 중개리스트,모로오렌지 추출분말 (C3G 함유),0.12월_프라임H&B 상품소개서(공유용).xlsx,폴란드
모로오렌지,55000,폴란드,비카인,보통,프라임H&B 중개리스트,모로오렌지 추출분말 (C3G 함유),0.12월_프라임H&B 상품소개서(공유용).xlsx,폴란드
모로오렌지,18000,이스라엘,비카인,보통,프라임H&B 중개리스트,모로오렌지 추출분말 (C3G 함유),0.12월_프라임H&B 상품소개서(공유용).xlsx,폴란드
그린커피빈,600000,국산,비카인,보통,프라임H&B 중개리스트,그린커피빈 추출분말,0.12월_프라임H&B 상품소개서(공유용).xlsx,인도
그린커피빈,700000,,비카인,보통,프라임H&B 중개리스트,그린커피빈 추출분말,0.12월_프라임H&B 상품소개서(공유용).xlsx,인도
보스웰리아,43000,,비카인,보통,프라임H&B 중개리스트,보스웰리아 추출분말 (보스웰릭산 65%),0.12월_프라임H&B 상품소개서(공유용).xlsx,인도
보스웰리아,43000,,프라임에이치앤비,보통,프라임H&B 중개리스트,보스웰리아 추출분말 (보스웰릭산 75%),0.12월_프라임H&B 상품소개서(공유용).xlsx,인도
히알루론산혼합제제,140000,,청우라이프사이언스,보통,프라임H&B 중개리스트,히알루론산 (Hyaluronic Acid) (100%),0.12월_프라임H&B 상품소개서(공유용).xlsx,중국
히알루론산,440000,미국,DH솔루션,보통,프라임H&B 중개리스트,히알루론산혼합제제 (10%),0.12월_프라임H&B 상품소개서(공유용).xlsx,중국
히알루론산,370000,미국,DH솔루션,보통,프라임H&B 중개리스트,히알루론산혼합제제 (10%),0.12월_프라임H&B 상품소개서(공유용).xlsx,중국
히알루론산,275000,중국,DH솔루션,보통,프라임H&B 중개리스트,히알루론산혼합제제 (10%),0.12월_프라임H&B 상품소개서(공유용).xlsx,중국
구기자분말,65000,,해찬솔푸드,보통,프라임H&B 중개리스트,홍국발효구기자분말,0.12월_프라임H&B 상품소개서(공유용).xlsx,국내산
모로블러드오렌지농축액,9700,이탈리아,태왕물산,보통,거래처 카탈로그,오렌지농축액,태왕물산 주식회사_식첨 품목.xlsx,국산
야채혼합분말(과일),84000,미국,지큐바이오,보통,거래처 카탈로그,유기농과일야채혼합분말,지큐바이오_취급원료 리스트_ver0011.pdf,미국
프락토올리고당,8000,중국,건기,보통,프라임H&B 중개리스트,[건기] 프락토올리고당 분말 (프락토올리고당 950mg),0.12월_프라임H&B 상품소개서(공유용).xlsx,인도/국산
글루타치온(L)효모추출물,160000,중국,BTC,보통,거래처 카탈로그,글루타치온 50%,(BTC) 취급원료 리스트.xlsx,중국산
갈근분말,14000,중국,바이오케어,보통,거래처 카탈로그,갈근,(주)바이오케어 식품원료리스트 .pdf,국산/수입
갈근분말,12000,중국,바이오케어,보통,거래처 카탈로그,갈근,(주)바이오케어 식품원료리스트 .pdf,국산/수입
감초분말,14000,,바이오케어,보통,거래처 카탈로그,감초,(주)바이오케어 식품원료리스트 .pdf,국산/우즈벡
감초분말,15000,우즈베키스탄,바이오케어,보통,거래처 카탈로그,감초,(주)바이오케어 식품원료리스트 .pdf,국산/우즈벡
구기자농축액,28000,국산,바이오케어,보통,거래처 카탈로그,구기자,(주)바이오케어 식품원료리스트 .pdf,국산/수입
녹차분말,26000,국산,바이오케어,보통,거래처 카탈로그,녹차,(주)바이오케어 식품원료리스트 .pdf,국산
녹차분말,22000,국산,바이오케어,보통,거래처 카탈로그,녹차,(주)바이오케어 식품원료리스트 .pdf,국산
도라지추출물,21000,,바이오케어,보통,거래처 카탈로그,도라지,(주)바이오케어 식품원료리스트 .pdf,국산/수입
두충분말,15000,국산,바이오케어,보통,거래처 카탈로그,두충,(주)바이오케어 식품원료리스트 .pdf,국산/수입
복령분말,22000,중국,바이오케어,보통,거래처 카탈로그,복령,(주)바이오케어 식품원료리스트 .pdf,국산/수입
산약분말,24000,,바이오케어,보통,거래처 카탈로그,산약,(주)바이오케어 식품원료리스트 .pdf,국산/수입
산약분말,26000,중국,바이오케어,보통,거래처 카탈로그,산약,(주)바이오케어 식품원료리스트 .pdf,국산/수입
산약분말,27500,중국,바이오케어,보통,거래처 카탈로그,산약,(주)바이오케어 식품원료리스트 .pdf,국산/수입
솔잎분말,20000,,바이오케어,보통,거래처 카탈로그,솔잎,(주)바이오케어 식품원료리스트 .pdf,국산
새싹보리추출분말,29000,국산,바이오케어,보통,거래처 카탈로그,새싹보리,(주)바이오케어 식품원료리스트 .pdf,국산
숙지황농축액,20000,중국,바이오케어,보통,거래처 카탈로그,숙지황,(주)바이오케어 식품원료리스트 .pdf,국산/수입
숙지황엑기스,75000,국산,바이오케어,보통,거래처 카탈로그,숙지황,(주)바이오케어 식품원료리스트 .pdf,국산/수입
여주분말,48000,국산,바이오케어,보통,거래처 카탈로그,여주,(주)바이오케어 식품원료리스트 .pdf,국산유기농
여주분말(유기농),40000,,바이오케어,보통,거래처 카탈로그,여주,(주)바이오케어 식품원료리스트 .pdf,국산유기농
우슬분말(쇠무릎),27500,,바이오케어,보통,거래처 카탈로그,우슬,(주)바이오케어 식품원료리스트 .pdf,국산/수입
적하수오추출분말,60000,,바이오케어,보통,거래처 카탈로그,적하수오,(주)바이오케어 식품원료리스트 .pdf,중국
핑거루트 추출분말(개별인정형),330000,,바이오케어,보통,거래처 카탈로그,핑거루트,(주)바이오케어 식품원료리스트 .pdf,인도네시아
핑거루트추출분말,300000,,바이오케어,보통,거래처 카탈로그,핑거루트,(주)바이오케어 식품원료리스트 .pdf,인도네시아
폴리감마글루탐산,400000,대만,하이베이스,보통,거래처 카탈로그,글루탐산(L-Glutamic Acid),251-255쪽 3-2. 직수입원료 목록-1(하이베이스).xlsx,중국
마리골드,95000,미국,하이베이스,보통,거래처 카탈로그,마리골드추출분말,251-255쪽 3-2. 직수입원료 목록-1(하이베이스).xlsx,인도
발레리안,140000,프랑스,하이베이스,보통,거래처 카탈로그,발레리안추출분말(쥐오줌풀),251-255쪽 3-2. 직수입원료 목록-1(하이베이스).xlsx,이태리
마리골드,95000,미국,바른에프피,보통,거래처 카탈로그,마리골드꽃추출물 (루테인),바른에프피 품목리스트(카무트글루텐분해효소 24.02.05).xlsx,미국
칼슘(구연산),17000,미국,바른에프피,보통,거래처 카탈로그,어골칼슘,바른에프피 품목리스트(카무트글루텐분해효소 24.02.05).xlsx,일본
칼슘(밀크칼슘),20000,뉴질랜드,바른에프피,보통,거래처 카탈로그,어골칼슘,바른에프피 품목리스트(카무트글루텐분해효소 24.02.05).xlsx,일본
칼슘(밀크칼슘),17000,독일,바른에프피,보통,거래처 카탈로그,어골칼슘,바른에프피 품목리스트(카무트글루텐분해효소 24.02.05).xlsx,일본
칼슘(산호),20000,미국,바른에프피,보통,거래처 카탈로그,어골칼슘,바른에프피 품목리스트(카무트글루텐분해효소 24.02.05).xlsx,일본
칼슘(산호),24000,미국,바른에프피,보통,거래처 카탈로그,어골칼슘,바른에프피 품목리스트(카무트글루텐분해효소 24.02.05).xlsx,일본
칼슘(어골),38000,미국,바른에프피,보통,거래처 카탈로그,어골칼슘,바른에프피 품목리스트(카무트글루텐분해효소 24.02.05).xlsx,일본
칼슘(탄산),2500,일본,바른에프피,보통,거래처 카탈로그,어골칼슘,바른에프피 품목리스트(카무트글루텐분해효소 24.02.05).xlsx,일본
칼슘(해조),9500,프랑스,바른에프피,보통,거래처 카탈로그,어골칼슘,바른에프피 품목리스트(카무트글루텐분해효소 24.02.05).xlsx,일본
활성엽산,27500,이탈리아,바른에프피,보통,거래처 카탈로그,엽산,바른에프피 품목리스트(카무트글루텐분해효소 24.02.05).xlsx,스위스
토코페롤(DA),93000,프랑스,바른에프피,보통,거래처 카탈로그,D-α-토코페롤,바른에프피 품목리스트(카무트글루텐분해효소 24.02.05).xlsx,미국
토코페롤(포도씨유),6500,스페인,바른에프피,보통,거래처 카탈로그,D-α-토코페롤,바른에프피 품목리스트(카무트글루텐분해효소 24.02.05).xlsx,미국
"유산균(고초균,당화균)(subtillus)",55000,,바른에프피,보통,거래처 카탈로그,사과박유산균,바른에프피 품목리스트(카무트글루텐분해효소 24.02.05).xlsx,국산
유산균(국내산구강유산균),1200000,,바른에프피,보통,거래처 카탈로그,사과박유산균,바른에프피 품목리스트(카무트글루텐분해효소 24.02.05).xlsx,국산
유산균(낙산균)(글스트리움부틸리콤미야이리2),600000,,바른에프피,보통,거래처 카탈로그,사과박유산균,바른에프피 품목리스트(카무트글루텐분해효소 24.02.05).xlsx,국산
유산균(다니스코),650000,,바른에프피,보통,거래처 카탈로그,사과박유산균,바른에프피 품목리스트(카무트글루텐분해효소 24.02.05).xlsx,국산
유산균(당화균),45000,,바른에프피,보통,거래처 카탈로그,사과박유산균,바른에프피 품목리스트(카무트글루텐분해효소 24.02.05).xlsx,국산
유산균(대만산구강유산균),1500000,대만,바른에프피,보통,거래처 카탈로그,사과박유산균,바른에프피 품목리스트(카무트글루텐분해효소 24.02.05).xlsx,국산
유산균(디글루GLU70),120000,,바른에프피,보통,거래처 카탈로그,사과박유산균,바른에프피 품목리스트(카무트글루텐분해효소 24.02.05).xlsx,국산
유산균(디글루MB0601),120000,,바른에프피,보통,거래처 카탈로그,사과박유산균,바른에프피 품목리스트(카무트글루텐분해효소 24.02.05).xlsx,국산
유산균(락토바실러스 애시도 필루스),290000,,바른에프피,보통,거래처 카탈로그,사과박유산균,바른에프피 품목리스트(카무트글루텐분해효소 24.02.05).xlsx,국산
유산균(락토바실러스 카제이),500000,,바른에프피,보통,거래처 카탈로그,사과박유산균,바른에프피 품목리스트(카무트글루텐분해효소 24.02.05).xlsx,국산
유산균(락토바실러스코오귤런스),470000,,바른에프피,보통,거래처 카탈로그,사과박유산균,바른에프피 품목리스트(카무트글루텐분해효소 24.02.05).xlsx,국산
유산균(락토바실러스파라카제이),1500000,,바른에프피,보통,거래처 카탈로그,사과박유산균,바른에프피 품목리스트(카무트글루텐분해효소 24.02.05).xlsx,국산
유산균(락토바실러스플란타룸),490000,,바른에프피,보통,거래처 카탈로그,사과박유산균,바른에프피 품목리스트(카무트글루텐분해효소 24.02.05).xlsx,국산
유산균(루테리),400000,,바른에프피,보통,거래처 카탈로그,사과박유산균,바른에프피 품목리스트(카무트글루텐분해효소 24.02.05).xlsx,국산
유산균(루테리)(엘2),140000,,바른에프피,보통,거래처 카탈로그,사과박유산균,바른에프피 품목리스트(카무트글루텐분해효소 24.02.05).xlsx,국산
유산균(미야리균)(낙산균),500000,,바른에프피,보통,거래처 카탈로그,사과박유산균,바른에프피 품목리스트(카무트글루텐분해효소 24.02.05).xlsx,국산
유산균(보울라디유산균),280000,,바른에프피,보통,거래처 카탈로그,사과박유산균,바른에프피 품목리스트(카무트글루텐분해효소 24.02.05).xlsx,국산
유산균(비피도박테리움 브레브),390000,,바른에프피,보통,거래처 카탈로그,사과박유산균,바른에프피 품목리스트(카무트글루텐분해효소 24.02.05).xlsx,국산
유산균(비피도박테리움 애니멀리스 락티스),340000,,바른에프피,보통,거래처 카탈로그,사과박유산균,바른에프피 품목리스트(카무트글루텐분해효소 24.02.05).xlsx,국산
유산균(비피도박테리움비피덤),170000,,바른에프피,보통,거래처 카탈로그,사과박유산균,바른에프피 품목리스트(카무트글루텐분해효소 24.02.05).xlsx,국산
유산균(알러지),1300000,,바른에프피,보통,거래처 카탈로그,사과박유산균,바른에프피 품목리스트(카무트글루텐분해효소 24.02.05).xlsx,국산
"유산균(비염,면역)",1500000,,바른에프피,보통,거래처 카탈로그,사과박유산균,바른에프피 품목리스트(카무트글루텐분해효소 24.02.05).xlsx,국산
유산균(엔테코커스페슘분말),510000,,바른에프피,보통,거래처 카탈로그,사과박유산균,바른에프피 품목리스트(카무트글루텐분해효소 24.02.05).xlsx,국산
유산균(질유산균8종VL8),890000,,바른에프피,보통,거래처 카탈로그,사과박유산균,바른에프피 품목리스트(카무트글루텐분해효소 24.02.05).xlsx,국산
유산균(항비만유산균 10종혼합유산균F2200),1800000,,바른에프피,보통,거래처 카탈로그,사과박유산균,바른에프피 품목리스트(카무트글루텐분해효소 24.02.05).xlsx,국산
유산균(혼합분말)(17종),340000,,바른에프피,보통,거래처 카탈로그,사과박유산균,바른에프피 품목리스트(카무트글루텐분해효소 24.02.05).xlsx,국산
글루타치온(L)효모추출물,160000,중국,바른에프피,보통,거래처 카탈로그,효모추출물,바른에프피 품목리스트(카무트글루텐분해효소 24.02.05).xlsx,중국
마리골드,95000,미국,올담식품,보통,거래처 카탈로그,마리골드추출분말,올담식품 리스트.xlsx,국산
마리골드,95000,미국,해찬솔,보통,거래처 카탈로그,마리골드추출분말,해찬솔푸드-품목리스트(통합)(24.03.27).pdf,이집트산
마리골드,95000,미국,태왕물산,보통,거래처 카탈로그,마리골드추출분말,태왕물산 주식회사_식첨 품목.xlsx,캐나다
칼슘(구연산),17000,미국,태왕물산,보통,거래처 카탈로그,밀크칼슘(Calcium Milk),태왕물산 주식회사_식첨 품목.xlsx,프랑스
칼슘(밀크칼슘),20000,뉴질랜드,태왕물산,보통,거래처 카탈로그,밀크칼슘(Calcium Milk),태왕물산 주식회사_식첨 품목.xlsx,프랑스
칼슘(밀크칼슘),17000,독일,태왕물산,보통,거래처 카탈로그,밀크칼슘(Calcium Milk),태왕물산 주식회사_식첨 품목.xlsx,프랑스
칼슘(산호),20000,미국,태왕물산,보통,거래처 카탈로그,밀크칼슘(Calcium Milk),태왕물산 주식회사_식첨 품목.xlsx,프랑스
칼슘(산호),24000,미국,태왕물산,보통,거래처 카탈로그,밀크칼슘(Calcium Milk),태왕물산 주식회사_식첨 품목.xlsx,프랑스
칼슘(어골),38000,미국,태왕물산,보통,거래처 카탈로그,밀크칼슘(Calcium Milk),태왕물산 주식회사_식첨 품목.xlsx,프랑스
칼슘(탄산),2500,일본,태왕물산,보통,거래처 카탈로그,밀크칼슘(Calcium Milk),태왕물산 주식회사_식첨 품목.xlsx,프랑스
칼슘(해조),9500,프랑스,태왕물산,보통,거래처 카탈로그,밀크칼슘(Calcium Milk),태왕물산 주식회사_식첨 품목.xlsx,프랑스
빌베리추출물,77000,폴란드,태왕물산,보통,거래처 카탈로그,빌베리,태왕물산 주식회사_식첨 품목.xlsx,핀란드
빌베리추출물,950000,인도,태왕물산,보통,거래처 카탈로그,빌베리,태왕물산 주식회사_식첨 품목.xlsx,핀란드
활성엽산,27500,이탈리아,태왕물산,보통,거래처 카탈로그,엽산(FOLIC ACID),태왕물산 주식회사_식첨 품목.xlsx,스위스
마카분말(블랙),25000,페루,태왕물산,보통,거래처 카탈로그,마카(MACA),태왕물산 주식회사_식첨 품목.xlsx,페루
마카분말(레드),75000,,태왕물산,보통,거래처 카탈로그,마카(MACA),태왕물산 주식회사_식첨 품목.xlsx,페루
홍경천,330000,독일,태왕물산,보통,거래처 카탈로그,홍경천추출물,태왕물산 주식회사_식첨 품목.xlsx,
대두단백추출분말,14000,중국,태왕물산,보통,거래처 카탈로그,대두단백,태왕물산 주식회사_식첨 품목.xlsx,
밀크씨슬,98000,미국,동일팜텍,보통,거래처 카탈로그,밀크씨슬추출분말,동일팜텍 품목리스트_2024.pdf,프랑스
밀크씨슬,72000,중국,동일팜텍,보통,거래처 카탈로그,밀크씨슬추출분말,동일팜텍 품목리스트_2024.pdf,프랑스
밀크씨슬(유기농),390000,미국,동일팜텍,보통,거래처 카탈로그,밀크씨슬추출분말,동일팜텍 품목리스트_2024.pdf,프랑스
밀크씨슬(유기농),450000,스페인,동일팜텍,보통,거래처 카탈로그,밀크씨슬추출분말,동일팜텍 품목리스트_2024.pdf,프랑스
마리골드,95000,미국,동일팜텍,보통,거래처 카탈로그,마리골드꽃추출물,동일팜텍 품목리스트_2024.pdf,프랑스
사균체(포스트바이오틱스),60000,,동일팜텍,보통,거래처 카탈로그,사균체유산균(BF bifidum),동일팜텍 품목리스트_2024.pdf,벨기에
사균체(포스트바이오틱스),2000000,일본,동일팜텍,보통,거래처 카탈로그,사균체유산균(BF bifidum),동일팜텍 품목리스트_2024.pdf,벨기에
"유산균(고초균,당화균)(subtillus)",55000,,동일팜텍,보통,거래처 카탈로그,사균체유산균(BF bifidum),동일팜텍 품목리스트_2024.pdf,벨기에
유산균(국내산구강유산균),1200000,,동일팜텍,보통,거래처 카탈로그,사균체유산균(BF bifidum),동일팜텍 품목리스트_2024.pdf,벨기에
유산균(낙산균)(글스트리움부틸리콤미야이리2),600000,,동일팜텍,보통,거래처 카탈로그,사균체유산균(BF bifidum),동일팜텍 품목리스트_2024.pdf,벨기에
유산균(다니스코),650000,,동일팜텍,보통,거래처 카탈로그,사균체유산균(BF bifidum),동일팜텍 품목리스트_2024.pdf,벨기에
유산균(당화균),45000,,동일팜텍,보통,거래처 카탈로그,사균체유산균(BF bifidum),동일팜텍 품목리스트_2024.pdf,벨기에
유산균(대만산구강유산균),1500000,대만,동일팜텍,보통,거래처 카탈로그,사균체유산균(BF bifidum),동일팜텍 품목리스트_2024.pdf,벨기에
유산균(디글루GLU70),120000,,동일팜텍,보통,거래처 카탈로그,사균체유산균(BF bifidum),동일팜텍 품목리스트_2024.pdf,벨기에
유산균(디글루MB0601),120000,,동일팜텍,보통,거래처 카탈로그,사균체유산균(BF bifidum),동일팜텍 품목리스트_2024.pdf,벨기에
유산균(락토바실러스 애시도 필루스),290000,,동일팜텍,보통,거래처 카탈로그,사균체유산균(BF bifidum),동일팜텍 품목리스트_2024.pdf,벨기에
유산균(락토바실러스 카제이),500000,,동일팜텍,보통,거래처 카탈로그,사균체유산균(BF bifidum),동일팜텍 품목리스트_2024.pdf,벨기에
유산균(락토바실러스코오귤런스),470000,,동일팜텍,보통,거래처 카탈로그,사균체유산균(BF bifidum),동일팜텍 품목리스트_2024.pdf,벨기에
유산균(락토바실러스파라카제이),1500000,,동일팜텍,보통,거래처 카탈로그,사균체유산균(BF bifidum),동일팜텍 품목리스트_2024.pdf,벨기에
유산균(락토바실러스플란타룸),490000,,동일팜텍,보통,거래처 카탈로그,사균체유산균(BF bifidum),동일팜텍 품목리스트_2024.pdf,벨기에
유산균(루테리),400000,,동일팜텍,보통,거래처 카탈로그,사균체유산균(BF bifidum),동일팜텍 품목리스트_2024.pdf,벨기에
유산균(루테리)(엘2),140000,,동일팜텍,보통,거래처 카탈로그,사균체유산균(BF bifidum),동일팜텍 품목리스트_2024.pdf,벨기에
유산균(미야리균)(낙산균),500000,,동일팜텍,보통,거래처 카탈로그,사균체유산균(BF bifidum),동일팜텍 품목리스트_2024.pdf,벨기에
유산균(보울라디유산균),280000,,동일팜텍,보통,거래처 카탈로그,사균체유산균(BF bifidum),동일팜텍 품목리스트_2024.pdf,벨기에
유산균(비피도박테리움 브레브),390000,,동일팜텍,보통,거래처 카탈로그,사균체유산균(BF bifidum),동일팜텍 품목리스트_2024.pdf,벨기에
유산균(비피도박테리움 애니멀리스 락티스),340000,,동일팜텍,보통,거래처 카탈로그,사균체유산균(BF bifidum),동일팜텍 품목리스트_2024.pdf,벨기에
유산균(비피도박테리움비피덤),170000,,동일팜텍,보통,거래처 카탈로그,사균체유산균(BF bifidum),동일팜텍 품목리스트_2024.pdf,벨기에
유산균(알러지),1300000,,동일팜텍,보통,거래처 카탈로그,사균체유산균(BF bifidum),동일팜텍 품목리스트_2024.pdf,벨기에
"유산균(비염,면역)",1500000,,동일팜텍,보통,거래처 카탈로그,사균체유산균(BF bifidum),동일팜텍 품목리스트_2024.pdf,벨기에
유산균(엔테코커스페슘분말),510000,,동일팜텍,보통,거래처 카탈로그,사균체유산균(BF bifidum),동일팜텍 품목리스트_2024.pdf,벨기에
유산균(질유산균8종VL8),890000,,동일팜텍,보통,거래처 카탈로그,사균체유산균(BF bifidum),동일팜텍 품목리스트_2024.pdf,벨기에
유산균(항비만유산균 10종혼합유산균F2200),1800000,,동일팜텍,보통,거래처 카탈로그,사균체유산균(BF bifidum),동일팜텍 품목리스트_2024.pdf,벨기에
유산균(혼합분말)(17종),340000,,동일팜텍,보통,거래처 카탈로그,사균체유산균(BF bifidum),동일팜텍 품목리스트_2024.pdf,벨기에
갈근분말,14000,중국,하이베이스,보통,거래처 카탈로그,갈근(칡),247-250쪽 3-1. 취급원료 목록-1(하이베이스).xlsx,
갈근분말,12000,중국,하이베이스,보통,거래처 카탈로그,갈근(칡),247-250쪽 3-1. 취급원료 목록-1(하이베이스).xlsx,
감초분말,14000,,하이베이스,보통,거래처 카탈로그,감초,247-250쪽 3-1. 취급원료 목록-1(하이베이스).xlsx,
감초분말,15000,우즈베키스탄,하이베이스,보통,거래처 카탈로그,감초,247-250쪽 3-1. 취급원료 목록-1(하이베이스).xlsx,
구기자농축액,28000,국산,하이베이스,보통,거래처 카탈로그,구기자,247-250쪽 3-1. 취급원료 목록-1(하이베이스).xlsx,
구아바잎분말,65000,,하이베이스,보통,거래처 카탈로그,구아바,247-250쪽 3-1. 취급원료 목록-1(하이베이스).xlsx,
구아바잎분말,15000,,하이베이스,보통,거래처 카탈로그,구아바,247-250쪽 3-1. 취급원료 목록-1(하이베이스).xlsx,
글루타치온(L)효모추출물,160000,중국,하이베이스,보통,거래처 카탈로그,글루타치온(효모),247-250쪽 3-1. 취급원료 목록-1(하이베이스).xlsx,
탈지대두,2000,,하이베이스,보통,거래처 카탈로그,"대두(백태,흑태=검은콩)",247-250쪽 3-1. 취급원료 목록-1(하이베이스).xlsx,
더덕분말,37000,국산,하이베이스,보통,거래처 카탈로그,더덕,247-250쪽 3-1. 취급원료 목록-1(하이베이스).xlsx,
두충분말,15000,국산,하이베이스,보통,거래처 카탈로그,두충,247-250쪽 3-1. 취급원료 목록-1(하이베이스).xlsx,
락추로스분말50,15000,,하이베이스,보통,거래처 카탈로그,락추로스,247-250쪽 3-1. 취급원료 목록-1(하이베이스).xlsx,
레드비트농축분말,18000,,하이베이스,보통,거래처 카탈로그,레드비트,247-250쪽 3-1. 취급원료 목록-1(하이베이스).xlsx,
레드비트농축분말,17000,,하이베이스,보통,거래처 카탈로그,레드비트,247-250쪽 3-1. 취급원료 목록-1(하이베이스).xlsx,
레몬 밤 추출물,150000,,하이베이스,보통,거래처 카탈로그,레몬밤(멜리사),247-250쪽 3-1. 취급원료 목록-1(하이베이스).xlsx,
레몬밤추출물,150000,국산,하이베이스,보통,거래처 카탈로그,레몬밤(멜리사),247-250쪽 3-1. 취급원료 목록-1(하이베이스).xlsx,
레몬밤추출물(일식원료),14000,중국,하이베이스,보통,거래처 카탈로그,레몬밤(멜리사),247-250쪽 3-1. 취급원료 목록-1(하이베이스).xlsx,
보리분말,11000,,하이베이스,보통,거래처 카탈로그,보리,247-250쪽 3-1. 취급원료 목록-1(하이베이스).xlsx,
복령분말,22000,중국,하이베이스,보통,거래처 카탈로그,복령(백복령),247-250쪽 3-1. 취급원료 목록-1(하이베이스).xlsx,
복분자농축애(65브릭스),40000,국산,하이베이스,보통,거래처 카탈로그,복분자,247-250쪽 3-1. 취급원료 목록-1(하이베이스).xlsx,
복분자농축액,25000,중국,하이베이스,보통,거래처 카탈로그,복분자,247-250쪽 3-1. 취급원료 목록-1(하이베이스).xlsx,
복분자농축액(20브릭스),65000,국산,하이베이스,보통,거래처 카탈로그,복분자,247-250쪽 3-1. 취급원료 목록-1(하이베이스).xlsx,
복숭아농축액,9500,이스라엘,하이베이스,보통,거래처 카탈로그,복숭아,247-250쪽 3-1. 취급원료 목록-1(하이베이스).xlsx,
빌베리추출물,77000,폴란드,하이베이스,보통,거래처 카탈로그,빌베리,247-250쪽 3-1. 취급원료 목록-1(하이베이스).xlsx,
빌베리추출물,950000,인도,하이베이스,보통,거래처 카탈로그,빌베리,247-250쪽 3-1. 취급원료 목록-1(하이베이스).xlsx,
사인분말,23000,베트남,하이베이스,보통,거래처 카탈로그,사인,247-250쪽 3-1. 취급원료 목록-1(하이베이스).xlsx,
산약분말,24000,,하이베이스,보통,거래처 카탈로그,산약(마),247-250쪽 3-1. 취급원료 목록-1(하이베이스).xlsx,
산약분말,26000,중국,하이베이스,보통,거래처 카탈로그,산약(마),247-250쪽 3-1. 취급원료 목록-1(하이베이스).xlsx,
산약분말,27500,중국,하이베이스,보통,거래처 카탈로그,산약(마),247-250쪽 3-1. 취급원료 목록-1(하이베이스).xlsx,
정제소금,4000,,하이베이스,보통,거래처 카탈로그,소금(정제염),247-250쪽 3-1. 취급원료 목록-1(하이베이스).xlsx,
솔잎분말,20000,,하이베이스,보통,거래처 카탈로그,솔잎(송엽),247-250쪽 3-1. 취급원료 목록-1(하이베이스).xlsx,
야채혼합농축분말(20종),17000,,하이베이스,보통,거래처 카탈로그,야채혼합,247-250쪽 3-1. 취급원료 목록-1(하이베이스).xlsx,
야채혼합농축분말(27종야채),23000,,하이베이스,보통,거래처 카탈로그,야채혼합,247-250쪽 3-1. 취급원료 목록-1(하이베이스).xlsx,
여주분말,48000,국산,하이베이스,보통,거래처 카탈로그,여주(비터멜론),247-250쪽 3-1. 취급원료 목록-1(하이베이스).xlsx,
여주분말(유기농),40000,,하이베이스,보통,거래처 카탈로그,여주(비터멜론),247-250쪽 3-1. 취급원료 목록-1(하이베이스).xlsx,
오렌지농축액,11000,미국,하이베이스,보통,거래처 카탈로그,오렌지,247-250쪽 3-1. 취급원료 목록-1(하이베이스).xlsx,
우슬분말(쇠무릎),27500,,하이베이스,보통,거래처 카탈로그,우슬(두릅),247-250쪽 3-1. 취급원료 목록-1(하이베이스).xlsx,
울금분말,9000,,하이베이스,보통,거래처 카탈로그,"울금(심황,강황)",247-250쪽 3-1. 취급원료 목록-1(하이베이스).xlsx,
울금분말,10500,인도네시아,하이베이스,보통,거래처 카탈로그,"울금(심황,강황)",247-250쪽 3-1. 취급원료 목록-1(하이베이스).xlsx,
울금분말,13000,인도,하이베이스,보통,거래처 카탈로그,"울금(심황,강황)",247-250쪽 3-1. 취급원료 목록-1(하이베이스).xlsx,
유산균사균체(구강용),150000,,하이베이스,보통,거래처 카탈로그,유산균(혼합),247-250쪽 3-1. 취급원료 목록-1(하이베이스).xlsx,
항비만 유산균,700000,,하이베이스,보통,거래처 카탈로그,유산균(혼합),247-250쪽 3-1. 취급원료 목록-1(하이베이스).xlsx,
사케이(L.sakei Probik65) 유산균,1150000,,하이베이스,보통,거래처 카탈로그,유산균(혼합),247-250쪽 3-1. 취급원료 목록-1(하이베이스).xlsx,
율무분말,22000,,하이베이스,보통,거래처 카탈로그,율무,247-250쪽 3-1. 취급원료 목록-1(하이베이스).xlsx,
율무분말,29000,,하이베이스,보통,거래처 카탈로그,율무,247-250쪽 3-1. 취급원료 목록-1(하이베이스).xlsx,
이눌린치커리,8500,벨기에,하이베이스,보통,거래처 카탈로그,이눌린(치커리식이),247-250쪽 3-1. 취급원료 목록-1(하이베이스).xlsx,
천마분말(일반),58000,중국,하이베이스,보통,거래처 카탈로그,천마,247-250쪽 3-1. 취급원료 목록-1(하이베이스).xlsx,
초유분말,50000,미국,하이베이스,보통,거래처 카탈로그,초유,247-250쪽 3-1. 취급원료 목록-1(하이베이스).xlsx,
초유분말,85000,미국,하이베이스,보통,거래처 카탈로그,초유,247-250쪽 3-1. 취급원료 목록-1(하이베이스).xlsx,
토마토추분말,15000,칠레,하이베이스,보통,거래처 카탈로그,토마토(라이코펜),247-250쪽 3-1. 취급원료 목록-1(하이베이스).xlsx,
파인애플추풀분말,85000,,하이베이스,보통,거래처 카탈로그,파인애플,247-250쪽 3-1. 취급원료 목록-1(하이베이스).xlsx,
함초분말,20500,국산,하이베이스,보통,거래처 카탈로그,함초,247-250쪽 3-1. 취급원료 목록-1(하이베이스).xlsx,
황금분말,14500,중국,하이베이스,보통,거래처 카탈로그,황금,247-250쪽 3-1. 취급원료 목록-1(하이베이스).xlsx,
건조효모,630000,미국,하이베이스,보통,거래처 카탈로그,효모(MNY),247-250쪽 3-1. 취급원료 목록-1(하이베이스).xlsx,
건조효모,13500,에스토니아,하이베이스,보통,거래처 카탈로그,효모(MNY),247-250쪽 3-1. 취급원료 목록-1(하이베이스).xlsx,
복합효소,285000,국산,하이베이스,보통,거래처 카탈로그,효소(복합),247-250쪽 3-1. 취급원료 목록-1(하이베이스).xlsx,
복합효소,145000,인도,하이베이스,보통,거래처 카탈로그,효소(복합),247-250쪽 3-1. 취급원료 목록-1(하이베이스).xlsx,
효소분말(15곡),60000,,하이베이스,보통,거래처 카탈로그,효소(복합),247-250쪽 3-1. 취급원료 목록-1(하이베이스).xlsx,
효소분말(6곡),55000,,하이베이스,보통,거래처 카탈로그,효소(복합),247-250쪽 3-1. 취급원료 목록-1(하이베이스).xlsx,
효소분말(현미),60000,,하이베이스,보통,거래처 카탈로그,효소(복합),247-250쪽 3-1. 취급원료 목록-1(하이베이스).xlsx,
효소분말(현미),52000,,하이베이스,보통,거래처 카탈로그,효소(복합),247-250쪽 3-1. 취급원료 목록-1(하이베이스).xlsx,
감초(원물),50000,국산,조은푸드텍,보통,거래처 카탈로그,감초엑스(55),조은푸드텍 제품리스트_230914.pdf,중국산
감초(원물)(우즈베키스탄),14000,,조은푸드텍,보통,거래처 카탈로그,감초엑스(55),조은푸드텍 제품리스트_230914.pdf,중국산
상어연골,48000,호주,대덕약업,보통,거래처 카탈로그,상어연골추출분말,취급 품목 리스트(대덕약업).pdf,일본
상어연골,35000,중국,대덕약업,보통,거래처 카탈로그,상어연골추출분말,취급 품목 리스트(대덕약업).pdf,일본
홍국,170000,미국,대덕약업,보통,거래처 카탈로그,홍국분말(자연유래),취급 품목 리스트(대덕약업).pdf,일본
홍국,270000,인도,대덕약업,보통,거래처 카탈로그,홍국분말(자연유래),취급 품목 리스트(대덕약업).pdf,일본
글루타민,16000,중국,대덕약업,보통,거래처 카탈로그,글루타민펩타이드(밀유래),취급 품목 리스트(대덕약업).pdf,일본
칼슘(구연산),17000,미국,대덕약업,보통,거래처 카탈로그,어골칼슘(칼슘 영양소),취급 품목 리스트(대덕약업).pdf,일본
칼슘(밀크칼슘),20000,뉴질랜드,대덕약업,보통,거래처 카탈로그,어골칼슘(칼슘 영양소),취급 품목 리스트(대덕약업).pdf,일본
칼슘(밀크칼슘),17000,독일,대덕약업,보통,거래처 카탈로그,어골칼슘(칼슘 영양소),취급 품목 리스트(대덕약업).pdf,일본
칼슘(산호),20000,미국,대덕약업,보통,거래처 카탈로그,어골칼슘(칼슘 영양소),취급 품목 리스트(대덕약업).pdf,일본
칼슘(산호),24000,미국,대덕약업,보통,거래처 카탈로그,어골칼슘(칼슘 영양소),취급 품목 리스트(대덕약업).pdf,일본
칼슘(어골),38000,미국,대덕약업,보통,거래처 카탈로그,어골칼슘(칼슘 영양소),취급 품목 리스트(대덕약업).pdf,일본
칼슘(탄산),2500,일본,대덕약업,보통,거래처 카탈로그,어골칼슘(칼슘 영양소),취급 품목 리스트(대덕약업).pdf,일본
칼슘(해조),9500,프랑스,대덕약업,보통,거래처 카탈로그,어골칼슘(칼슘 영양소),취급 품목 리스트(대덕약업).pdf,일본
토코페롤(DA),93000,프랑스,대덕약업,보통,거래처 카탈로그,천연토코페롤분말(V-E 70%),취급 품목 리스트(대덕약업).pdf,일본
토코페롤(포도씨유),6500,스페인,대덕약업,보통,거래처 카탈로그,천연토코페롤분말(V-E 70%),취급 품목 리스트(대덕약업).pdf,일본
홍경천추출물,380000,이탈리아,향림산업,보통,거래처 카탈로그,홍경천,향림산업 전제품리스트.pdf,중국
칼슘(구연산),17000,미국,향림산업,보통,거래처 카탈로그,해조칼슘,향림산업 전제품리스트.pdf,영국(원물: 아이슬랜드)
칼슘(밀크칼슘),20000,뉴질랜드,향림산업,보통,거래처 카탈로그,해조칼슘,향림산업 전제품리스트.pdf,영국(원물: 아이슬랜드)
칼슘(밀크칼슘),17000,독일,향림산업,보통,거래처 카탈로그,해조칼슘,향림산업 전제품리스트.pdf,영국(원물: 아이슬랜드)
칼슘(산호),20000,미국,향림산업,보통,거래처 카탈로그,해조칼슘,향림산업 전제품리스트.pdf,영국(원물: 아이슬랜드)
칼슘(산호),24000,미국,향림산업,보통,거래처 카탈로그,해조칼슘,향림산업 전제품리스트.pdf,영국(원물: 아이슬랜드)
칼슘(어골),38000,미국,향림산업,보통,거래처 카탈로그,해조칼슘,향림산업 전제품리스트.pdf,영국(원물: 아이슬랜드)
칼슘(탄산),2500,일본,향림산업,보통,거래처 카탈로그,해조칼슘,향림산업 전제품리스트.pdf,영국(원물: 아이슬랜드)
칼슘(해조),9500,프랑스,향림산업,보통,거래처 카탈로그,해조칼슘,향림산업 전제품리스트.pdf,영국(원물: 아이슬랜드)
효소분말(15곡),60000,,향림산업,보통,거래처 카탈로그,과채발효효소분말,향림산업 전제품리스트.pdf,국내산
효소분말(6곡),55000,,향림산업,보통,거래처 카탈로그,과채발효효소분말,향림산업 전제품리스트.pdf,국내산
효소분말(현미),60000,,향림산업,보통,거래처 카탈로그,과채발효효소분말,향림산업 전제품리스트.pdf,국내산
효소분말(현미),52000,,향림산업,보통,거래처 카탈로그,과채발효효소분말,향림산업 전제품리스트.pdf,국내산
비타민E 혼합제재,70000,,향림산업,보통,거래처 카탈로그,비타민 E,향림산업 전제품리스트.pdf,국내산
홍경천,330000,독일,지큐바이오,보통,거래처 카탈로그,홍경천 추출물,지큐바이오_취급원료 리스트_ver0011.pdf,스페인
밀크씨슬,98000,미국,지큐바이오,보통,거래처 카탈로그,밀크씨슬추출분말,지큐바이오_취급원료 리스트_ver0011.pdf,폴란드
밀크씨슬,72000,중국,지큐바이오,보통,거래처 카탈로그,밀크씨슬추출분말,지큐바이오_취급원료 리스트_ver0011.pdf,폴란드
밀크씨슬(유기농),390000,미국,지큐바이오,보통,거래처 카탈로그,밀크씨슬추출분말,지큐바이오_취급원료 리스트_ver0011.pdf,폴란드
밀크씨슬(유기농),450000,스페인,지큐바이오,보통,거래처 카탈로그,밀크씨슬추출분말,지큐바이오_취급원료 리스트_ver0011.pdf,폴란드
홍국,170000,미국,지큐바이오,보통,거래처 카탈로그,홍국분말,지큐바이오_취급원료 리스트_ver0011.pdf,중국
홍국,270000,인도,지큐바이오,보통,거래처 카탈로그,홍국분말,지큐바이오_취급원료 리스트_ver0011.pdf,중국
콜라겐(당근),70000,,지큐바이오,보통,거래처 카탈로그,저분자콜라겐,지큐바이오_취급원료 리스트_ver0011.pdf,인도
콜라겐(비변성2형),7700000,일본,지큐바이오,보통,거래처 카탈로그,저분자콜라겐,지큐바이오_취급원료 리스트_ver0011.pdf,인도
콜라겐(어린피쉬),36000,,지큐바이오,보통,거래처 카탈로그,저분자콜라겐,지큐바이오_취급원료 리스트_ver0011.pdf,인도
콜라겐(어린피쉬),46000,캐나다,지큐바이오,보통,거래처 카탈로그,저분자콜라겐,지큐바이오_취급원료 리스트_ver0011.pdf,인도
콜라겐(피쉬),24000,대만,지큐바이오,보통,거래처 카탈로그,저분자콜라겐,지큐바이오_취급원료 리스트_ver0011.pdf,인도
콜라겐(피쉬),38000,베트남,지큐바이오,보통,거래처 카탈로그,저분자콜라겐,지큐바이오_취급원료 리스트_ver0011.pdf,인도
콜라겐(피쉬),29000,,지큐바이오,보통,거래처 카탈로그,저분자콜라겐,지큐바이오_취급원료 리스트_ver0011.pdf,인도
콜라겐(피쉬),28000,국산,지큐바이오,보통,거래처 카탈로그,저분자콜라겐,지큐바이오_취급원료 리스트_ver0011.pdf,인도
초유분말,50000,미국,프라임헬스바이오,보통,프라임H&B 중개리스트,초유분말 2060 (IgG 20% 이상),0.12월_프라임H&B 상품소개서(공유용).xlsx,미국
초유분말,85000,미국,프라임헬스바이오,보통,프라임H&B 중개리스트,초유분말 2060 (IgG 20% 이상),0.12월_프라임H&B 상품소개서(공유용).xlsx,미국
침향,140000,,키오코리아,보통,프라임H&B 중개리스트,침향 분말,0.12월_프라임H&B 상품소개서(공유용).xlsx,인도네시아
침향(개성상인),85000,,키오코리아,보통,프라임H&B 중개리스트,침향 분말,0.12월_프라임H&B 상품소개서(공유용).xlsx,인도네시아
침향,42000,인도네시아,키오코리아,보통,프라임H&B 중개리스트,침향 분말,0.12월_프라임H&B 상품소개서(공유용).xlsx,인도네시아
그린커피빈,600000,국산,엔바이오텍,보통,프라임H&B 중개리스트,그린커피빈 추출물분말,0.12월_프라임H&B 상품소개서(공유용).xlsx,인도
그린커피빈,700000,,엔바이오텍,보통,프라임H&B 중개리스트,그린커피빈 추출물분말,0.12월_프라임H&B 상품소개서(공유용).xlsx,인도
사과산,6000,,해찬솔푸드,보통,프라임H&B 중개리스트,DL-사과산,0.12월_프라임H&B 상품소개서(공유용).xlsx,국산
사과산,5800,,해찬솔푸드,보통,프라임H&B 중개리스트,DL-사과산,0.12월_프라임H&B 상품소개서(공유용).xlsx,국산